name,url
pre-commit,https://files.jcrt.org/.githooks/pre-commit
9780593493205.pdf,https://files.jcrt.org/9780593493205.pdf
crockett.pdf,https://files.jcrt.org/archives/01.1/crockett.pdf
kavka.pdf,https://files.jcrt.org/archives/01.1/kavka.pdf
lambert.pdf,https://files.jcrt.org/archives/01.1/lambert.pdf
lee.pdf,https://files.jcrt.org/archives/01.1/lee.pdf
raschke.pdf,https://files.jcrt.org/archives/01.1/raschke.pdf
reinhard_lupton.pdf,https://files.jcrt.org/archives/01.1/reinhard_lupton.pdf
vahanian.pdf,https://files.jcrt.org/archives/01.1/vahanian.pdf
winquist.pdf,https://files.jcrt.org/archives/01.1/winquist.pdf
young.pdf,https://files.jcrt.org/archives/01.1/young.pdf
adcock.pdf,https://files.jcrt.org/archives/01.2/adcock.pdf
canning.pdf,https://files.jcrt.org/archives/01.2/canning.pdf
long.pdf,https://files.jcrt.org/archives/01.2/long.pdf
lorentzen.pdf,https://files.jcrt.org/archives/01.2/lorentzen.pdf
nvahanian.pdf,https://files.jcrt.org/archives/01.2/nvahanian.pdf
ruf.pdf,https://files.jcrt.org/archives/01.2/ruf.pdf
smith.pdf,https://files.jcrt.org/archives/01.2/smith.pdf
taylor.pdf,https://files.jcrt.org/archives/01.2/taylor.pdf
wyschogrod_raschke.pdf,https://files.jcrt.org/archives/01.2/wyschogrod_raschke.pdf
caputo.pdf,https://files.jcrt.org/archives/01.3/caputo.pdf
carpenter.pdf,https://files.jcrt.org/archives/01.3/carpenter.pdf
crockett.pdf,https://files.jcrt.org/archives/01.3/crockett.pdf
dicenso.pdf,https://files.jcrt.org/archives/01.3/dicenso.pdf
game.pdf,https://files.jcrt.org/archives/01.3/game.pdf
kosky.pdf,https://files.jcrt.org/archives/01.3/kosky.pdf
metcalfe.pdf,https://files.jcrt.org/archives/01.3/metcalfe.pdf
richard.pdf,https://files.jcrt.org/archives/01.3/richard.pdf
strysick.pdf,https://files.jcrt.org/archives/01.3/strysick.pdf
weiss.pdf,https://files.jcrt.org/archives/01.3/weiss.pdf
halpern.pdf,https://files.jcrt.org/archives/02.1/halpern.pdf
lambert.pdf,https://files.jcrt.org/archives/02.1/lambert.pdf
lupton.pdf,https://files.jcrt.org/archives/02.1/lupton.pdf
ochs.pdf,https://files.jcrt.org/archives/02.1/ochs.pdf
raschke.pdf,https://files.jcrt.org/archives/02.1/raschke.pdf
reinhard_lupton.pdf,https://files.jcrt.org/archives/02.1/reinhard_lupton.pdf
sugimoto.pdf,https://files.jcrt.org/archives/02.1/sugimoto.pdf
taylor.pdf,https://files.jcrt.org/archives/02.1/taylor.pdf
altizer.pdf,https://files.jcrt.org/archives/02.2/altizer.pdf
arnold.pdf,https://files.jcrt.org/archives/02.2/arnold.pdf
elias.pdf,https://files.jcrt.org/archives/02.2/elias.pdf
majer.pdf,https://files.jcrt.org/archives/02.2/majer.pdf
robbins.pdf,https://files.jcrt.org/archives/02.2/robbins.pdf
tatusko.pdf,https://files.jcrt.org/archives/02.2/tatusko.pdf
taylor.pdf,https://files.jcrt.org/archives/02.2/taylor.pdf
taylor_raschke.pdf,https://files.jcrt.org/archives/02.2/taylor_raschke.pdf
cha.pdf,https://files.jcrt.org/archives/02.3/cha.pdf
crockett.pdf,https://files.jcrt.org/archives/02.3/crockett.pdf
hale.pdf,https://files.jcrt.org/archives/02.3/hale.pdf
katchen.pdf,https://files.jcrt.org/archives/02.3/katchen.pdf
lakeland.pdf,https://files.jcrt.org/archives/02.3/lakeland.pdf
magee.pdf,https://files.jcrt.org/archives/02.3/magee.pdf
mccullough.pdf,https://files.jcrt.org/archives/02.3/mccullough.pdf
ronan.pdf,https://files.jcrt.org/archives/02.3/ronan.pdf
takim.pdf,https://files.jcrt.org/archives/02.3/takim.pdf
weiss.pdf,https://files.jcrt.org/archives/02.3/weiss.pdf
anderson.pdf,https://files.jcrt.org/archives/03.1/anderson.pdf
dean.pdf,https://files.jcrt.org/archives/03.1/dean.pdf
gooch.pdf,https://files.jcrt.org/archives/03.1/gooch.pdf
keuss.pdf,https://files.jcrt.org/archives/03.1/keuss.pdf
maccammon.pdf,https://files.jcrt.org/archives/03.1/maccammon.pdf
raschke.pdf,https://files.jcrt.org/archives/03.1/raschke.pdf
stone.pdf,https://files.jcrt.org/archives/03.1/stone.pdf
caputo_raschke.pdf,https://files.jcrt.org/archives/03.2/caputo_raschke.pdf
grimshaw.pdf,https://files.jcrt.org/archives/03.2/grimshaw.pdf
hale.pdf,https://files.jcrt.org/archives/03.2/hale.pdf
hyman.pdf,https://files.jcrt.org/archives/03.2/hyman.pdf
katz.pdf,https://files.jcrt.org/archives/03.2/katz.pdf
lee.pdf,https://files.jcrt.org/archives/03.2/lee.pdf
metcalf.pdf,https://files.jcrt.org/archives/03.2/metcalf.pdf
parmenter.pdf,https://files.jcrt.org/archives/03.2/parmenter.pdf
taylor.pdf,https://files.jcrt.org/archives/03.2/taylor.pdf
winquist.pdf,https://files.jcrt.org/archives/03.2/winquist.pdf
crockett.pdf,https://files.jcrt.org/archives/03.3/crockett.pdf
druen.pdf,https://files.jcrt.org/archives/03.3/druen.pdf
flato.pdf,https://files.jcrt.org/archives/03.3/flato.pdf
iyer.pdf,https://files.jcrt.org/archives/03.3/iyer.pdf
putt.pdf,https://files.jcrt.org/archives/03.3/putt.pdf
rashkover.pdf,https://files.jcrt.org/archives/03.3/rashkover.pdf
reinhart.pdf,https://files.jcrt.org/archives/03.3/reinhart.pdf
scott.pdf,https://files.jcrt.org/archives/03.3/scott.pdf
taylor.pdf,https://files.jcrt.org/archives/03.3/taylor.pdf
weiss.pdf,https://files.jcrt.org/archives/03.3/weiss.pdf
zerbe.pdf,https://files.jcrt.org/archives/03.3/zerbe.pdf
bennett-carpenter.pdf,https://files.jcrt.org/archives/04.1/bennett-carpenter.pdf
blundell.pdf,https://files.jcrt.org/archives/04.1/blundell.pdf
egginton.pdf,https://files.jcrt.org/archives/04.1/egginton.pdf
hamner.pdf,https://files.jcrt.org/archives/04.1/hamner.pdf
index2.pdf,https://files.jcrt.org/archives/04.1/index2.pdf
kosky.pdf,https://files.jcrt.org/archives/04.1/kosky.pdf
lokensgard.pdf,https://files.jcrt.org/archives/04.1/lokensgard.pdf
markmanolopoulos.pdf,https://files.jcrt.org/archives/04.1/markmanolopoulos.pdf
mcgrath.pdf,https://files.jcrt.org/archives/04.1/mcgrath.pdf
raschke.pdf,https://files.jcrt.org/archives/04.1/raschke.pdf
caputo.pdf,https://files.jcrt.org/archives/04.2/caputo.pdf
flaxman.pdf,https://files.jcrt.org/archives/04.2/flaxman.pdf
lambert-taylor.intro.pdf,https://files.jcrt.org/archives/04.2/lambert-taylor.intro.pdf
lambert.pdf,https://files.jcrt.org/archives/04.2/lambert.pdf
nichols.pdf,https://files.jcrt.org/archives/04.2/nichols.pdf
pecora.pdf,https://files.jcrt.org/archives/04.2/pecora.pdf
rabate-lambert.pdf,https://files.jcrt.org/archives/04.2/rabate-lambert.pdf
saper.pdf,https://files.jcrt.org/archives/04.2/saper.pdf
taylor.pdf,https://files.jcrt.org/archives/04.2/taylor.pdf
williams.pdf,https://files.jcrt.org/archives/04.2/williams.pdf
atchley.pdf,https://files.jcrt.org/archives/04.3/atchley.pdf
azari.pdf,https://files.jcrt.org/archives/04.3/azari.pdf
caputo.pdf,https://files.jcrt.org/archives/04.3/caputo.pdf
crockett.pdf,https://files.jcrt.org/archives/04.3/crockett.pdf
livingston.pdf,https://files.jcrt.org/archives/04.3/livingston.pdf
lokensgard.pdf,https://files.jcrt.org/archives/04.3/lokensgard.pdf
macri.pdf,https://files.jcrt.org/archives/04.3/macri.pdf
michaud.pdf,https://files.jcrt.org/archives/04.3/michaud.pdf
ream.pdf,https://files.jcrt.org/archives/04.3/ream.pdf
rennie.pdf,https://files.jcrt.org/archives/04.3/rennie.pdf
saldino.pdf,https://files.jcrt.org/archives/04.3/saldino.pdf
snyder.pdf,https://files.jcrt.org/archives/04.3/snyder.pdf
thompson.pdf,https://files.jcrt.org/archives/04.3/thompson.pdf
york.pdf,https://files.jcrt.org/archives/04.3/york.pdf
bain-selbo.pdf,https://files.jcrt.org/archives/05.1/bain-selbo.pdf
fasching.pdf,https://files.jcrt.org/archives/05.1/fasching.pdf
hale.pdf,https://files.jcrt.org/archives/05.1/hale.pdf
iyer.pdf,https://files.jcrt.org/archives/05.1/iyer.pdf
juschka.pdf,https://files.jcrt.org/archives/05.1/juschka.pdf
lee.pdf,https://files.jcrt.org/archives/05.1/lee.pdf
meeks.pdf,https://files.jcrt.org/archives/05.1/meeks.pdf
putt.pdf,https://files.jcrt.org/archives/05.1/putt.pdf
raschke.pdf,https://files.jcrt.org/archives/05.1/raschke.pdf
siebers.pdf,https://files.jcrt.org/archives/05.1/siebers.pdf
tate.pdf,https://files.jcrt.org/archives/05.1/tate.pdf
caputo.pdf,https://files.jcrt.org/archives/05.2/caputo.pdf
conroy.pdf,https://files.jcrt.org/archives/05.2/conroy.pdf
crockett.pdf,https://files.jcrt.org/archives/05.2/crockett.pdf
goodchild.pdf,https://files.jcrt.org/archives/05.2/goodchild.pdf
iyer.pdf,https://files.jcrt.org/archives/05.2/iyer.pdf
lambert.pdf,https://files.jcrt.org/archives/05.2/lambert.pdf
lambrianou.pdf,https://files.jcrt.org/archives/05.2/lambrianou.pdf
raschke.pdf,https://files.jcrt.org/archives/05.2/raschke.pdf
ream.pdf,https://files.jcrt.org/archives/05.2/ream.pdf
robbins.pdf,https://files.jcrt.org/archives/05.2/robbins.pdf
rodkey.pdf,https://files.jcrt.org/archives/05.2/rodkey.pdf
taylor.pdf,https://files.jcrt.org/archives/05.2/taylor.pdf
ware.pdf,https://files.jcrt.org/archives/05.2/ware.pdf
weislogel.pdf,https://files.jcrt.org/archives/05.2/weislogel.pdf
woodard.pdf,https://files.jcrt.org/archives/05.2/woodard.pdf
biles.pdf,https://files.jcrt.org/archives/05.3/biles.pdf
biondo.pdf,https://files.jcrt.org/archives/05.3/biondo.pdf
duke.pdf,https://files.jcrt.org/archives/05.3/duke.pdf
flato.pdf,https://files.jcrt.org/archives/05.3/flato.pdf
fodor.pdf,https://files.jcrt.org/archives/05.3/fodor.pdf
gilmour.pdf,https://files.jcrt.org/archives/05.3/gilmour.pdf
igrek.pdf,https://files.jcrt.org/archives/05.3/igrek.pdf
keen.pdf,https://files.jcrt.org/archives/05.3/keen.pdf
mcpherson.pdf,https://files.jcrt.org/archives/05.3/mcpherson.pdf
nayar.pdf,https://files.jcrt.org/archives/05.3/nayar.pdf
purcell.pdf,https://files.jcrt.org/archives/05.3/purcell.pdf
reinhart.pdf,https://files.jcrt.org/archives/05.3/reinhart.pdf
robbins.pdf,https://files.jcrt.org/archives/05.3/robbins.pdf
rodkey.pdf,https://files.jcrt.org/archives/05.3/rodkey.pdf
smith.pdf,https://files.jcrt.org/archives/05.3/smith.pdf
urbanczyk.pdf,https://files.jcrt.org/archives/05.3/urbanczyk.pdf
vahabzadeh.pdf,https://files.jcrt.org/archives/05.3/vahabzadeh.pdf
vahanian.pdf,https://files.jcrt.org/archives/05.3/vahanian.pdf
blanton.pdf,https://files.jcrt.org/archives/06.1/blanton.pdf
brogan.pdf,https://files.jcrt.org/archives/06.1/brogan.pdf
caputo.pdf,https://files.jcrt.org/archives/06.1/caputo.pdf
clingerman.pdf,https://files.jcrt.org/archives/06.1/clingerman.pdf
grieve-carlson.pdf,https://files.jcrt.org/archives/06.1/grieve-carlson.pdf
hoelzl.pdf,https://files.jcrt.org/archives/06.1/hoelzl.pdf
johnson.pdf,https://files.jcrt.org/archives/06.1/johnson.pdf
jones.pdf,https://files.jcrt.org/archives/06.1/jones.pdf
michaud.pdf,https://files.jcrt.org/archives/06.1/michaud.pdf
taylor.pdf,https://files.jcrt.org/archives/06.1/taylor.pdf
vahanian.pdf,https://files.jcrt.org/archives/06.1/vahanian.pdf
whiting.pdf,https://files.jcrt.org/archives/06.1/whiting.pdf
woodard.pdf,https://files.jcrt.org/archives/06.1/woodard.pdf
bain-selbo.pdf,https://files.jcrt.org/archives/06.2/bain-selbo.pdf
crockett.pdf,https://files.jcrt.org/archives/06.2/crockett.pdf
fischer.pdf,https://files.jcrt.org/archives/06.2/fischer.pdf
igrek.pdf,https://files.jcrt.org/archives/06.2/igrek.pdf
kearney-taylor.pdf,https://files.jcrt.org/archives/06.2/kearney-taylor.pdf
larrey.pdf,https://files.jcrt.org/archives/06.2/larrey.pdf
raschke.pdf,https://files.jcrt.org/archives/06.2/raschke.pdf
reid.pdf,https://files.jcrt.org/archives/06.2/reid.pdf
robbins.pdf,https://files.jcrt.org/archives/06.2/robbins.pdf
stanley.pdf,https://files.jcrt.org/archives/06.2/stanley.pdf
vahabzadeh.pdf,https://files.jcrt.org/archives/06.2/vahabzadeh.pdf
waggoner.art.pdf,https://files.jcrt.org/archives/06.2/waggoner.art.pdf
waggoner.pdf,https://files.jcrt.org/archives/06.2/waggoner.pdf
bain-selbo.pdf,https://files.jcrt.org/archives/06.3/bain-selbo.pdf
benko.pdf,https://files.jcrt.org/archives/06.3/benko.pdf
bowring.pdf,https://files.jcrt.org/archives/06.3/bowring.pdf
cauchi.pdf,https://files.jcrt.org/archives/06.3/cauchi.pdf
grimshaw.pdf,https://files.jcrt.org/archives/06.3/grimshaw.pdf
harpham.pdf,https://files.jcrt.org/archives/06.3/harpham.pdf
hart.pdf,https://files.jcrt.org/archives/06.3/hart.pdf
klink.pdf,https://files.jcrt.org/archives/06.3/klink.pdf
kotsko.pdf,https://files.jcrt.org/archives/06.3/kotsko.pdf
linck.pdf,https://files.jcrt.org/archives/06.3/linck.pdf
lorentzen.pdf,https://files.jcrt.org/archives/06.3/lorentzen.pdf
nayar.pdf,https://files.jcrt.org/archives/06.3/nayar.pdf
neven.pdf,https://files.jcrt.org/archives/06.3/neven.pdf
rodkey.pdf,https://files.jcrt.org/archives/06.3/rodkey.pdf
shelton.pdf,https://files.jcrt.org/archives/06.3/shelton.pdf
smith.pdf,https://files.jcrt.org/archives/06.3/smith.pdf
taylor.pdf,https://files.jcrt.org/archives/06.3/taylor.pdf
bell.pdf,https://files.jcrt.org/archives/07.1/bell.pdf
buchanan.pdf,https://files.jcrt.org/archives/07.1/buchanan.pdf
geroux.pdf,https://files.jcrt.org/archives/07.1/geroux.pdf
gilgen.pdf,https://files.jcrt.org/archives/07.1/gilgen.pdf
holliday.pdf,https://files.jcrt.org/archives/07.1/holliday.pdf
janz.pdf,https://files.jcrt.org/archives/07.1/janz.pdf
knowlton.pdf,https://files.jcrt.org/archives/07.1/knowlton.pdf
lerner.pdf,https://files.jcrt.org/archives/07.1/lerner.pdf
lokensgard.pdf,https://files.jcrt.org/archives/07.1/lokensgard.pdf
magee.pdf,https://files.jcrt.org/archives/07.1/magee.pdf
miller.pdf,https://files.jcrt.org/archives/07.1/miller.pdf
segev.pdf,https://files.jcrt.org/archives/07.1/segev.pdf
singh.pdf,https://files.jcrt.org/archives/07.1/singh.pdf
taylor.pdf,https://files.jcrt.org/archives/07.1/taylor.pdf
vandeweg.pdf,https://files.jcrt.org/archives/07.1/vandeweg.pdf
zizek-taylor-intro.pdf,https://files.jcrt.org/archives/07.1/zizek-taylor-intro.pdf
bain-selbo.pdf,https://files.jcrt.org/archives/07.2/bain-selbo.pdf
dahlgren.pdf,https://files.jcrt.org/archives/07.2/dahlgren.pdf
heltzel.pdf,https://files.jcrt.org/archives/07.2/heltzel.pdf
kolarov.pdf,https://files.jcrt.org/archives/07.2/kolarov.pdf
lupton.pdf,https://files.jcrt.org/archives/07.2/lupton.pdf
miller.pdf,https://files.jcrt.org/archives/07.2/miller.pdf
robbins.pdf,https://files.jcrt.org/archives/07.2/robbins.pdf
saldino.pdf,https://files.jcrt.org/archives/07.2/saldino.pdf
siebers.pdf,https://files.jcrt.org/archives/07.2/siebers.pdf
simmons.pdf,https://files.jcrt.org/archives/07.2/simmons.pdf
taylor.pdf,https://files.jcrt.org/archives/07.2/taylor.pdf
turner.pdf,https://files.jcrt.org/archives/07.2/turner.pdf
alvis.pdf,https://files.jcrt.org/archives/08.1/alvis.pdf
bowman.pdf,https://files.jcrt.org/archives/08.1/bowman.pdf
buckingham.pdf,https://files.jcrt.org/archives/08.1/buckingham.pdf
burton.pdf,https://files.jcrt.org/archives/08.1/burton.pdf
costoya.pdf,https://files.jcrt.org/archives/08.1/costoya.pdf
kotsko.pdf,https://files.jcrt.org/archives/08.1/kotsko.pdf
kroesbergen.pdf,https://files.jcrt.org/archives/08.1/kroesbergen.pdf
mejido.pdf,https://files.jcrt.org/archives/08.1/mejido.pdf
miller.pdf,https://files.jcrt.org/archives/08.1/miller.pdf
nayar.pdf,https://files.jcrt.org/archives/08.1/nayar.pdf
nichols.pdf,https://files.jcrt.org/archives/08.1/nichols.pdf
oventile.pdf,https://files.jcrt.org/archives/08.1/oventile.pdf
raschke.pdf,https://files.jcrt.org/archives/08.1/raschke.pdf
ritchie.pdf,https://files.jcrt.org/archives/08.1/ritchie.pdf
schmidt.pdf,https://files.jcrt.org/archives/08.1/schmidt.pdf
simmons.pdf,https://files.jcrt.org/archives/08.1/simmons.pdf
turrell.pdf,https://files.jcrt.org/archives/08.1/turrell.pdf
vahanian.pdf,https://files.jcrt.org/archives/08.1/vahanian.pdf
waggoner.pdf,https://files.jcrt.org/archives/08.1/waggoner.pdf
wright.pdf,https://files.jcrt.org/archives/08.1/wright.pdf
abraham.pdf,https://files.jcrt.org/archives/08.2/abraham.pdf
bell.pdf,https://files.jcrt.org/archives/08.2/bell.pdf
bivins.pdf,https://files.jcrt.org/archives/08.2/bivins.pdf
costa.pdf,https://files.jcrt.org/archives/08.2/costa.pdf
daponte.pdf,https://files.jcrt.org/archives/08.2/daponte.pdf
davis-hardt.pdf,https://files.jcrt.org/archives/08.2/davis-hardt.pdf
grieve-carlson.pdf,https://files.jcrt.org/archives/08.2/grieve-carlson.pdf
johnson.pdf,https://files.jcrt.org/archives/08.2/johnson.pdf
little.pdf,https://files.jcrt.org/archives/08.2/little.pdf
phelps.pdf,https://files.jcrt.org/archives/08.2/phelps.pdf
robbins.pdf,https://files.jcrt.org/archives/08.2/robbins.pdf
roundtable.pdf,https://files.jcrt.org/archives/08.2/roundtable.pdf
smith.pdf,https://files.jcrt.org/archives/08.2/smith.pdf
stahlberg.pdf,https://files.jcrt.org/archives/08.2/stahlberg.pdf
vahabzadeh.pdf,https://files.jcrt.org/archives/08.2/vahabzadeh.pdf
Ables.pdf,https://files.jcrt.org/archives/08.3/Ables.pdf
Cake.pdf,https://files.jcrt.org/archives/08.3/Cake.pdf
Eisenstadt.pdf,https://files.jcrt.org/archives/08.3/Eisenstadt.pdf
Eisenstadt2.pdf,https://files.jcrt.org/archives/08.3/Eisenstadt2.pdf
Horowitz.pdf,https://files.jcrt.org/archives/08.3/Horowitz.pdf
Hyman.pdf,https://files.jcrt.org/archives/08.3/Hyman.pdf
Jackson.pdf,https://files.jcrt.org/archives/08.3/Jackson.pdf
Keller.pdf,https://files.jcrt.org/archives/08.3/Keller.pdf
Kottman.pdf,https://files.jcrt.org/archives/08.3/Kottman.pdf
Kunin.pdf,https://files.jcrt.org/archives/08.3/Kunin.pdf
Lupton.pdf,https://files.jcrt.org/archives/08.3/Lupton.pdf
Planinc.pdf,https://files.jcrt.org/archives/08.3/Planinc.pdf
Ramey.pdf,https://files.jcrt.org/archives/08.3/Ramey.pdf
Simmons.pdf,https://files.jcrt.org/archives/08.3/Simmons.pdf
Celermajer.pdf,https://files.jcrt.org/archives/09.1/Celermajer.pdf
Grieve-Carlson.pdf,https://files.jcrt.org/archives/09.1/Grieve-Carlson.pdf
Hyman.pdf,https://files.jcrt.org/archives/09.1/Hyman.pdf
Igrek.pdf,https://files.jcrt.org/archives/09.1/Igrek.pdf
Large.pdf,https://files.jcrt.org/archives/09.1/Large.pdf
Malabou.pdf,https://files.jcrt.org/archives/09.1/Malabou.pdf
Negri.pdf,https://files.jcrt.org/archives/09.1/Negri.pdf
Pound.pdf,https://files.jcrt.org/archives/09.1/Pound.pdf
Raschke.pdf,https://files.jcrt.org/archives/09.1/Raschke.pdf
Rubenstein.pdf,https://files.jcrt.org/archives/09.1/Rubenstein.pdf
Smaw.pdf,https://files.jcrt.org/archives/09.1/Smaw.pdf
bielik-robson.pdf,https://files.jcrt.org/archives/09.2/bielik-robson.pdf
boer.pdf,https://files.jcrt.org/archives/09.2/boer.pdf
crockett.pdf,https://files.jcrt.org/archives/09.2/crockett.pdf
damato.pdf,https://files.jcrt.org/archives/09.2/damato.pdf
fox.pdf,https://files.jcrt.org/archives/09.2/fox.pdf
kotsko.pdf,https://files.jcrt.org/archives/09.2/kotsko.pdf
leo.pdf,https://files.jcrt.org/archives/09.2/leo.pdf
rodkey.pdf,https://files.jcrt.org/archives/09.2/rodkey.pdf
bain-selbo.pdf,https://files.jcrt.org/archives/09.3/bain-selbo.pdf
conroy.pdf,https://files.jcrt.org/archives/09.3/conroy.pdf
crockett.pdf,https://files.jcrt.org/archives/09.3/crockett.pdf
dickinson.pdf,https://files.jcrt.org/archives/09.3/dickinson.pdf
gilmour.pdf,https://files.jcrt.org/archives/09.3/gilmour.pdf
hilberg.pdf,https://files.jcrt.org/archives/09.3/hilberg.pdf
hinshaw.pdf,https://files.jcrt.org/archives/09.3/hinshaw.pdf
kjellman.pdf,https://files.jcrt.org/archives/09.3/kjellman.pdf
klink.pdf,https://files.jcrt.org/archives/09.3/klink.pdf
lewis.pdf,https://files.jcrt.org/archives/09.3/lewis.pdf
martin.pdf,https://files.jcrt.org/archives/09.3/martin.pdf
mccullough.pdf,https://files.jcrt.org/archives/09.3/mccullough.pdf
miller.pdf,https://files.jcrt.org/archives/09.3/miller.pdf
morehouse.pdf,https://files.jcrt.org/archives/09.3/morehouse.pdf
powell.pdf,https://files.jcrt.org/archives/09.3/powell.pdf
raschke.pdf,https://files.jcrt.org/archives/09.3/raschke.pdf
robbins.pdf,https://files.jcrt.org/archives/09.3/robbins.pdf
seitz.pdf,https://files.jcrt.org/archives/09.3/seitz.pdf
shoemaker.pdf,https://files.jcrt.org/archives/09.3/shoemaker.pdf
smith.pdf,https://files.jcrt.org/archives/09.3/smith.pdf
Cauchi.pdf,https://files.jcrt.org/archives/10.1/Cauchi.pdf
Gangle.pdf,https://files.jcrt.org/archives/10.1/Gangle.pdf
Miller.pdf,https://files.jcrt.org/archives/10.1/Miller.pdf
Mooney.pdf,https://files.jcrt.org/archives/10.1/Mooney.pdf
Robert.pdf,https://files.jcrt.org/archives/10.1/Robert.pdf
Rodkey.pdf,https://files.jcrt.org/archives/10.1/Rodkey.pdf
Simmons.pdf,https://files.jcrt.org/archives/10.1/Simmons.pdf
Steinmetz-Jenkins.pdf,https://files.jcrt.org/archives/10.1/Steinmetz-Jenkins.pdf
bibb.pdf,https://files.jcrt.org/archives/10.2/bibb.pdf
borsuk.pdf,https://files.jcrt.org/archives/10.2/borsuk.pdf
cole.pdf,https://files.jcrt.org/archives/10.2/cole.pdf
duncan-transcription.pdf,https://files.jcrt.org/archives/10.2/duncan-transcription.pdf
duncan.pdf,https://files.jcrt.org/archives/10.2/duncan.pdf
evans.pdf,https://files.jcrt.org/archives/10.2/evans.pdf
mcnellis.pdf,https://files.jcrt.org/archives/10.2/mcnellis.pdf
mcrae.pdf,https://files.jcrt.org/archives/10.2/mcrae.pdf
reid.pdf,https://files.jcrt.org/archives/10.2/reid.pdf
scan1.jpg,https://files.jcrt.org/archives/10.2/scan1.jpg
scan1.tiff,https://files.jcrt.org/archives/10.2/scan1.tiff
scan2.jpg,https://files.jcrt.org/archives/10.2/scan2.jpg
scan2.tiff,https://files.jcrt.org/archives/10.2/scan2.tiff
scans.pdf,https://files.jcrt.org/archives/10.2/scans.pdf
simon.pdf,https://files.jcrt.org/archives/10.2/simon.pdf
transcription.notes.pdf,https://files.jcrt.org/archives/10.2/transcription.notes.pdf
barber&smith.pdf,https://files.jcrt.org/archives/10.3/barber%26smith.pdf
barber&amp,https://files.jcrt.org/archives/10.3/barber&amp;smith.pdf
barber.pdf,https://files.jcrt.org/archives/10.3/barber.pdf
burkey.pdf,https://files.jcrt.org/archives/10.3/burkey.pdf
campbell.pdf,https://files.jcrt.org/archives/10.3/campbell.pdf
delpech-ramey&miller.pdf,https://files.jcrt.org/archives/10.3/delpech-ramey%26miller.pdf
delpech-ramey&amp,https://files.jcrt.org/archives/10.3/delpech-ramey&amp;miller.pdf
grieve-carlson.pdf,https://files.jcrt.org/archives/10.3/grieve-carlson.pdf
grimshaw.pdf,https://files.jcrt.org/archives/10.3/grimshaw.pdf
hanson.pdf,https://files.jcrt.org/archives/10.3/hanson.pdf
jaarsma.pdf,https://files.jcrt.org/archives/10.3/jaarsma.pdf
metcalf.pdf,https://files.jcrt.org/archives/10.3/metcalf.pdf
pcr4.pdf,https://files.jcrt.org/archives/10.3/pcr4.pdf
rodkey.pdf,https://files.jcrt.org/archives/10.3/rodkey.pdf
sanzaro.pdf,https://files.jcrt.org/archives/10.3/sanzaro.pdf
stern&gimbel.pdf,https://files.jcrt.org/archives/10.3/stern%26gimbel.pdf
stern&amp,https://files.jcrt.org/archives/10.3/stern&amp;gimbel.pdf
york.pdf,https://files.jcrt.org/archives/10.3/york.pdf
blanton.pdf,https://files.jcrt.org/archives/11.1/blanton.pdf
boever.pdf,https://files.jcrt.org/archives/11.1/boever.pdf
charles.pdf,https://files.jcrt.org/archives/11.1/charles.pdf
chrulew.pdf,https://files.jcrt.org/archives/11.1/chrulew.pdf
fuggle.pdf,https://files.jcrt.org/archives/11.1/fuggle.pdf
glowacki.pdf,https://files.jcrt.org/archives/11.1/glowacki.pdf
mayes.pdf,https://files.jcrt.org/archives/11.1/mayes.pdf
nicolet-anderson.pdf,https://files.jcrt.org/archives/11.1/nicolet-anderson.pdf
ojakangas.pdf,https://files.jcrt.org/archives/11.1/ojakangas.pdf
ruin.pdf,https://files.jcrt.org/archives/11.1/ruin.pdf
ardoline.pdf,https://files.jcrt.org/archives/11.2/ardoline.pdf
caputo.pdf,https://files.jcrt.org/archives/11.2/caputo.pdf
crockett.pdf,https://files.jcrt.org/archives/11.2/crockett.pdf
finer.pdf,https://files.jcrt.org/archives/11.2/finer.pdf
hagglund.pdf,https://files.jcrt.org/archives/11.2/hagglund.pdf
holsclaw.pdf,https://files.jcrt.org/archives/11.2/holsclaw.pdf
hyman.pdf,https://files.jcrt.org/archives/11.2/hyman.pdf
mcclain.pdf,https://files.jcrt.org/archives/11.2/mcclain.pdf
raschke.pdf,https://files.jcrt.org/archives/11.2/raschke.pdf
robbins.pdf,https://files.jcrt.org/archives/11.2/robbins.pdf
stockwell.pdf,https://files.jcrt.org/archives/11.2/stockwell.pdf
taylor.pdf,https://files.jcrt.org/archives/11.2/taylor.pdf
wood.pdf,https://files.jcrt.org/archives/11.2/wood.pdf
zabala.pdf,https://files.jcrt.org/archives/11.2/zabala.pdf
cfp-design.pdf,https://files.jcrt.org/archives/11.3/cfp-design.pdf
dalton.pdf,https://files.jcrt.org/archives/11.3/dalton.pdf
de-vries.pdf,https://files.jcrt.org/archives/11.3/de-vries.pdf
kolozova.pdf,https://files.jcrt.org/archives/11.3/kolozova.pdf
mccullough.pdf,https://files.jcrt.org/archives/11.3/mccullough.pdf
sealey.pdf,https://files.jcrt.org/archives/11.3/sealey.pdf
simmons.pdf,https://files.jcrt.org/archives/11.3/simmons.pdf
simmonsintro.pdf,https://files.jcrt.org/archives/11.3/simmonsintro.pdf
dicken.pdf,https://files.jcrt.org/archives/12.1/dicken.pdf
kessler.pdf,https://files.jcrt.org/archives/12.1/kessler.pdf
kornbluh.pdf,https://files.jcrt.org/archives/12.1/kornbluh.pdf
lupton.gordon.pdf,https://files.jcrt.org/archives/12.1/lupton.gordon.pdf
maltby.pdf,https://files.jcrt.org/archives/12.1/maltby.pdf
mciver.pdf,https://files.jcrt.org/archives/12.1/mciver.pdf
miller.pdf,https://files.jcrt.org/archives/12.1/miller.pdf
nelson.pdf,https://files.jcrt.org/archives/12.1/nelson.pdf
rust.pdf,https://files.jcrt.org/archives/12.1/rust.pdf
santner.pdf,https://files.jcrt.org/archives/12.1/santner.pdf
schulman.pdf,https://files.jcrt.org/archives/12.1/schulman.pdf
vahanian.pdf,https://files.jcrt.org/archives/12.1/vahanian.pdf
weitzman.pdf,https://files.jcrt.org/archives/12.1/weitzman.pdf
ballan.pdf,https://files.jcrt.org/archives/12.2/ballan.pdf
blosser.pdf,https://files.jcrt.org/archives/12.2/blosser.pdf
britt.pdf,https://files.jcrt.org/archives/12.2/britt.pdf
caputo.pdf,https://files.jcrt.org/archives/12.2/caputo.pdf
coakley.pdf,https://files.jcrt.org/archives/12.2/coakley.pdf
cochrane.pdf,https://files.jcrt.org/archives/12.2/cochrane.pdf
crockett.pdf,https://files.jcrt.org/archives/12.2/crockett.pdf
crockett_2.pdf,https://files.jcrt.org/archives/12.2/crockett_2.pdf
dickinson-intro.pdf,https://files.jcrt.org/archives/12.2/dickinson-intro.pdf
dickinson.pdf,https://files.jcrt.org/archives/12.2/dickinson.pdf
fong.pdf,https://files.jcrt.org/archives/12.2/fong.pdf
fong_2.pdf,https://files.jcrt.org/archives/12.2/fong_2.pdf
goodchild.pdf,https://files.jcrt.org/archives/12.2/goodchild.pdf
heo.pdf,https://files.jcrt.org/archives/12.2/heo.pdf
heo_2.pdf,https://files.jcrt.org/archives/12.2/heo_2.pdf
hurlin.pdf,https://files.jcrt.org/archives/12.2/hurlin.pdf
mackendrick.pdf,https://files.jcrt.org/archives/12.2/mackendrick.pdf
mackendrick_2.pdf,https://files.jcrt.org/archives/12.2/mackendrick_2.pdf
montel_hurlin.pdf,https://files.jcrt.org/archives/12.2/montel_hurlin.pdf
peters.pdf,https://files.jcrt.org/archives/12.2/peters.pdf
peters_2.pdf,https://files.jcrt.org/archives/12.2/peters_2.pdf
robert.pdf,https://files.jcrt.org/archives/12.2/robert.pdf
taylor-kosky.pdf,https://files.jcrt.org/archives/12.2/taylor-kosky.pdf
alexander.pdf,https://files.jcrt.org/archives/12.3/alexander.pdf
almond.pdf,https://files.jcrt.org/archives/12.3/almond.pdf
alvis.pdf,https://files.jcrt.org/archives/12.3/alvis.pdf
bedford.pdf,https://files.jcrt.org/archives/12.3/bedford.pdf
mccullough.altizer.pdf,https://files.jcrt.org/archives/12.3/mccullough.altizer.pdf
miller.pdf,https://files.jcrt.org/archives/12.3/miller.pdf
nail.pdf,https://files.jcrt.org/archives/12.3/nail.pdf
ramos.pdf,https://files.jcrt.org/archives/12.3/ramos.pdf
raschke.pdf,https://files.jcrt.org/archives/12.3/raschke.pdf
schedneck.pdf,https://files.jcrt.org/archives/12.3/schedneck.pdf
smith.pdf,https://files.jcrt.org/archives/12.3/smith.pdf
stoica.pdf,https://files.jcrt.org/archives/12.3/stoica.pdf
taylor.raschke.pdf,https://files.jcrt.org/archives/12.3/taylor.raschke.pdf
barber.pdf,https://files.jcrt.org/archives/13.1/barber.pdf
bray.pdf,https://files.jcrt.org/archives/13.1/bray.pdf
davis.pdf,https://files.jcrt.org/archives/13.1/davis.pdf
dussel.pdf,https://files.jcrt.org/archives/13.1/dussel.pdf
eberle.pdf,https://files.jcrt.org/archives/13.1/eberle.pdf
lugones.pdf,https://files.jcrt.org/archives/13.1/lugones.pdf
mendez.pdf,https://files.jcrt.org/archives/13.1/mendez.pdf
miller.pdf,https://files.jcrt.org/archives/13.1/miller.pdf
robbins.pdf,https://files.jcrt.org/archives/13.1/robbins.pdf
schmidt.pdf,https://files.jcrt.org/archives/13.1/schmidt.pdf
taylor.pdf,https://files.jcrt.org/archives/13.1/taylor.pdf
tlostanova.pdf,https://files.jcrt.org/archives/13.1/tlostanova.pdf
v_squez.pdf,https://files.jcrt.org/archives/13.1/v_squez.pdf
vasquez.pdf,https://files.jcrt.org/archives/13.1/vasquez.pdf
woessner.pdf,https://files.jcrt.org/archives/13.1/woessner.pdf
carsey.pdf,https://files.jcrt.org/archives/13.2/carsey.pdf
cisney.pdf,https://files.jcrt.org/archives/13.2/cisney.pdf
clark.pdf,https://files.jcrt.org/archives/13.2/clark.pdf
coggan.pdf,https://files.jcrt.org/archives/13.2/coggan.pdf
flavin.pdf,https://files.jcrt.org/archives/13.2/flavin.pdf
kotsko.pdf,https://files.jcrt.org/archives/13.2/kotsko.pdf
lanci.pdf,https://files.jcrt.org/archives/13.2/lanci.pdf
mullen.pdf,https://files.jcrt.org/archives/13.2/mullen.pdf
nagypal.pdf,https://files.jcrt.org/archives/13.2/nagypal.pdf
nuckolls.pdf,https://files.jcrt.org/archives/13.2/nuckolls.pdf
purakayastha.pdf,https://files.jcrt.org/archives/13.2/purakayastha.pdf
reyes.pdf,https://files.jcrt.org/archives/13.2/reyes.pdf
scholes.pdf,https://files.jcrt.org/archives/13.2/scholes.pdf
shaver.pdf,https://files.jcrt.org/archives/13.2/shaver.pdf
shillock.pdf,https://files.jcrt.org/archives/13.2/shillock.pdf
taylorandweiss.pdf,https://files.jcrt.org/archives/13.2/taylorandweiss.pdf
weiss_taylor.pdf,https://files.jcrt.org/archives/13.2/weiss_taylor.pdf
winters.pdf,https://files.jcrt.org/archives/13.2/winters.pdf
alvis.pdf,https://files.jcrt.org/archives/14.1/alvis.pdf
fagenblat.pdf,https://files.jcrt.org/archives/14.1/fagenblat.pdf
featherstone.pdf,https://files.jcrt.org/archives/14.1/featherstone.pdf
green.pdf,https://files.jcrt.org/archives/14.1/green.pdf
lauri.pdf,https://files.jcrt.org/archives/14.1/lauri.pdf
raschke.pdf,https://files.jcrt.org/archives/14.1/raschke.pdf
renger.pdf,https://files.jcrt.org/archives/14.1/renger.pdf
schyllert.pdf,https://files.jcrt.org/archives/14.1/schyllert.pdf
settle.pdf,https://files.jcrt.org/archives/14.1/settle.pdf
snediker.pdf,https://files.jcrt.org/archives/14.1/snediker.pdf
trier.pdf,https://files.jcrt.org/archives/14.1/trier.pdf
winters.pdf,https://files.jcrt.org/archives/14.1/winters.pdf
yonker.pdf,https://files.jcrt.org/archives/14.1/yonker.pdf
aikin.pdf,https://files.jcrt.org/archives/14.2/aikin.pdf
feddon.pdf,https://files.jcrt.org/archives/14.2/feddon.pdf
greco.pdf,https://files.jcrt.org/archives/14.2/greco.pdf
gschwandtner.pdf,https://files.jcrt.org/archives/14.2/gschwandtner.pdf
holdier.pdf,https://files.jcrt.org/archives/14.2/holdier.pdf
kavka.pdf,https://files.jcrt.org/archives/14.2/kavka.pdf
kelly.pdf,https://files.jcrt.org/archives/14.2/kelly.pdf
knepper.pdf,https://files.jcrt.org/archives/14.2/knepper.pdf
loewen.pdf,https://files.jcrt.org/archives/14.2/loewen.pdf
moser.pdf,https://files.jcrt.org/archives/14.2/moser.pdf
mulder.pdf,https://files.jcrt.org/archives/14.2/mulder.pdf
schellenberg.pdf,https://files.jcrt.org/archives/14.2/schellenberg.pdf
schilbrack.pdf,https://files.jcrt.org/archives/14.2/schilbrack.pdf
shuster.pdf,https://files.jcrt.org/archives/14.2/shuster.pdf
simmons-intro.pdf,https://files.jcrt.org/archives/14.2/simmons-intro.pdf
trakakis.pdf,https://files.jcrt.org/archives/14.2/trakakis.pdf
trakikis.pdf,https://files.jcrt.org/archives/14.2/trakikis.pdf
weidler.pdf,https://files.jcrt.org/archives/14.2/weidler.pdf
wolterstorff-preface.pdf,https://files.jcrt.org/archives/14.2/wolterstorff-preface.pdf
alvis.pdf,https://files.jcrt.org/archives/15.1/alvis.pdf
cohen.pdf,https://files.jcrt.org/archives/15.1/cohen.pdf
hagedorn.pdf,https://files.jcrt.org/archives/15.1/hagedorn.pdf
hagedorn_staudigl_alvis.pdf,https://files.jcrt.org/archives/15.1/hagedorn_staudigl_alvis.pdf
intro.pdf,https://files.jcrt.org/archives/15.1/intro.pdf
raschke.pdf,https://files.jcrt.org/archives/15.1/raschke.pdf
schuback.pdf,https://files.jcrt.org/archives/15.1/schuback.pdf
staudigl.pdf,https://files.jcrt.org/archives/15.1/staudigl.pdf
steinbock.pdf,https://files.jcrt.org/archives/15.1/steinbock.pdf
welten.pdf,https://files.jcrt.org/archives/15.1/welten.pdf
aldinger.pdf,https://files.jcrt.org/archives/15.2/aldinger.pdf
betcher.pdf,https://files.jcrt.org/archives/15.2/betcher.pdf
fox.pdf,https://files.jcrt.org/archives/15.2/fox.pdf
intro.pdf,https://files.jcrt.org/archives/15.2/intro.pdf
reid.pdf,https://files.jcrt.org/archives/15.2/reid.pdf
sanchez.pdf,https://files.jcrt.org/archives/15.2/sanchez.pdf
siebers.pdf,https://files.jcrt.org/archives/15.2/siebers.pdf
valente.pdf,https://files.jcrt.org/archives/15.2/valente.pdf
valente2.pdf,https://files.jcrt.org/archives/15.2/valente2.pdf
Carson.pdf,https://files.jcrt.org/archives/16.1/Carson.pdf
Ferguson.pdf,https://files.jcrt.org/archives/16.1/Ferguson.pdf
InterviewGaia.pdf,https://files.jcrt.org/archives/16.1/InterviewGaia.pdf
InterviewGiroux.pdf,https://files.jcrt.org/archives/16.1/InterviewGiroux.pdf
InterviewSousanis.pdf,https://files.jcrt.org/archives/16.1/InterviewSousanis.pdf
InterviewUlmer.pdf,https://files.jcrt.org/archives/16.1/InterviewUlmer.pdf
IntroFigueiredo.pdf,https://files.jcrt.org/archives/16.1/IntroFigueiredo.pdf
Li.pdf,https://files.jcrt.org/archives/16.1/Li.pdf
Obrien.pdf,https://files.jcrt.org/archives/16.1/Obrien.pdf
Raschke.pdf,https://files.jcrt.org/archives/16.1/Raschke.pdf
clay_robinson.pdf,https://files.jcrt.org/archives/16.1/clay_robinson.pdf
figueiredo.pdf,https://files.jcrt.org/archives/16.1/figueiredo.pdf
figueiredo_2.pdf,https://files.jcrt.org/archives/16.1/figueiredo_2.pdf
reviewbutler.pdf,https://files.jcrt.org/archives/16.1/reviewbutler.pdf
stowe_sousanis.pdf,https://files.jcrt.org/archives/16.1/stowe_sousanis.pdf
taylor_giroux.pdf,https://files.jcrt.org/archives/16.1/taylor_giroux.pdf
waggoner.pdf,https://files.jcrt.org/archives/16.1/waggoner.pdf
Armstrong.pdf,https://files.jcrt.org/archives/16.2/Armstrong.pdf
Bray.pdf,https://files.jcrt.org/archives/16.2/Bray.pdf
Dubilet.pdf,https://files.jcrt.org/archives/16.2/Dubilet.pdf
Intro-Marovich.pdf,https://files.jcrt.org/archives/16.2/Intro-Marovich.pdf
Marovich.pdf,https://files.jcrt.org/archives/16.2/Marovich.pdf
Meyer.pdf,https://files.jcrt.org/archives/16.2/Meyer.pdf
Moody.pdf,https://files.jcrt.org/archives/16.2/Moody.pdf
Rose.pdf,https://files.jcrt.org/archives/16.2/Rose.pdf
Beddard.pdf,https://files.jcrt.org/archives/16.3/Beddard.pdf
Congdon.pdf,https://files.jcrt.org/archives/16.3/Congdon.pdf
Davis.pdf,https://files.jcrt.org/archives/16.3/Davis.pdf
Introduction.pdf,https://files.jcrt.org/archives/16.3/Introduction.pdf
Karlsen.pdf,https://files.jcrt.org/archives/16.3/Karlsen.pdf
Leung.pdf,https://files.jcrt.org/archives/16.3/Leung.pdf
Osserman.pdf,https://files.jcrt.org/archives/16.3/Osserman.pdf
Phelps.pdf,https://files.jcrt.org/archives/16.3/Phelps.pdf
Weaver.pdf,https://files.jcrt.org/archives/16.3/Weaver.pdf
raschke.pdf,https://files.jcrt.org/archives/16.3/raschke.pdf
Beiner.pdf,https://files.jcrt.org/archives/17.1/Beiner.pdf
Bielik.pdf,https://files.jcrt.org/archives/17.1/Bielik.pdf
Caputo.pdf,https://files.jcrt.org/archives/17.1/Caputo.pdf
Dean.pdf,https://files.jcrt.org/archives/17.1/Dean.pdf
Fitzgerald.pdf,https://files.jcrt.org/archives/17.1/Fitzgerald.pdf
Keller.pdf,https://files.jcrt.org/archives/17.1/Keller.pdf
Muraca.pdf,https://files.jcrt.org/archives/17.1/Muraca.pdf
Ogunnaike.pdf,https://files.jcrt.org/archives/17.1/Ogunnaike.pdf
Raschke.pdf,https://files.jcrt.org/archives/17.1/Raschke.pdf
Richard.pdf,https://files.jcrt.org/archives/17.1/Richard.pdf
Taylor.pdf,https://files.jcrt.org/archives/17.1/Taylor.pdf
Alvis.pdf,https://files.jcrt.org/archives/17.2/Alvis.pdf
Bornemark.pdf,https://files.jcrt.org/archives/17.2/Bornemark.pdf
DeWarren.pdf,https://files.jcrt.org/archives/17.2/DeWarren.pdf
Dodd.pdf,https://files.jcrt.org/archives/17.2/Dodd.pdf
Evink.pdf,https://files.jcrt.org/archives/17.2/Evink.pdf
Gschwandtner.pdf,https://files.jcrt.org/archives/17.2/Gschwandtner.pdf
Hagedorn-and-Staudigl.pdf,https://files.jcrt.org/archives/17.2/Hagedorn-and-Staudigl.pdf
Hart.pdf,https://files.jcrt.org/archives/17.2/Hart.pdf
Klun.pdf,https://files.jcrt.org/archives/17.2/Klun.pdf
Marion.pdf,https://files.jcrt.org/archives/17.2/Marion.pdf
Mensch.pdf,https://files.jcrt.org/archives/17.2/Mensch.pdf
OMurchadha.pdf,https://files.jcrt.org/archives/17.2/OMurchadha.pdf
Prole.pdf,https://files.jcrt.org/archives/17.2/Prole.pdf
Rivera.pdf,https://files.jcrt.org/archives/17.2/Rivera.pdf
leclercq.pdf,https://files.jcrt.org/archives/17.2/leclercq.pdf
Backman.pdf,https://files.jcrt.org/archives/17.3/Backman.pdf
Beddard.pdf,https://files.jcrt.org/archives/17.3/Beddard.pdf
Datar.pdf,https://files.jcrt.org/archives/17.3/Datar.pdf
Davis.pdf,https://files.jcrt.org/archives/17.3/Davis.pdf
Green.pdf,https://files.jcrt.org/archives/17.3/Green.pdf
Kavoulakos.pdf,https://files.jcrt.org/archives/17.3/Kavoulakos.pdf
Lawrence.pdf,https://files.jcrt.org/archives/17.3/Lawrence.pdf
Rhodes.pdf,https://files.jcrt.org/archives/17.3/Rhodes.pdf
Schmidt.pdf,https://files.jcrt.org/archives/17.3/Schmidt.pdf
Soni.pdf,https://files.jcrt.org/archives/17.3/Soni.pdf
Tutt.pdf,https://files.jcrt.org/archives/17.3/Tutt.pdf
Yonker.pdf,https://files.jcrt.org/archives/17.3/Yonker.pdf
Appel.pdf,https://files.jcrt.org/archives/18.1/Appel.pdf
Bios.pdf,https://files.jcrt.org/archives/18.1/Bios.pdf
Burke2.pdf,https://files.jcrt.org/archives/18.1/Burke2.pdf
Cook1.pdf,https://files.jcrt.org/archives/18.1/Cook1.pdf
Delay.pdf,https://files.jcrt.org/archives/18.1/Delay.pdf
Green.pdf,https://files.jcrt.org/archives/18.1/Green.pdf
Komkov2.pdf,https://files.jcrt.org/archives/18.1/Komkov2.pdf
Koser.pdf,https://files.jcrt.org/archives/18.1/Koser.pdf
Loland1.pdf,https://files.jcrt.org/archives/18.1/Loland1.pdf
McAndrew.pdf,https://files.jcrt.org/archives/18.1/McAndrew.pdf
Pederson.pdf,https://files.jcrt.org/archives/18.1/Pederson.pdf
Ramos1.pdf,https://files.jcrt.org/archives/18.1/Ramos1.pdf
Richard.pdf,https://files.jcrt.org/archives/18.1/Richard.pdf
Sharma2.pdf,https://files.jcrt.org/archives/18.1/Sharma2.pdf
Spickard2.pdf,https://files.jcrt.org/archives/18.1/Spickard2.pdf
burke.pdf,https://files.jcrt.org/archives/18.1/burke.pdf
komkov.pdf,https://files.jcrt.org/archives/18.1/komkov.pdf
l_land.pdf,https://files.jcrt.org/archives/18.1/l_land.pdf
ramos.pdf,https://files.jcrt.org/archives/18.1/ramos.pdf
sharma.pdf,https://files.jcrt.org/archives/18.1/sharma.pdf
spickard.pdf,https://files.jcrt.org/archives/18.1/spickard.pdf
Bios.pdf,https://files.jcrt.org/archives/18.2/Bios.pdf
DeRoo.pdf,https://files.jcrt.org/archives/18.2/DeRoo.pdf
Fishley.pdf,https://files.jcrt.org/archives/18.2/Fishley.pdf
Giardino.pdf,https://files.jcrt.org/archives/18.2/Giardino.pdf
Graham.pdf,https://files.jcrt.org/archives/18.2/Graham.pdf
Green.pdf,https://files.jcrt.org/archives/18.2/Green.pdf
Guerriero.pdf,https://files.jcrt.org/archives/18.2/Guerriero.pdf
Harrison.pdf,https://files.jcrt.org/archives/18.2/Harrison.pdf
Hovorun.pdf,https://files.jcrt.org/archives/18.2/Hovorun.pdf
Konigsburg.pdf,https://files.jcrt.org/archives/18.2/Konigsburg.pdf
Lewis.pdf,https://files.jcrt.org/archives/18.2/Lewis.pdf
McAvan.pdf,https://files.jcrt.org/archives/18.2/McAvan.pdf
Oliver.pdf,https://files.jcrt.org/archives/18.2/Oliver.pdf
Pessin.pdf,https://files.jcrt.org/archives/18.2/Pessin.pdf
Prewitt-Davis.pdf,https://files.jcrt.org/archives/18.2/Prewitt-Davis.pdf
Samuel.pdf,https://files.jcrt.org/archives/18.2/Samuel.pdf
Stanton.pdf,https://files.jcrt.org/archives/18.2/Stanton.pdf
Trozzo.pdf,https://files.jcrt.org/archives/18.2/Trozzo.pdf
Vaino.pdf,https://files.jcrt.org/archives/18.2/Vaino.pdf
Burley.pdf,https://files.jcrt.org/archives/18.3/Burley.pdf
Cisney.pdf,https://files.jcrt.org/archives/18.3/Cisney.pdf
Deibl.pdf,https://files.jcrt.org/archives/18.3/Deibl.pdf
Goggin.pdf,https://files.jcrt.org/archives/18.3/Goggin.pdf
Haynes.pdf,https://files.jcrt.org/archives/18.3/Haynes.pdf
Jones.pdf,https://files.jcrt.org/archives/18.3/Jones.pdf
McCracken.pdf,https://files.jcrt.org/archives/18.3/McCracken.pdf
Murphy.pdf,https://files.jcrt.org/archives/18.3/Murphy.pdf
Onishi.pdf,https://files.jcrt.org/archives/18.3/Onishi.pdf
Roberts.pdf,https://files.jcrt.org/archives/18.3/Roberts.pdf
Rubenstein.pdf,https://files.jcrt.org/archives/18.3/Rubenstein.pdf
Ruetenik.pdf,https://files.jcrt.org/archives/18.3/Ruetenik.pdf
Tarleton.pdf,https://files.jcrt.org/archives/18.3/Tarleton.pdf
bios.pdf,https://files.jcrt.org/archives/18.3/bios.pdf
roberts_hayden.pdf,https://files.jcrt.org/archives/18.3/roberts_hayden.pdf
robertsandhayden.pdf,https://files.jcrt.org/archives/18.3/robertsandhayden.pdf
Casey.pdf,https://files.jcrt.org/archives/19.1/Casey.pdf
Cobb.pdf,https://files.jcrt.org/archives/19.1/Cobb.pdf
Dise.pdf,https://files.jcrt.org/archives/19.1/Dise.pdf
Feld.pdf,https://files.jcrt.org/archives/19.1/Feld.pdf
Franke.pdf,https://files.jcrt.org/archives/19.1/Franke.pdf
Hart.pdf,https://files.jcrt.org/archives/19.1/Hart.pdf
Hass.pdf,https://files.jcrt.org/archives/19.1/Hass.pdf
Jennings.pdf,https://files.jcrt.org/archives/19.1/Jennings.pdf
McCullough.pdf,https://files.jcrt.org/archives/19.1/McCullough.pdf
Quasha.pdf,https://files.jcrt.org/archives/19.1/Quasha.pdf
Raschke.pdf,https://files.jcrt.org/archives/19.1/Raschke.pdf
Redell.pdf,https://files.jcrt.org/archives/19.1/Redell.pdf
Rubenstein.pdf,https://files.jcrt.org/archives/19.1/Rubenstein.pdf
Schroeder.pdf,https://files.jcrt.org/archives/19.1/Schroeder.pdf
Taylor.pdf,https://files.jcrt.org/archives/19.1/Taylor.pdf
Wolfson.pdf,https://files.jcrt.org/archives/19.1/Wolfson.pdf
bios.pdf,https://files.jcrt.org/archives/19.1/bios.pdf
Green.pdf,https://files.jcrt.org/archives/19.2/Green.pdf
Hackett.pdf,https://files.jcrt.org/archives/19.2/Hackett.pdf
Hurley.pdf,https://files.jcrt.org/archives/19.2/Hurley.pdf
Hyman.pdf,https://files.jcrt.org/archives/19.2/Hyman.pdf
Maltby.pdf,https://files.jcrt.org/archives/19.2/Maltby.pdf
Marion.pdf,https://files.jcrt.org/archives/19.2/Marion.pdf
McAvan.pdf,https://files.jcrt.org/archives/19.2/McAvan.pdf
Molla.pdf,https://files.jcrt.org/archives/19.2/Molla.pdf
Murphy.pdf,https://files.jcrt.org/archives/19.2/Murphy.pdf
Rosen.pdf,https://files.jcrt.org/archives/19.2/Rosen.pdf
Tinker.pdf,https://files.jcrt.org/archives/19.2/Tinker.pdf
bios.pdf,https://files.jcrt.org/archives/19.2/bios.pdf
1-Britt.pdf,https://files.jcrt.org/archives/19.3/1-Britt.pdf
2-Almog.pdf,https://files.jcrt.org/archives/19.3/2-Almog.pdf
3-Britt.pdf,https://files.jcrt.org/archives/19.3/3-Britt.pdf
4-Green.pdf,https://files.jcrt.org/archives/19.3/4-Green.pdf
5-Leibovic.pdf,https://files.jcrt.org/archives/19.3/5-Leibovic.pdf
6-Rotlevy.pdf,https://files.jcrt.org/archives/19.3/6-Rotlevy.pdf
7-Salzani.pdf,https://files.jcrt.org/archives/19.3/7-Salzani.pdf
8-Weidner.pdf,https://files.jcrt.org/archives/19.3/8-Weidner.pdf
bios.pdf,https://files.jcrt.org/archives/19.3/bios.pdf
lebovic.pdf,https://files.jcrt.org/archives/19.3/lebovic.pdf
Ball.pdf,https://files.jcrt.org/archives/20.1/Ball.pdf
Bedford.pdf,https://files.jcrt.org/archives/20.1/Bedford.pdf
Conroy.pdf,https://files.jcrt.org/archives/20.1/Conroy.pdf
Lacey.pdf,https://files.jcrt.org/archives/20.1/Lacey.pdf
Maeshiro.pdf,https://files.jcrt.org/archives/20.1/Maeshiro.pdf
McMaken.pdf,https://files.jcrt.org/archives/20.1/McMaken.pdf
Reiser.pdf,https://files.jcrt.org/archives/20.1/Reiser.pdf
Urquidez.pdf,https://files.jcrt.org/archives/20.1/Urquidez.pdf
Willis.pdf,https://files.jcrt.org/archives/20.1/Willis.pdf
bios.pdf,https://files.jcrt.org/archives/20.1/bios.pdf
Praise.pdf,https://files.jcrt.org/archives/20.2/Praise.pdf
bios.pdf,https://files.jcrt.org/archives/20.2/bios.pdf
Boulting.pdf,https://files.jcrt.org/archives/20.3/Boulting.pdf
Cuda.pdf,https://files.jcrt.org/archives/20.3/Cuda.pdf
Decoloniality.pdf,https://files.jcrt.org/archives/20.3/Decoloniality.pdf
Felese.pdf,https://files.jcrt.org/archives/20.3/Felese.pdf
Holdier.pdf,https://files.jcrt.org/archives/20.3/Holdier.pdf
Kline.pdf,https://files.jcrt.org/archives/20.3/Kline.pdf
Klug.pdf,https://files.jcrt.org/archives/20.3/Klug.pdf
bios.pdf,https://files.jcrt.org/archives/20.3/bios.pdf
walsh_mignolo_herrero_tinker.pdf,https://files.jcrt.org/archives/20.3/walsh_mignolo_herrero_tinker.pdf
Bakker.pdf,https://files.jcrt.org/archives/21.1/Bakker.pdf
Boulting.pdf,https://files.jcrt.org/archives/21.1/Boulting.pdf
Burkette.pdf,https://files.jcrt.org/archives/21.1/Burkette.pdf
Marinho.pdf,https://files.jcrt.org/archives/21.1/Marinho.pdf
Raubach.pdf,https://files.jcrt.org/archives/21.1/Raubach.pdf
Sirota.pdf,https://files.jcrt.org/archives/21.1/Sirota.pdf
Skof.pdf,https://files.jcrt.org/archives/21.1/Skof.pdf
bios.pdf,https://files.jcrt.org/archives/21.1/bios.pdf
Afridi.pdf,https://files.jcrt.org/archives/21.2/Afridi.pdf
Arnold.pdf,https://files.jcrt.org/archives/21.2/Arnold.pdf
Macdonald.pdf,https://files.jcrt.org/archives/21.2/Macdonald.pdf
Molla.pdf,https://files.jcrt.org/archives/21.2/Molla.pdf
Taylor.pdf,https://files.jcrt.org/archives/21.2/Taylor.pdf
Walker.pdf,https://files.jcrt.org/archives/21.2/Walker.pdf
Wood.pdf,https://files.jcrt.org/archives/21.2/Wood.pdf
bios.pdf,https://files.jcrt.org/archives/21.2/bios.pdf
Bradley0.pdf,https://files.jcrt.org/archives/21.3/Bradley0.pdf
Bradley1.pdf,https://files.jcrt.org/archives/21.3/Bradley1.pdf
Bradley2.pdf,https://files.jcrt.org/archives/21.3/Bradley2.pdf
Bradley3.pdf,https://files.jcrt.org/archives/21.3/Bradley3.pdf
Bradley4.pdf,https://files.jcrt.org/archives/21.3/Bradley4.pdf
Bradley5.pdf,https://files.jcrt.org/archives/21.3/Bradley5.pdf
Bradley6.pdf,https://files.jcrt.org/archives/21.3/Bradley6.pdf
Bradley7.pdf,https://files.jcrt.org/archives/21.3/Bradley7.pdf
Bradley8.pdf,https://files.jcrt.org/archives/21.3/Bradley8.pdf
Johnston.pdf,https://files.jcrt.org/archives/21.3/Johnston.pdf
Meganck.pdf,https://files.jcrt.org/archives/21.3/Meganck.pdf
Raschke.pdf,https://files.jcrt.org/archives/21.3/Raschke.pdf
Simon.pdf,https://files.jcrt.org/archives/21.3/Simon.pdf
bielik_robson.pdf,https://files.jcrt.org/archives/21.3/bielik_robson.pdf
bios.pdf,https://files.jcrt.org/archives/21.3/bios.pdf
bradley.pdf,https://files.jcrt.org/archives/21.3/bradley.pdf
bradley_2.pdf,https://files.jcrt.org/archives/21.3/bradley_2.pdf
bradley_3.pdf,https://files.jcrt.org/archives/21.3/bradley_3.pdf
gildea.pdf,https://files.jcrt.org/archives/21.3/gildea.pdf
nedoh.pdf,https://files.jcrt.org/archives/21.3/nedoh.pdf
Auer.pdf,https://files.jcrt.org/archives/22.1/Auer.pdf
Degaetano.pdf,https://files.jcrt.org/archives/22.1/Degaetano.pdf
Edlinger.pdf,https://files.jcrt.org/archives/22.1/Edlinger.pdf
Grane.pdf,https://files.jcrt.org/archives/22.1/Grane.pdf
Hujing.pdf,https://files.jcrt.org/archives/22.1/Hujing.pdf
Magnasco.pdf,https://files.jcrt.org/archives/22.1/Magnasco.pdf
Patry.pdf,https://files.jcrt.org/archives/22.1/Patry.pdf
Quell.pdf,https://files.jcrt.org/archives/22.1/Quell.pdf
Sedmak.pdf,https://files.jcrt.org/archives/22.1/Sedmak.pdf
Westin.pdf,https://files.jcrt.org/archives/22.1/Westin.pdf
Wurts.pdf,https://files.jcrt.org/archives/22.1/Wurts.pdf
grane.pdf,https://files.jcrt.org/archives/22.1/grane.pdf
Byng.pdf,https://files.jcrt.org/archives/22.2/Byng.pdf
Dubus.pdf,https://files.jcrt.org/archives/22.2/Dubus.pdf
Hall.pdf,https://files.jcrt.org/archives/22.2/Hall.pdf
Howes.pdf,https://files.jcrt.org/archives/22.2/Howes.pdf
Keller.pdf,https://files.jcrt.org/archives/22.2/Keller.pdf
Raschke.pdf,https://files.jcrt.org/archives/22.2/Raschke.pdf
Singh.pdf,https://files.jcrt.org/archives/22.2/Singh.pdf
bios.pdf,https://files.jcrt.org/archives/22.2/bios.pdf
Durante.pdf,https://files.jcrt.org/archives/23.1/Durante.pdf
Grane.pdf,https://files.jcrt.org/archives/23.1/Grane.pdf
Hujing.pdf,https://files.jcrt.org/archives/23.1/Hujing.pdf
Johnson.pdf,https://files.jcrt.org/archives/23.1/Johnson.pdf
Kaur.pdf,https://files.jcrt.org/archives/23.1/Kaur.pdf
Massaro.pdf,https://files.jcrt.org/archives/23.1/Massaro.pdf
Mather.pdf,https://files.jcrt.org/archives/23.1/Mather.pdf
McKanan.pdf,https://files.jcrt.org/archives/23.1/McKanan.pdf
Monson.pdf,https://files.jcrt.org/archives/23.1/Monson.pdf
Pope.pdf,https://files.jcrt.org/archives/23.1/Pope.pdf
Prewitt-Davis.pdf,https://files.jcrt.org/archives/23.1/Prewitt-Davis.pdf
bios.pdf,https://files.jcrt.org/archives/23.1/bios.pdf
Arnold.pdf,https://files.jcrt.org/archives/23.2/Arnold.pdf
Marks.pdf,https://files.jcrt.org/archives/23.2/Marks.pdf
Porter.pdf,https://files.jcrt.org/archives/23.2/Porter.pdf
Raschke.pdf,https://files.jcrt.org/archives/23.2/Raschke.pdf
Sendag.pdf,https://files.jcrt.org/archives/23.2/Sendag.pdf
bios.pdf,https://files.jcrt.org/archives/23.2/bios.pdf
Daga.pdf,https://files.jcrt.org/archives/24.1/Daga.pdf
Durante.pdf,https://files.jcrt.org/archives/24.1/Durante.pdf
Godazgar.pdf,https://files.jcrt.org/archives/24.1/Godazgar.pdf
Grammenou.pdf,https://files.jcrt.org/archives/24.1/Grammenou.pdf
Grane.pdf,https://files.jcrt.org/archives/24.1/Grane.pdf
Harwood.pdf,https://files.jcrt.org/archives/24.1/Harwood.pdf
Phelps.pdf,https://files.jcrt.org/archives/24.1/Phelps.pdf
Ruan.pdf,https://files.jcrt.org/archives/24.1/Ruan.pdf
Silverstein.pdf,https://files.jcrt.org/archives/24.1/Silverstein.pdf
abstracts.pdf,https://files.jcrt.org/archives/24.1/abstracts.pdf
bios.pdf,https://files.jcrt.org/archives/24.1/bios.pdf
alencar.pdf,https://files.jcrt.org/archives/24.2/alencar.pdf
author-bios.pdf,https://files.jcrt.org/archives/24.2/author-bios.pdf
barry.pdf,https://files.jcrt.org/archives/24.2/barry.pdf
berlin.pdf,https://files.jcrt.org/archives/24.2/berlin.pdf
callan.pdf,https://files.jcrt.org/archives/24.2/callan.pdf
chaness.pdf,https://files.jcrt.org/archives/24.2/chaness.pdf
felese.pdf,https://files.jcrt.org/archives/24.2/felese.pdf
hurtado.pdf,https://files.jcrt.org/archives/24.2/hurtado.pdf
introduction.pdf,https://files.jcrt.org/archives/24.2/introduction.pdf
jimenez.pdf,https://files.jcrt.org/archives/24.2/jimenez.pdf
lakshmi.pdf,https://files.jcrt.org/archives/24.2/lakshmi.pdf
modrow.pdf,https://files.jcrt.org/archives/24.2/modrow.pdf
nagle.pdf,https://files.jcrt.org/archives/24.2/nagle.pdf
nahar.pdf,https://files.jcrt.org/archives/24.2/nahar.pdf
preface.pdf,https://files.jcrt.org/archives/24.2/preface.pdf
radhakrishnan.pdf,https://files.jcrt.org/archives/24.2/radhakrishnan.pdf
somayajula.pdf,https://files.jcrt.org/archives/24.2/somayajula.pdf
table-of-contents.pdf,https://files.jcrt.org/archives/24.2/table-of-contents.pdf
trinkauskaite.pdf,https://files.jcrt.org/archives/24.2/trinkauskaite.pdf
wagner.pdf,https://files.jcrt.org/archives/24.2/wagner.pdf
conclusion.pdf,https://files.jcrt.org/archives/25.1/conclusion.pdf
derrico.pdf,https://files.jcrt.org/archives/25.1/derrico.pdf
goudy.pdf,https://files.jcrt.org/archives/25.1/goudy.pdf
heath.pdf,https://files.jcrt.org/archives/25.1/heath.pdf
miller.pdf,https://files.jcrt.org/archives/25.1/miller.pdf
newcomb.pdf,https://files.jcrt.org/archives/25.1/newcomb.pdf
postscript.pdf,https://files.jcrt.org/archives/25.1/postscript.pdf
rodgers-falk.pdf,https://files.jcrt.org/archives/25.1/rodgers-falk.pdf
schwartzberg.pdf,https://files.jcrt.org/archives/25.1/schwartzberg.pdf
alikhani.pdf,https://files.jcrt.org/archives/25.2/alikhani.pdf
bell.pdf,https://files.jcrt.org/archives/25.2/bell.pdf
cheung.pdf,https://files.jcrt.org/archives/25.2/cheung.pdf
gilbert.pdf,https://files.jcrt.org/archives/25.2/gilbert.pdf
hall.pdf,https://files.jcrt.org/archives/25.2/hall.pdf
lockhart.pdf,https://files.jcrt.org/archives/25.2/lockhart.pdf
raschke.pdf,https://files.jcrt.org/archives/25.2/raschke.pdf
shane.pdf,https://files.jcrt.org/archives/25.2/shane.pdf
spencer.pdf,https://files.jcrt.org/archives/25.2/spencer.pdf
valentini.pdf,https://files.jcrt.org/archives/25.2/valentini.pdf
crockett.csl.json,https://files.jcrt.org/citations/archives/01.1/crockett.csl.json
crockett.ris,https://files.jcrt.org/citations/archives/01.1/crockett.ris
kavka.csl.json,https://files.jcrt.org/citations/archives/01.1/kavka.csl.json
kavka.ris,https://files.jcrt.org/citations/archives/01.1/kavka.ris
lambert.csl.json,https://files.jcrt.org/citations/archives/01.1/lambert.csl.json
lambert.ris,https://files.jcrt.org/citations/archives/01.1/lambert.ris
lee.csl.json,https://files.jcrt.org/citations/archives/01.1/lee.csl.json
lee.ris,https://files.jcrt.org/citations/archives/01.1/lee.ris
raschke.csl.json,https://files.jcrt.org/citations/archives/01.1/raschke.csl.json
raschke.ris,https://files.jcrt.org/citations/archives/01.1/raschke.ris
reinhard_lupton.csl.json,https://files.jcrt.org/citations/archives/01.1/reinhard_lupton.csl.json
reinhard_lupton.ris,https://files.jcrt.org/citations/archives/01.1/reinhard_lupton.ris
vahanian.csl.json,https://files.jcrt.org/citations/archives/01.1/vahanian.csl.json
vahanian.ris,https://files.jcrt.org/citations/archives/01.1/vahanian.ris
winquist.csl.json,https://files.jcrt.org/citations/archives/01.1/winquist.csl.json
winquist.ris,https://files.jcrt.org/citations/archives/01.1/winquist.ris
young.csl.json,https://files.jcrt.org/citations/archives/01.1/young.csl.json
young.ris,https://files.jcrt.org/citations/archives/01.1/young.ris
adcock.csl.json,https://files.jcrt.org/citations/archives/01.2/adcock.csl.json
adcock.ris,https://files.jcrt.org/citations/archives/01.2/adcock.ris
canning.csl.json,https://files.jcrt.org/citations/archives/01.2/canning.csl.json
canning.ris,https://files.jcrt.org/citations/archives/01.2/canning.ris
long.csl.json,https://files.jcrt.org/citations/archives/01.2/long.csl.json
long.ris,https://files.jcrt.org/citations/archives/01.2/long.ris
lorentzen.csl.json,https://files.jcrt.org/citations/archives/01.2/lorentzen.csl.json
lorentzen.ris,https://files.jcrt.org/citations/archives/01.2/lorentzen.ris
nvahanian.csl.json,https://files.jcrt.org/citations/archives/01.2/nvahanian.csl.json
nvahanian.ris,https://files.jcrt.org/citations/archives/01.2/nvahanian.ris
ruf.csl.json,https://files.jcrt.org/citations/archives/01.2/ruf.csl.json
ruf.ris,https://files.jcrt.org/citations/archives/01.2/ruf.ris
smith.csl.json,https://files.jcrt.org/citations/archives/01.2/smith.csl.json
smith.ris,https://files.jcrt.org/citations/archives/01.2/smith.ris
taylor.csl.json,https://files.jcrt.org/citations/archives/01.2/taylor.csl.json
taylor.ris,https://files.jcrt.org/citations/archives/01.2/taylor.ris
wyschogrod_raschke.csl.json,https://files.jcrt.org/citations/archives/01.2/wyschogrod_raschke.csl.json
wyschogrod_raschke.ris,https://files.jcrt.org/citations/archives/01.2/wyschogrod_raschke.ris
caputo.csl.json,https://files.jcrt.org/citations/archives/01.3/caputo.csl.json
caputo.ris,https://files.jcrt.org/citations/archives/01.3/caputo.ris
carpenter.csl.json,https://files.jcrt.org/citations/archives/01.3/carpenter.csl.json
carpenter.ris,https://files.jcrt.org/citations/archives/01.3/carpenter.ris
crockett.csl.json,https://files.jcrt.org/citations/archives/01.3/crockett.csl.json
crockett.ris,https://files.jcrt.org/citations/archives/01.3/crockett.ris
dicenso.csl.json,https://files.jcrt.org/citations/archives/01.3/dicenso.csl.json
dicenso.ris,https://files.jcrt.org/citations/archives/01.3/dicenso.ris
game.csl.json,https://files.jcrt.org/citations/archives/01.3/game.csl.json
game.ris,https://files.jcrt.org/citations/archives/01.3/game.ris
kosky.csl.json,https://files.jcrt.org/citations/archives/01.3/kosky.csl.json
kosky.ris,https://files.jcrt.org/citations/archives/01.3/kosky.ris
metcalfe.csl.json,https://files.jcrt.org/citations/archives/01.3/metcalfe.csl.json
metcalfe.ris,https://files.jcrt.org/citations/archives/01.3/metcalfe.ris
richard.csl.json,https://files.jcrt.org/citations/archives/01.3/richard.csl.json
richard.ris,https://files.jcrt.org/citations/archives/01.3/richard.ris
strysick.csl.json,https://files.jcrt.org/citations/archives/01.3/strysick.csl.json
strysick.ris,https://files.jcrt.org/citations/archives/01.3/strysick.ris
weiss.csl.json,https://files.jcrt.org/citations/archives/01.3/weiss.csl.json
weiss.ris,https://files.jcrt.org/citations/archives/01.3/weiss.ris
halpern.csl.json,https://files.jcrt.org/citations/archives/02.1/halpern.csl.json
halpern.ris,https://files.jcrt.org/citations/archives/02.1/halpern.ris
lambert.csl.json,https://files.jcrt.org/citations/archives/02.1/lambert.csl.json
lambert.ris,https://files.jcrt.org/citations/archives/02.1/lambert.ris
lupton.csl.json,https://files.jcrt.org/citations/archives/02.1/lupton.csl.json
lupton.ris,https://files.jcrt.org/citations/archives/02.1/lupton.ris
ochs.csl.json,https://files.jcrt.org/citations/archives/02.1/ochs.csl.json
ochs.ris,https://files.jcrt.org/citations/archives/02.1/ochs.ris
raschke.csl.json,https://files.jcrt.org/citations/archives/02.1/raschke.csl.json
raschke.ris,https://files.jcrt.org/citations/archives/02.1/raschke.ris
reinhard_lupton.csl.json,https://files.jcrt.org/citations/archives/02.1/reinhard_lupton.csl.json
reinhard_lupton.ris,https://files.jcrt.org/citations/archives/02.1/reinhard_lupton.ris
sugimoto.csl.json,https://files.jcrt.org/citations/archives/02.1/sugimoto.csl.json
sugimoto.ris,https://files.jcrt.org/citations/archives/02.1/sugimoto.ris
taylor.csl.json,https://files.jcrt.org/citations/archives/02.1/taylor.csl.json
taylor.ris,https://files.jcrt.org/citations/archives/02.1/taylor.ris
altizer.csl.json,https://files.jcrt.org/citations/archives/02.2/altizer.csl.json
altizer.ris,https://files.jcrt.org/citations/archives/02.2/altizer.ris
arnold.csl.json,https://files.jcrt.org/citations/archives/02.2/arnold.csl.json
arnold.ris,https://files.jcrt.org/citations/archives/02.2/arnold.ris
elias.csl.json,https://files.jcrt.org/citations/archives/02.2/elias.csl.json
elias.ris,https://files.jcrt.org/citations/archives/02.2/elias.ris
majer.csl.json,https://files.jcrt.org/citations/archives/02.2/majer.csl.json
majer.ris,https://files.jcrt.org/citations/archives/02.2/majer.ris
robbins.csl.json,https://files.jcrt.org/citations/archives/02.2/robbins.csl.json
robbins.ris,https://files.jcrt.org/citations/archives/02.2/robbins.ris
tatusko.csl.json,https://files.jcrt.org/citations/archives/02.2/tatusko.csl.json
tatusko.ris,https://files.jcrt.org/citations/archives/02.2/tatusko.ris
taylor.csl.json,https://files.jcrt.org/citations/archives/02.2/taylor.csl.json
taylor.ris,https://files.jcrt.org/citations/archives/02.2/taylor.ris
taylor_raschke.csl.json,https://files.jcrt.org/citations/archives/02.2/taylor_raschke.csl.json
taylor_raschke.ris,https://files.jcrt.org/citations/archives/02.2/taylor_raschke.ris
cha.csl.json,https://files.jcrt.org/citations/archives/02.3/cha.csl.json
cha.ris,https://files.jcrt.org/citations/archives/02.3/cha.ris
crockett.csl.json,https://files.jcrt.org/citations/archives/02.3/crockett.csl.json
crockett.ris,https://files.jcrt.org/citations/archives/02.3/crockett.ris
hale.csl.json,https://files.jcrt.org/citations/archives/02.3/hale.csl.json
hale.ris,https://files.jcrt.org/citations/archives/02.3/hale.ris
katchen.csl.json,https://files.jcrt.org/citations/archives/02.3/katchen.csl.json
katchen.ris,https://files.jcrt.org/citations/archives/02.3/katchen.ris
lakeland.csl.json,https://files.jcrt.org/citations/archives/02.3/lakeland.csl.json
lakeland.ris,https://files.jcrt.org/citations/archives/02.3/lakeland.ris
magee.csl.json,https://files.jcrt.org/citations/archives/02.3/magee.csl.json
magee.ris,https://files.jcrt.org/citations/archives/02.3/magee.ris
mccullough.csl.json,https://files.jcrt.org/citations/archives/02.3/mccullough.csl.json
mccullough.ris,https://files.jcrt.org/citations/archives/02.3/mccullough.ris
ronan.csl.json,https://files.jcrt.org/citations/archives/02.3/ronan.csl.json
ronan.ris,https://files.jcrt.org/citations/archives/02.3/ronan.ris
takim.csl.json,https://files.jcrt.org/citations/archives/02.3/takim.csl.json
takim.ris,https://files.jcrt.org/citations/archives/02.3/takim.ris
weiss.csl.json,https://files.jcrt.org/citations/archives/02.3/weiss.csl.json
weiss.ris,https://files.jcrt.org/citations/archives/02.3/weiss.ris
anderson.csl.json,https://files.jcrt.org/citations/archives/03.1/anderson.csl.json
anderson.ris,https://files.jcrt.org/citations/archives/03.1/anderson.ris
dean.csl.json,https://files.jcrt.org/citations/archives/03.1/dean.csl.json
dean.ris,https://files.jcrt.org/citations/archives/03.1/dean.ris
gooch.csl.json,https://files.jcrt.org/citations/archives/03.1/gooch.csl.json
gooch.ris,https://files.jcrt.org/citations/archives/03.1/gooch.ris
keuss.csl.json,https://files.jcrt.org/citations/archives/03.1/keuss.csl.json
keuss.ris,https://files.jcrt.org/citations/archives/03.1/keuss.ris
maccammon.csl.json,https://files.jcrt.org/citations/archives/03.1/maccammon.csl.json
maccammon.ris,https://files.jcrt.org/citations/archives/03.1/maccammon.ris
raschke.csl.json,https://files.jcrt.org/citations/archives/03.1/raschke.csl.json
raschke.ris,https://files.jcrt.org/citations/archives/03.1/raschke.ris
stone.csl.json,https://files.jcrt.org/citations/archives/03.1/stone.csl.json
stone.ris,https://files.jcrt.org/citations/archives/03.1/stone.ris
caputo_raschke.csl.json,https://files.jcrt.org/citations/archives/03.2/caputo_raschke.csl.json
caputo_raschke.ris,https://files.jcrt.org/citations/archives/03.2/caputo_raschke.ris
grimshaw.csl.json,https://files.jcrt.org/citations/archives/03.2/grimshaw.csl.json
grimshaw.ris,https://files.jcrt.org/citations/archives/03.2/grimshaw.ris
hale.csl.json,https://files.jcrt.org/citations/archives/03.2/hale.csl.json
hale.ris,https://files.jcrt.org/citations/archives/03.2/hale.ris
hyman.csl.json,https://files.jcrt.org/citations/archives/03.2/hyman.csl.json
hyman.ris,https://files.jcrt.org/citations/archives/03.2/hyman.ris
katz.csl.json,https://files.jcrt.org/citations/archives/03.2/katz.csl.json
katz.ris,https://files.jcrt.org/citations/archives/03.2/katz.ris
lee.csl.json,https://files.jcrt.org/citations/archives/03.2/lee.csl.json
lee.ris,https://files.jcrt.org/citations/archives/03.2/lee.ris
metcalf.csl.json,https://files.jcrt.org/citations/archives/03.2/metcalf.csl.json
metcalf.ris,https://files.jcrt.org/citations/archives/03.2/metcalf.ris
parmenter.csl.json,https://files.jcrt.org/citations/archives/03.2/parmenter.csl.json
parmenter.ris,https://files.jcrt.org/citations/archives/03.2/parmenter.ris
taylor.csl.json,https://files.jcrt.org/citations/archives/03.2/taylor.csl.json
taylor.ris,https://files.jcrt.org/citations/archives/03.2/taylor.ris
winquist.csl.json,https://files.jcrt.org/citations/archives/03.2/winquist.csl.json
winquist.ris,https://files.jcrt.org/citations/archives/03.2/winquist.ris
crockett.csl.json,https://files.jcrt.org/citations/archives/03.3/crockett.csl.json
crockett.ris,https://files.jcrt.org/citations/archives/03.3/crockett.ris
druen.csl.json,https://files.jcrt.org/citations/archives/03.3/druen.csl.json
druen.ris,https://files.jcrt.org/citations/archives/03.3/druen.ris
flato.csl.json,https://files.jcrt.org/citations/archives/03.3/flato.csl.json
flato.ris,https://files.jcrt.org/citations/archives/03.3/flato.ris
iyer.csl.json,https://files.jcrt.org/citations/archives/03.3/iyer.csl.json
iyer.ris,https://files.jcrt.org/citations/archives/03.3/iyer.ris
putt.csl.json,https://files.jcrt.org/citations/archives/03.3/putt.csl.json
putt.ris,https://files.jcrt.org/citations/archives/03.3/putt.ris
rashkover.csl.json,https://files.jcrt.org/citations/archives/03.3/rashkover.csl.json
rashkover.ris,https://files.jcrt.org/citations/archives/03.3/rashkover.ris
reinhart.csl.json,https://files.jcrt.org/citations/archives/03.3/reinhart.csl.json
reinhart.ris,https://files.jcrt.org/citations/archives/03.3/reinhart.ris
scott.csl.json,https://files.jcrt.org/citations/archives/03.3/scott.csl.json
scott.ris,https://files.jcrt.org/citations/archives/03.3/scott.ris
taylor.csl.json,https://files.jcrt.org/citations/archives/03.3/taylor.csl.json
taylor.ris,https://files.jcrt.org/citations/archives/03.3/taylor.ris
weiss.csl.json,https://files.jcrt.org/citations/archives/03.3/weiss.csl.json
weiss.ris,https://files.jcrt.org/citations/archives/03.3/weiss.ris
zerbe.csl.json,https://files.jcrt.org/citations/archives/03.3/zerbe.csl.json
zerbe.ris,https://files.jcrt.org/citations/archives/03.3/zerbe.ris
bennett-carpenter.csl.json,https://files.jcrt.org/citations/archives/04.1/bennett-carpenter.csl.json
bennett-carpenter.ris,https://files.jcrt.org/citations/archives/04.1/bennett-carpenter.ris
blundell.csl.json,https://files.jcrt.org/citations/archives/04.1/blundell.csl.json
blundell.ris,https://files.jcrt.org/citations/archives/04.1/blundell.ris
egginton.csl.json,https://files.jcrt.org/citations/archives/04.1/egginton.csl.json
egginton.ris,https://files.jcrt.org/citations/archives/04.1/egginton.ris
hamner.csl.json,https://files.jcrt.org/citations/archives/04.1/hamner.csl.json
hamner.ris,https://files.jcrt.org/citations/archives/04.1/hamner.ris
index2.csl.json,https://files.jcrt.org/citations/archives/04.1/index2.csl.json
index2.ris,https://files.jcrt.org/citations/archives/04.1/index2.ris
kosky.csl.json,https://files.jcrt.org/citations/archives/04.1/kosky.csl.json
kosky.ris,https://files.jcrt.org/citations/archives/04.1/kosky.ris
lokensgard.csl.json,https://files.jcrt.org/citations/archives/04.1/lokensgard.csl.json
lokensgard.ris,https://files.jcrt.org/citations/archives/04.1/lokensgard.ris
markmanolopoulos.csl.json,https://files.jcrt.org/citations/archives/04.1/markmanolopoulos.csl.json
markmanolopoulos.ris,https://files.jcrt.org/citations/archives/04.1/markmanolopoulos.ris
mcgrath.csl.json,https://files.jcrt.org/citations/archives/04.1/mcgrath.csl.json
mcgrath.ris,https://files.jcrt.org/citations/archives/04.1/mcgrath.ris
raschke.csl.json,https://files.jcrt.org/citations/archives/04.1/raschke.csl.json
raschke.ris,https://files.jcrt.org/citations/archives/04.1/raschke.ris
caputo.csl.json,https://files.jcrt.org/citations/archives/04.2/caputo.csl.json
caputo.ris,https://files.jcrt.org/citations/archives/04.2/caputo.ris
flaxman.csl.json,https://files.jcrt.org/citations/archives/04.2/flaxman.csl.json
flaxman.ris,https://files.jcrt.org/citations/archives/04.2/flaxman.ris
lambert-taylor.intro.csl.json,https://files.jcrt.org/citations/archives/04.2/lambert-taylor.intro.csl.json
lambert-taylor.intro.ris,https://files.jcrt.org/citations/archives/04.2/lambert-taylor.intro.ris
lambert.csl.json,https://files.jcrt.org/citations/archives/04.2/lambert.csl.json
lambert.ris,https://files.jcrt.org/citations/archives/04.2/lambert.ris
nichols.csl.json,https://files.jcrt.org/citations/archives/04.2/nichols.csl.json
nichols.ris,https://files.jcrt.org/citations/archives/04.2/nichols.ris
pecora.csl.json,https://files.jcrt.org/citations/archives/04.2/pecora.csl.json
pecora.ris,https://files.jcrt.org/citations/archives/04.2/pecora.ris
rabate-lambert.csl.json,https://files.jcrt.org/citations/archives/04.2/rabate-lambert.csl.json
rabate-lambert.ris,https://files.jcrt.org/citations/archives/04.2/rabate-lambert.ris
saper.csl.json,https://files.jcrt.org/citations/archives/04.2/saper.csl.json
saper.ris,https://files.jcrt.org/citations/archives/04.2/saper.ris
taylor.csl.json,https://files.jcrt.org/citations/archives/04.2/taylor.csl.json
taylor.ris,https://files.jcrt.org/citations/archives/04.2/taylor.ris
williams.csl.json,https://files.jcrt.org/citations/archives/04.2/williams.csl.json
williams.ris,https://files.jcrt.org/citations/archives/04.2/williams.ris
atchley.csl.json,https://files.jcrt.org/citations/archives/04.3/atchley.csl.json
atchley.ris,https://files.jcrt.org/citations/archives/04.3/atchley.ris
azari.csl.json,https://files.jcrt.org/citations/archives/04.3/azari.csl.json
azari.ris,https://files.jcrt.org/citations/archives/04.3/azari.ris
caputo.csl.json,https://files.jcrt.org/citations/archives/04.3/caputo.csl.json
caputo.ris,https://files.jcrt.org/citations/archives/04.3/caputo.ris
crockett.csl.json,https://files.jcrt.org/citations/archives/04.3/crockett.csl.json
crockett.ris,https://files.jcrt.org/citations/archives/04.3/crockett.ris
livingston.csl.json,https://files.jcrt.org/citations/archives/04.3/livingston.csl.json
livingston.ris,https://files.jcrt.org/citations/archives/04.3/livingston.ris
lokensgard.csl.json,https://files.jcrt.org/citations/archives/04.3/lokensgard.csl.json
lokensgard.ris,https://files.jcrt.org/citations/archives/04.3/lokensgard.ris
macri.csl.json,https://files.jcrt.org/citations/archives/04.3/macri.csl.json
macri.ris,https://files.jcrt.org/citations/archives/04.3/macri.ris
michaud.csl.json,https://files.jcrt.org/citations/archives/04.3/michaud.csl.json
michaud.ris,https://files.jcrt.org/citations/archives/04.3/michaud.ris
ream.csl.json,https://files.jcrt.org/citations/archives/04.3/ream.csl.json
ream.ris,https://files.jcrt.org/citations/archives/04.3/ream.ris
rennie.csl.json,https://files.jcrt.org/citations/archives/04.3/rennie.csl.json
rennie.ris,https://files.jcrt.org/citations/archives/04.3/rennie.ris
saldino.csl.json,https://files.jcrt.org/citations/archives/04.3/saldino.csl.json
saldino.ris,https://files.jcrt.org/citations/archives/04.3/saldino.ris
snyder.csl.json,https://files.jcrt.org/citations/archives/04.3/snyder.csl.json
snyder.ris,https://files.jcrt.org/citations/archives/04.3/snyder.ris
thompson.csl.json,https://files.jcrt.org/citations/archives/04.3/thompson.csl.json
thompson.ris,https://files.jcrt.org/citations/archives/04.3/thompson.ris
york.csl.json,https://files.jcrt.org/citations/archives/04.3/york.csl.json
york.ris,https://files.jcrt.org/citations/archives/04.3/york.ris
bain-selbo.csl.json,https://files.jcrt.org/citations/archives/05.1/bain-selbo.csl.json
bain-selbo.ris,https://files.jcrt.org/citations/archives/05.1/bain-selbo.ris
fasching.csl.json,https://files.jcrt.org/citations/archives/05.1/fasching.csl.json
fasching.ris,https://files.jcrt.org/citations/archives/05.1/fasching.ris
hale.csl.json,https://files.jcrt.org/citations/archives/05.1/hale.csl.json
hale.ris,https://files.jcrt.org/citations/archives/05.1/hale.ris
iyer.csl.json,https://files.jcrt.org/citations/archives/05.1/iyer.csl.json
iyer.ris,https://files.jcrt.org/citations/archives/05.1/iyer.ris
juschka.csl.json,https://files.jcrt.org/citations/archives/05.1/juschka.csl.json
juschka.ris,https://files.jcrt.org/citations/archives/05.1/juschka.ris
lee.csl.json,https://files.jcrt.org/citations/archives/05.1/lee.csl.json
lee.ris,https://files.jcrt.org/citations/archives/05.1/lee.ris
meeks.csl.json,https://files.jcrt.org/citations/archives/05.1/meeks.csl.json
meeks.ris,https://files.jcrt.org/citations/archives/05.1/meeks.ris
putt.csl.json,https://files.jcrt.org/citations/archives/05.1/putt.csl.json
putt.ris,https://files.jcrt.org/citations/archives/05.1/putt.ris
raschke.csl.json,https://files.jcrt.org/citations/archives/05.1/raschke.csl.json
raschke.ris,https://files.jcrt.org/citations/archives/05.1/raschke.ris
siebers.csl.json,https://files.jcrt.org/citations/archives/05.1/siebers.csl.json
siebers.ris,https://files.jcrt.org/citations/archives/05.1/siebers.ris
tate.csl.json,https://files.jcrt.org/citations/archives/05.1/tate.csl.json
tate.ris,https://files.jcrt.org/citations/archives/05.1/tate.ris
caputo.csl.json,https://files.jcrt.org/citations/archives/05.2/caputo.csl.json
caputo.ris,https://files.jcrt.org/citations/archives/05.2/caputo.ris
conroy.csl.json,https://files.jcrt.org/citations/archives/05.2/conroy.csl.json
conroy.ris,https://files.jcrt.org/citations/archives/05.2/conroy.ris
crockett.csl.json,https://files.jcrt.org/citations/archives/05.2/crockett.csl.json
crockett.ris,https://files.jcrt.org/citations/archives/05.2/crockett.ris
goodchild.csl.json,https://files.jcrt.org/citations/archives/05.2/goodchild.csl.json
goodchild.ris,https://files.jcrt.org/citations/archives/05.2/goodchild.ris
iyer.csl.json,https://files.jcrt.org/citations/archives/05.2/iyer.csl.json
iyer.ris,https://files.jcrt.org/citations/archives/05.2/iyer.ris
lambert.csl.json,https://files.jcrt.org/citations/archives/05.2/lambert.csl.json
lambert.ris,https://files.jcrt.org/citations/archives/05.2/lambert.ris
lambrianou.csl.json,https://files.jcrt.org/citations/archives/05.2/lambrianou.csl.json
lambrianou.ris,https://files.jcrt.org/citations/archives/05.2/lambrianou.ris
raschke.csl.json,https://files.jcrt.org/citations/archives/05.2/raschke.csl.json
raschke.ris,https://files.jcrt.org/citations/archives/05.2/raschke.ris
ream.csl.json,https://files.jcrt.org/citations/archives/05.2/ream.csl.json
ream.ris,https://files.jcrt.org/citations/archives/05.2/ream.ris
robbins.csl.json,https://files.jcrt.org/citations/archives/05.2/robbins.csl.json
robbins.ris,https://files.jcrt.org/citations/archives/05.2/robbins.ris
rodkey.csl.json,https://files.jcrt.org/citations/archives/05.2/rodkey.csl.json
rodkey.ris,https://files.jcrt.org/citations/archives/05.2/rodkey.ris
taylor.csl.json,https://files.jcrt.org/citations/archives/05.2/taylor.csl.json
taylor.ris,https://files.jcrt.org/citations/archives/05.2/taylor.ris
ware.csl.json,https://files.jcrt.org/citations/archives/05.2/ware.csl.json
ware.ris,https://files.jcrt.org/citations/archives/05.2/ware.ris
weislogel.csl.json,https://files.jcrt.org/citations/archives/05.2/weislogel.csl.json
weislogel.ris,https://files.jcrt.org/citations/archives/05.2/weislogel.ris
woodard.csl.json,https://files.jcrt.org/citations/archives/05.2/woodard.csl.json
woodard.ris,https://files.jcrt.org/citations/archives/05.2/woodard.ris
biles.csl.json,https://files.jcrt.org/citations/archives/05.3/biles.csl.json
biles.ris,https://files.jcrt.org/citations/archives/05.3/biles.ris
biondo.csl.json,https://files.jcrt.org/citations/archives/05.3/biondo.csl.json
biondo.ris,https://files.jcrt.org/citations/archives/05.3/biondo.ris
duke.csl.json,https://files.jcrt.org/citations/archives/05.3/duke.csl.json
duke.ris,https://files.jcrt.org/citations/archives/05.3/duke.ris
flato.csl.json,https://files.jcrt.org/citations/archives/05.3/flato.csl.json
flato.ris,https://files.jcrt.org/citations/archives/05.3/flato.ris
fodor.csl.json,https://files.jcrt.org/citations/archives/05.3/fodor.csl.json
fodor.ris,https://files.jcrt.org/citations/archives/05.3/fodor.ris
gilmour.csl.json,https://files.jcrt.org/citations/archives/05.3/gilmour.csl.json
gilmour.ris,https://files.jcrt.org/citations/archives/05.3/gilmour.ris
igrek.csl.json,https://files.jcrt.org/citations/archives/05.3/igrek.csl.json
igrek.ris,https://files.jcrt.org/citations/archives/05.3/igrek.ris
keen.csl.json,https://files.jcrt.org/citations/archives/05.3/keen.csl.json
keen.ris,https://files.jcrt.org/citations/archives/05.3/keen.ris
mcpherson.csl.json,https://files.jcrt.org/citations/archives/05.3/mcpherson.csl.json
mcpherson.ris,https://files.jcrt.org/citations/archives/05.3/mcpherson.ris
nayar.csl.json,https://files.jcrt.org/citations/archives/05.3/nayar.csl.json
nayar.ris,https://files.jcrt.org/citations/archives/05.3/nayar.ris
purcell.csl.json,https://files.jcrt.org/citations/archives/05.3/purcell.csl.json
purcell.ris,https://files.jcrt.org/citations/archives/05.3/purcell.ris
reinhart.csl.json,https://files.jcrt.org/citations/archives/05.3/reinhart.csl.json
reinhart.ris,https://files.jcrt.org/citations/archives/05.3/reinhart.ris
robbins.csl.json,https://files.jcrt.org/citations/archives/05.3/robbins.csl.json
robbins.ris,https://files.jcrt.org/citations/archives/05.3/robbins.ris
rodkey.csl.json,https://files.jcrt.org/citations/archives/05.3/rodkey.csl.json
rodkey.ris,https://files.jcrt.org/citations/archives/05.3/rodkey.ris
smith.csl.json,https://files.jcrt.org/citations/archives/05.3/smith.csl.json
smith.ris,https://files.jcrt.org/citations/archives/05.3/smith.ris
urbanczyk.csl.json,https://files.jcrt.org/citations/archives/05.3/urbanczyk.csl.json
urbanczyk.ris,https://files.jcrt.org/citations/archives/05.3/urbanczyk.ris
vahabzadeh.csl.json,https://files.jcrt.org/citations/archives/05.3/vahabzadeh.csl.json
vahabzadeh.ris,https://files.jcrt.org/citations/archives/05.3/vahabzadeh.ris
vahanian.csl.json,https://files.jcrt.org/citations/archives/05.3/vahanian.csl.json
vahanian.ris,https://files.jcrt.org/citations/archives/05.3/vahanian.ris
blanton.csl.json,https://files.jcrt.org/citations/archives/06.1/blanton.csl.json
blanton.ris,https://files.jcrt.org/citations/archives/06.1/blanton.ris
brogan.csl.json,https://files.jcrt.org/citations/archives/06.1/brogan.csl.json
brogan.ris,https://files.jcrt.org/citations/archives/06.1/brogan.ris
caputo.csl.json,https://files.jcrt.org/citations/archives/06.1/caputo.csl.json
caputo.ris,https://files.jcrt.org/citations/archives/06.1/caputo.ris
clingerman.csl.json,https://files.jcrt.org/citations/archives/06.1/clingerman.csl.json
clingerman.ris,https://files.jcrt.org/citations/archives/06.1/clingerman.ris
grieve-carlson.csl.json,https://files.jcrt.org/citations/archives/06.1/grieve-carlson.csl.json
grieve-carlson.ris,https://files.jcrt.org/citations/archives/06.1/grieve-carlson.ris
hoelzl.csl.json,https://files.jcrt.org/citations/archives/06.1/hoelzl.csl.json
hoelzl.ris,https://files.jcrt.org/citations/archives/06.1/hoelzl.ris
johnson.csl.json,https://files.jcrt.org/citations/archives/06.1/johnson.csl.json
johnson.ris,https://files.jcrt.org/citations/archives/06.1/johnson.ris
jones.csl.json,https://files.jcrt.org/citations/archives/06.1/jones.csl.json
jones.ris,https://files.jcrt.org/citations/archives/06.1/jones.ris
michaud.csl.json,https://files.jcrt.org/citations/archives/06.1/michaud.csl.json
michaud.ris,https://files.jcrt.org/citations/archives/06.1/michaud.ris
taylor.csl.json,https://files.jcrt.org/citations/archives/06.1/taylor.csl.json
taylor.ris,https://files.jcrt.org/citations/archives/06.1/taylor.ris
vahanian.csl.json,https://files.jcrt.org/citations/archives/06.1/vahanian.csl.json
vahanian.ris,https://files.jcrt.org/citations/archives/06.1/vahanian.ris
whiting.csl.json,https://files.jcrt.org/citations/archives/06.1/whiting.csl.json
whiting.ris,https://files.jcrt.org/citations/archives/06.1/whiting.ris
woodard.csl.json,https://files.jcrt.org/citations/archives/06.1/woodard.csl.json
woodard.ris,https://files.jcrt.org/citations/archives/06.1/woodard.ris
bain-selbo.csl.json,https://files.jcrt.org/citations/archives/06.2/bain-selbo.csl.json
bain-selbo.ris,https://files.jcrt.org/citations/archives/06.2/bain-selbo.ris
crockett.csl.json,https://files.jcrt.org/citations/archives/06.2/crockett.csl.json
crockett.ris,https://files.jcrt.org/citations/archives/06.2/crockett.ris
fischer.csl.json,https://files.jcrt.org/citations/archives/06.2/fischer.csl.json
fischer.ris,https://files.jcrt.org/citations/archives/06.2/fischer.ris
igrek.csl.json,https://files.jcrt.org/citations/archives/06.2/igrek.csl.json
igrek.ris,https://files.jcrt.org/citations/archives/06.2/igrek.ris
kearney-taylor.csl.json,https://files.jcrt.org/citations/archives/06.2/kearney-taylor.csl.json
kearney-taylor.ris,https://files.jcrt.org/citations/archives/06.2/kearney-taylor.ris
larrey.csl.json,https://files.jcrt.org/citations/archives/06.2/larrey.csl.json
larrey.ris,https://files.jcrt.org/citations/archives/06.2/larrey.ris
raschke.csl.json,https://files.jcrt.org/citations/archives/06.2/raschke.csl.json
raschke.ris,https://files.jcrt.org/citations/archives/06.2/raschke.ris
reid.csl.json,https://files.jcrt.org/citations/archives/06.2/reid.csl.json
reid.ris,https://files.jcrt.org/citations/archives/06.2/reid.ris
robbins.csl.json,https://files.jcrt.org/citations/archives/06.2/robbins.csl.json
robbins.ris,https://files.jcrt.org/citations/archives/06.2/robbins.ris
stanley.csl.json,https://files.jcrt.org/citations/archives/06.2/stanley.csl.json
stanley.ris,https://files.jcrt.org/citations/archives/06.2/stanley.ris
vahabzadeh.csl.json,https://files.jcrt.org/citations/archives/06.2/vahabzadeh.csl.json
vahabzadeh.ris,https://files.jcrt.org/citations/archives/06.2/vahabzadeh.ris
waggoner.art.csl.json,https://files.jcrt.org/citations/archives/06.2/waggoner.art.csl.json
waggoner.art.ris,https://files.jcrt.org/citations/archives/06.2/waggoner.art.ris
waggoner.csl.json,https://files.jcrt.org/citations/archives/06.2/waggoner.csl.json
waggoner.ris,https://files.jcrt.org/citations/archives/06.2/waggoner.ris
bain-selbo.csl.json,https://files.jcrt.org/citations/archives/06.3/bain-selbo.csl.json
bain-selbo.ris,https://files.jcrt.org/citations/archives/06.3/bain-selbo.ris
benko.csl.json,https://files.jcrt.org/citations/archives/06.3/benko.csl.json
benko.ris,https://files.jcrt.org/citations/archives/06.3/benko.ris
bowring.csl.json,https://files.jcrt.org/citations/archives/06.3/bowring.csl.json
bowring.ris,https://files.jcrt.org/citations/archives/06.3/bowring.ris
cauchi.csl.json,https://files.jcrt.org/citations/archives/06.3/cauchi.csl.json
cauchi.ris,https://files.jcrt.org/citations/archives/06.3/cauchi.ris
grimshaw.csl.json,https://files.jcrt.org/citations/archives/06.3/grimshaw.csl.json
grimshaw.ris,https://files.jcrt.org/citations/archives/06.3/grimshaw.ris
harpham.csl.json,https://files.jcrt.org/citations/archives/06.3/harpham.csl.json
harpham.ris,https://files.jcrt.org/citations/archives/06.3/harpham.ris
hart.csl.json,https://files.jcrt.org/citations/archives/06.3/hart.csl.json
hart.ris,https://files.jcrt.org/citations/archives/06.3/hart.ris
klink.csl.json,https://files.jcrt.org/citations/archives/06.3/klink.csl.json
klink.ris,https://files.jcrt.org/citations/archives/06.3/klink.ris
kotsko.csl.json,https://files.jcrt.org/citations/archives/06.3/kotsko.csl.json
kotsko.ris,https://files.jcrt.org/citations/archives/06.3/kotsko.ris
linck.csl.json,https://files.jcrt.org/citations/archives/06.3/linck.csl.json
linck.ris,https://files.jcrt.org/citations/archives/06.3/linck.ris
lorentzen.csl.json,https://files.jcrt.org/citations/archives/06.3/lorentzen.csl.json
lorentzen.ris,https://files.jcrt.org/citations/archives/06.3/lorentzen.ris
nayar.csl.json,https://files.jcrt.org/citations/archives/06.3/nayar.csl.json
nayar.ris,https://files.jcrt.org/citations/archives/06.3/nayar.ris
neven.csl.json,https://files.jcrt.org/citations/archives/06.3/neven.csl.json
neven.ris,https://files.jcrt.org/citations/archives/06.3/neven.ris
rodkey.csl.json,https://files.jcrt.org/citations/archives/06.3/rodkey.csl.json
rodkey.ris,https://files.jcrt.org/citations/archives/06.3/rodkey.ris
shelton.csl.json,https://files.jcrt.org/citations/archives/06.3/shelton.csl.json
shelton.ris,https://files.jcrt.org/citations/archives/06.3/shelton.ris
smith.csl.json,https://files.jcrt.org/citations/archives/06.3/smith.csl.json
smith.ris,https://files.jcrt.org/citations/archives/06.3/smith.ris
taylor.csl.json,https://files.jcrt.org/citations/archives/06.3/taylor.csl.json
taylor.ris,https://files.jcrt.org/citations/archives/06.3/taylor.ris
bell.csl.json,https://files.jcrt.org/citations/archives/07.1/bell.csl.json
bell.ris,https://files.jcrt.org/citations/archives/07.1/bell.ris
buchanan.csl.json,https://files.jcrt.org/citations/archives/07.1/buchanan.csl.json
buchanan.ris,https://files.jcrt.org/citations/archives/07.1/buchanan.ris
geroux.csl.json,https://files.jcrt.org/citations/archives/07.1/geroux.csl.json
geroux.ris,https://files.jcrt.org/citations/archives/07.1/geroux.ris
gilgen.csl.json,https://files.jcrt.org/citations/archives/07.1/gilgen.csl.json
gilgen.ris,https://files.jcrt.org/citations/archives/07.1/gilgen.ris
holliday.csl.json,https://files.jcrt.org/citations/archives/07.1/holliday.csl.json
holliday.ris,https://files.jcrt.org/citations/archives/07.1/holliday.ris
janz.csl.json,https://files.jcrt.org/citations/archives/07.1/janz.csl.json
janz.ris,https://files.jcrt.org/citations/archives/07.1/janz.ris
knowlton.csl.json,https://files.jcrt.org/citations/archives/07.1/knowlton.csl.json
knowlton.ris,https://files.jcrt.org/citations/archives/07.1/knowlton.ris
lerner.csl.json,https://files.jcrt.org/citations/archives/07.1/lerner.csl.json
lerner.ris,https://files.jcrt.org/citations/archives/07.1/lerner.ris
lokensgard.csl.json,https://files.jcrt.org/citations/archives/07.1/lokensgard.csl.json
lokensgard.ris,https://files.jcrt.org/citations/archives/07.1/lokensgard.ris
magee.csl.json,https://files.jcrt.org/citations/archives/07.1/magee.csl.json
magee.ris,https://files.jcrt.org/citations/archives/07.1/magee.ris
miller.csl.json,https://files.jcrt.org/citations/archives/07.1/miller.csl.json
miller.ris,https://files.jcrt.org/citations/archives/07.1/miller.ris
segev.csl.json,https://files.jcrt.org/citations/archives/07.1/segev.csl.json
segev.ris,https://files.jcrt.org/citations/archives/07.1/segev.ris
singh.csl.json,https://files.jcrt.org/citations/archives/07.1/singh.csl.json
singh.ris,https://files.jcrt.org/citations/archives/07.1/singh.ris
taylor.csl.json,https://files.jcrt.org/citations/archives/07.1/taylor.csl.json
taylor.ris,https://files.jcrt.org/citations/archives/07.1/taylor.ris
vandeweg.csl.json,https://files.jcrt.org/citations/archives/07.1/vandeweg.csl.json
vandeweg.ris,https://files.jcrt.org/citations/archives/07.1/vandeweg.ris
bain-selbo.csl.json,https://files.jcrt.org/citations/archives/07.2/bain-selbo.csl.json
bain-selbo.ris,https://files.jcrt.org/citations/archives/07.2/bain-selbo.ris
dahlgren.csl.json,https://files.jcrt.org/citations/archives/07.2/dahlgren.csl.json
dahlgren.ris,https://files.jcrt.org/citations/archives/07.2/dahlgren.ris
heltzel.csl.json,https://files.jcrt.org/citations/archives/07.2/heltzel.csl.json
heltzel.ris,https://files.jcrt.org/citations/archives/07.2/heltzel.ris
kolarov.csl.json,https://files.jcrt.org/citations/archives/07.2/kolarov.csl.json
kolarov.ris,https://files.jcrt.org/citations/archives/07.2/kolarov.ris
lupton.csl.json,https://files.jcrt.org/citations/archives/07.2/lupton.csl.json
lupton.ris,https://files.jcrt.org/citations/archives/07.2/lupton.ris
miller.csl.json,https://files.jcrt.org/citations/archives/07.2/miller.csl.json
miller.ris,https://files.jcrt.org/citations/archives/07.2/miller.ris
robbins.csl.json,https://files.jcrt.org/citations/archives/07.2/robbins.csl.json
robbins.ris,https://files.jcrt.org/citations/archives/07.2/robbins.ris
saldino.csl.json,https://files.jcrt.org/citations/archives/07.2/saldino.csl.json
saldino.ris,https://files.jcrt.org/citations/archives/07.2/saldino.ris
siebers.csl.json,https://files.jcrt.org/citations/archives/07.2/siebers.csl.json
siebers.ris,https://files.jcrt.org/citations/archives/07.2/siebers.ris
simmons.csl.json,https://files.jcrt.org/citations/archives/07.2/simmons.csl.json
simmons.ris,https://files.jcrt.org/citations/archives/07.2/simmons.ris
taylor.csl.json,https://files.jcrt.org/citations/archives/07.2/taylor.csl.json
taylor.ris,https://files.jcrt.org/citations/archives/07.2/taylor.ris
turner.csl.json,https://files.jcrt.org/citations/archives/07.2/turner.csl.json
turner.ris,https://files.jcrt.org/citations/archives/07.2/turner.ris
alvis.csl.json,https://files.jcrt.org/citations/archives/08.1/alvis.csl.json
alvis.ris,https://files.jcrt.org/citations/archives/08.1/alvis.ris
bowman.csl.json,https://files.jcrt.org/citations/archives/08.1/bowman.csl.json
bowman.ris,https://files.jcrt.org/citations/archives/08.1/bowman.ris
buckingham.csl.json,https://files.jcrt.org/citations/archives/08.1/buckingham.csl.json
buckingham.ris,https://files.jcrt.org/citations/archives/08.1/buckingham.ris
burton.csl.json,https://files.jcrt.org/citations/archives/08.1/burton.csl.json
burton.ris,https://files.jcrt.org/citations/archives/08.1/burton.ris
costoya.csl.json,https://files.jcrt.org/citations/archives/08.1/costoya.csl.json
costoya.ris,https://files.jcrt.org/citations/archives/08.1/costoya.ris
kotsko.csl.json,https://files.jcrt.org/citations/archives/08.1/kotsko.csl.json
kotsko.ris,https://files.jcrt.org/citations/archives/08.1/kotsko.ris
kroesbergen.csl.json,https://files.jcrt.org/citations/archives/08.1/kroesbergen.csl.json
kroesbergen.ris,https://files.jcrt.org/citations/archives/08.1/kroesbergen.ris
mejido.csl.json,https://files.jcrt.org/citations/archives/08.1/mejido.csl.json
mejido.ris,https://files.jcrt.org/citations/archives/08.1/mejido.ris
miller.csl.json,https://files.jcrt.org/citations/archives/08.1/miller.csl.json
miller.ris,https://files.jcrt.org/citations/archives/08.1/miller.ris
nayar.csl.json,https://files.jcrt.org/citations/archives/08.1/nayar.csl.json
nayar.ris,https://files.jcrt.org/citations/archives/08.1/nayar.ris
nichols.csl.json,https://files.jcrt.org/citations/archives/08.1/nichols.csl.json
nichols.ris,https://files.jcrt.org/citations/archives/08.1/nichols.ris
oventile.csl.json,https://files.jcrt.org/citations/archives/08.1/oventile.csl.json
oventile.ris,https://files.jcrt.org/citations/archives/08.1/oventile.ris
raschke.csl.json,https://files.jcrt.org/citations/archives/08.1/raschke.csl.json
raschke.ris,https://files.jcrt.org/citations/archives/08.1/raschke.ris
ritchie.csl.json,https://files.jcrt.org/citations/archives/08.1/ritchie.csl.json
ritchie.ris,https://files.jcrt.org/citations/archives/08.1/ritchie.ris
schmidt.csl.json,https://files.jcrt.org/citations/archives/08.1/schmidt.csl.json
schmidt.ris,https://files.jcrt.org/citations/archives/08.1/schmidt.ris
simmons.csl.json,https://files.jcrt.org/citations/archives/08.1/simmons.csl.json
simmons.ris,https://files.jcrt.org/citations/archives/08.1/simmons.ris
turrell.csl.json,https://files.jcrt.org/citations/archives/08.1/turrell.csl.json
turrell.ris,https://files.jcrt.org/citations/archives/08.1/turrell.ris
vahanian.csl.json,https://files.jcrt.org/citations/archives/08.1/vahanian.csl.json
vahanian.ris,https://files.jcrt.org/citations/archives/08.1/vahanian.ris
waggoner.csl.json,https://files.jcrt.org/citations/archives/08.1/waggoner.csl.json
waggoner.ris,https://files.jcrt.org/citations/archives/08.1/waggoner.ris
wright.csl.json,https://files.jcrt.org/citations/archives/08.1/wright.csl.json
wright.ris,https://files.jcrt.org/citations/archives/08.1/wright.ris
abraham.csl.json,https://files.jcrt.org/citations/archives/08.2/abraham.csl.json
abraham.ris,https://files.jcrt.org/citations/archives/08.2/abraham.ris
bell.csl.json,https://files.jcrt.org/citations/archives/08.2/bell.csl.json
bell.ris,https://files.jcrt.org/citations/archives/08.2/bell.ris
bivins.csl.json,https://files.jcrt.org/citations/archives/08.2/bivins.csl.json
bivins.ris,https://files.jcrt.org/citations/archives/08.2/bivins.ris
costa.csl.json,https://files.jcrt.org/citations/archives/08.2/costa.csl.json
costa.ris,https://files.jcrt.org/citations/archives/08.2/costa.ris
daponte.csl.json,https://files.jcrt.org/citations/archives/08.2/daponte.csl.json
daponte.ris,https://files.jcrt.org/citations/archives/08.2/daponte.ris
davis-hardt.csl.json,https://files.jcrt.org/citations/archives/08.2/davis-hardt.csl.json
davis-hardt.ris,https://files.jcrt.org/citations/archives/08.2/davis-hardt.ris
grieve-carlson.csl.json,https://files.jcrt.org/citations/archives/08.2/grieve-carlson.csl.json
grieve-carlson.ris,https://files.jcrt.org/citations/archives/08.2/grieve-carlson.ris
johnson.csl.json,https://files.jcrt.org/citations/archives/08.2/johnson.csl.json
johnson.ris,https://files.jcrt.org/citations/archives/08.2/johnson.ris
little.csl.json,https://files.jcrt.org/citations/archives/08.2/little.csl.json
little.ris,https://files.jcrt.org/citations/archives/08.2/little.ris
phelps.csl.json,https://files.jcrt.org/citations/archives/08.2/phelps.csl.json
phelps.ris,https://files.jcrt.org/citations/archives/08.2/phelps.ris
robbins.csl.json,https://files.jcrt.org/citations/archives/08.2/robbins.csl.json
robbins.ris,https://files.jcrt.org/citations/archives/08.2/robbins.ris
roundtable.csl.json,https://files.jcrt.org/citations/archives/08.2/roundtable.csl.json
roundtable.ris,https://files.jcrt.org/citations/archives/08.2/roundtable.ris
smith.csl.json,https://files.jcrt.org/citations/archives/08.2/smith.csl.json
smith.ris,https://files.jcrt.org/citations/archives/08.2/smith.ris
stahlberg.csl.json,https://files.jcrt.org/citations/archives/08.2/stahlberg.csl.json
stahlberg.ris,https://files.jcrt.org/citations/archives/08.2/stahlberg.ris
vahabzadeh.csl.json,https://files.jcrt.org/citations/archives/08.2/vahabzadeh.csl.json
vahabzadeh.ris,https://files.jcrt.org/citations/archives/08.2/vahabzadeh.ris
ables.csl.json,https://files.jcrt.org/citations/archives/08.3/ables.csl.json
ables.ris,https://files.jcrt.org/citations/archives/08.3/ables.ris
cake.csl.json,https://files.jcrt.org/citations/archives/08.3/cake.csl.json
cake.ris,https://files.jcrt.org/citations/archives/08.3/cake.ris
eisenstadt.csl.json,https://files.jcrt.org/citations/archives/08.3/eisenstadt.csl.json
eisenstadt.ris,https://files.jcrt.org/citations/archives/08.3/eisenstadt.ris
eisenstadt2.csl.json,https://files.jcrt.org/citations/archives/08.3/eisenstadt2.csl.json
eisenstadt2.ris,https://files.jcrt.org/citations/archives/08.3/eisenstadt2.ris
horowitz.csl.json,https://files.jcrt.org/citations/archives/08.3/horowitz.csl.json
horowitz.ris,https://files.jcrt.org/citations/archives/08.3/horowitz.ris
hyman.csl.json,https://files.jcrt.org/citations/archives/08.3/hyman.csl.json
hyman.ris,https://files.jcrt.org/citations/archives/08.3/hyman.ris
jackson.csl.json,https://files.jcrt.org/citations/archives/08.3/jackson.csl.json
jackson.ris,https://files.jcrt.org/citations/archives/08.3/jackson.ris
keller.csl.json,https://files.jcrt.org/citations/archives/08.3/keller.csl.json
keller.ris,https://files.jcrt.org/citations/archives/08.3/keller.ris
kottman.csl.json,https://files.jcrt.org/citations/archives/08.3/kottman.csl.json
kottman.ris,https://files.jcrt.org/citations/archives/08.3/kottman.ris
kunin.csl.json,https://files.jcrt.org/citations/archives/08.3/kunin.csl.json
kunin.ris,https://files.jcrt.org/citations/archives/08.3/kunin.ris
lupton.csl.json,https://files.jcrt.org/citations/archives/08.3/lupton.csl.json
lupton.ris,https://files.jcrt.org/citations/archives/08.3/lupton.ris
planinc.csl.json,https://files.jcrt.org/citations/archives/08.3/planinc.csl.json
planinc.ris,https://files.jcrt.org/citations/archives/08.3/planinc.ris
ramey.csl.json,https://files.jcrt.org/citations/archives/08.3/ramey.csl.json
ramey.ris,https://files.jcrt.org/citations/archives/08.3/ramey.ris
simmons.csl.json,https://files.jcrt.org/citations/archives/08.3/simmons.csl.json
simmons.ris,https://files.jcrt.org/citations/archives/08.3/simmons.ris
celermajer.csl.json,https://files.jcrt.org/citations/archives/09.1/celermajer.csl.json
celermajer.ris,https://files.jcrt.org/citations/archives/09.1/celermajer.ris
grieve-carlson.csl.json,https://files.jcrt.org/citations/archives/09.1/grieve-carlson.csl.json
grieve-carlson.ris,https://files.jcrt.org/citations/archives/09.1/grieve-carlson.ris
hyman.csl.json,https://files.jcrt.org/citations/archives/09.1/hyman.csl.json
hyman.ris,https://files.jcrt.org/citations/archives/09.1/hyman.ris
igrek.csl.json,https://files.jcrt.org/citations/archives/09.1/igrek.csl.json
igrek.ris,https://files.jcrt.org/citations/archives/09.1/igrek.ris
large.csl.json,https://files.jcrt.org/citations/archives/09.1/large.csl.json
large.ris,https://files.jcrt.org/citations/archives/09.1/large.ris
malabou.csl.json,https://files.jcrt.org/citations/archives/09.1/malabou.csl.json
malabou.ris,https://files.jcrt.org/citations/archives/09.1/malabou.ris
negri.csl.json,https://files.jcrt.org/citations/archives/09.1/negri.csl.json
negri.ris,https://files.jcrt.org/citations/archives/09.1/negri.ris
pound.csl.json,https://files.jcrt.org/citations/archives/09.1/pound.csl.json
pound.ris,https://files.jcrt.org/citations/archives/09.1/pound.ris
raschke.csl.json,https://files.jcrt.org/citations/archives/09.1/raschke.csl.json
raschke.ris,https://files.jcrt.org/citations/archives/09.1/raschke.ris
rubenstein.csl.json,https://files.jcrt.org/citations/archives/09.1/rubenstein.csl.json
rubenstein.ris,https://files.jcrt.org/citations/archives/09.1/rubenstein.ris
smaw.csl.json,https://files.jcrt.org/citations/archives/09.1/smaw.csl.json
smaw.ris,https://files.jcrt.org/citations/archives/09.1/smaw.ris
bielik-robson.csl.json,https://files.jcrt.org/citations/archives/09.2/bielik-robson.csl.json
bielik-robson.ris,https://files.jcrt.org/citations/archives/09.2/bielik-robson.ris
boer.csl.json,https://files.jcrt.org/citations/archives/09.2/boer.csl.json
boer.ris,https://files.jcrt.org/citations/archives/09.2/boer.ris
crockett.csl.json,https://files.jcrt.org/citations/archives/09.2/crockett.csl.json
crockett.ris,https://files.jcrt.org/citations/archives/09.2/crockett.ris
d&apos,https://files.jcrt.org/citations/archives/09.2/d&apos;amato.csl.json
d&apos,https://files.jcrt.org/citations/archives/09.2/d&apos;amato.ris
fox.csl.json,https://files.jcrt.org/citations/archives/09.2/fox.csl.json
fox.ris,https://files.jcrt.org/citations/archives/09.2/fox.ris
kotsko.csl.json,https://files.jcrt.org/citations/archives/09.2/kotsko.csl.json
kotsko.ris,https://files.jcrt.org/citations/archives/09.2/kotsko.ris
leo.csl.json,https://files.jcrt.org/citations/archives/09.2/leo.csl.json
leo.ris,https://files.jcrt.org/citations/archives/09.2/leo.ris
rodkey.csl.json,https://files.jcrt.org/citations/archives/09.2/rodkey.csl.json
rodkey.ris,https://files.jcrt.org/citations/archives/09.2/rodkey.ris
bain-selbo.csl.json,https://files.jcrt.org/citations/archives/09.3/bain-selbo.csl.json
bain-selbo.ris,https://files.jcrt.org/citations/archives/09.3/bain-selbo.ris
conroy.csl.json,https://files.jcrt.org/citations/archives/09.3/conroy.csl.json
conroy.ris,https://files.jcrt.org/citations/archives/09.3/conroy.ris
crockett.csl.json,https://files.jcrt.org/citations/archives/09.3/crockett.csl.json
crockett.ris,https://files.jcrt.org/citations/archives/09.3/crockett.ris
dickinson.csl.json,https://files.jcrt.org/citations/archives/09.3/dickinson.csl.json
dickinson.ris,https://files.jcrt.org/citations/archives/09.3/dickinson.ris
gilmour.csl.json,https://files.jcrt.org/citations/archives/09.3/gilmour.csl.json
gilmour.ris,https://files.jcrt.org/citations/archives/09.3/gilmour.ris
hilberg.csl.json,https://files.jcrt.org/citations/archives/09.3/hilberg.csl.json
hilberg.ris,https://files.jcrt.org/citations/archives/09.3/hilberg.ris
hinshaw.csl.json,https://files.jcrt.org/citations/archives/09.3/hinshaw.csl.json
hinshaw.ris,https://files.jcrt.org/citations/archives/09.3/hinshaw.ris
kjellman.csl.json,https://files.jcrt.org/citations/archives/09.3/kjellman.csl.json
kjellman.ris,https://files.jcrt.org/citations/archives/09.3/kjellman.ris
klink.csl.json,https://files.jcrt.org/citations/archives/09.3/klink.csl.json
klink.ris,https://files.jcrt.org/citations/archives/09.3/klink.ris
lewis.csl.json,https://files.jcrt.org/citations/archives/09.3/lewis.csl.json
lewis.ris,https://files.jcrt.org/citations/archives/09.3/lewis.ris
martin.csl.json,https://files.jcrt.org/citations/archives/09.3/martin.csl.json
martin.ris,https://files.jcrt.org/citations/archives/09.3/martin.ris
mccullough.csl.json,https://files.jcrt.org/citations/archives/09.3/mccullough.csl.json
mccullough.ris,https://files.jcrt.org/citations/archives/09.3/mccullough.ris
miller.csl.json,https://files.jcrt.org/citations/archives/09.3/miller.csl.json
miller.ris,https://files.jcrt.org/citations/archives/09.3/miller.ris
morehouse.csl.json,https://files.jcrt.org/citations/archives/09.3/morehouse.csl.json
morehouse.ris,https://files.jcrt.org/citations/archives/09.3/morehouse.ris
powell.csl.json,https://files.jcrt.org/citations/archives/09.3/powell.csl.json
powell.ris,https://files.jcrt.org/citations/archives/09.3/powell.ris
raschke.csl.json,https://files.jcrt.org/citations/archives/09.3/raschke.csl.json
raschke.ris,https://files.jcrt.org/citations/archives/09.3/raschke.ris
robbins.csl.json,https://files.jcrt.org/citations/archives/09.3/robbins.csl.json
robbins.ris,https://files.jcrt.org/citations/archives/09.3/robbins.ris
seitz.csl.json,https://files.jcrt.org/citations/archives/09.3/seitz.csl.json
seitz.ris,https://files.jcrt.org/citations/archives/09.3/seitz.ris
shoemaker.csl.json,https://files.jcrt.org/citations/archives/09.3/shoemaker.csl.json
shoemaker.ris,https://files.jcrt.org/citations/archives/09.3/shoemaker.ris
smith.csl.json,https://files.jcrt.org/citations/archives/09.3/smith.csl.json
smith.ris,https://files.jcrt.org/citations/archives/09.3/smith.ris
cauchi.csl.json,https://files.jcrt.org/citations/archives/10.1/cauchi.csl.json
cauchi.ris,https://files.jcrt.org/citations/archives/10.1/cauchi.ris
gangle.csl.json,https://files.jcrt.org/citations/archives/10.1/gangle.csl.json
gangle.ris,https://files.jcrt.org/citations/archives/10.1/gangle.ris
miller.csl.json,https://files.jcrt.org/citations/archives/10.1/miller.csl.json
miller.ris,https://files.jcrt.org/citations/archives/10.1/miller.ris
mooney.csl.json,https://files.jcrt.org/citations/archives/10.1/mooney.csl.json
mooney.ris,https://files.jcrt.org/citations/archives/10.1/mooney.ris
robert.csl.json,https://files.jcrt.org/citations/archives/10.1/robert.csl.json
robert.ris,https://files.jcrt.org/citations/archives/10.1/robert.ris
rodkey.csl.json,https://files.jcrt.org/citations/archives/10.1/rodkey.csl.json
rodkey.ris,https://files.jcrt.org/citations/archives/10.1/rodkey.ris
simmons.csl.json,https://files.jcrt.org/citations/archives/10.1/simmons.csl.json
simmons.ris,https://files.jcrt.org/citations/archives/10.1/simmons.ris
steinmetz-jenkins.csl.json,https://files.jcrt.org/citations/archives/10.1/steinmetz-jenkins.csl.json
steinmetz-jenkins.ris,https://files.jcrt.org/citations/archives/10.1/steinmetz-jenkins.ris
bibb.csl.json,https://files.jcrt.org/citations/archives/10.2/bibb.csl.json
bibb.ris,https://files.jcrt.org/citations/archives/10.2/bibb.ris
borsuk.csl.json,https://files.jcrt.org/citations/archives/10.2/borsuk.csl.json
borsuk.ris,https://files.jcrt.org/citations/archives/10.2/borsuk.ris
cole.csl.json,https://files.jcrt.org/citations/archives/10.2/cole.csl.json
cole.ris,https://files.jcrt.org/citations/archives/10.2/cole.ris
duncan-transcription.csl.json,https://files.jcrt.org/citations/archives/10.2/duncan-transcription.csl.json
duncan-transcription.ris,https://files.jcrt.org/citations/archives/10.2/duncan-transcription.ris
duncan.csl.json,https://files.jcrt.org/citations/archives/10.2/duncan.csl.json
duncan.ris,https://files.jcrt.org/citations/archives/10.2/duncan.ris
evans.csl.json,https://files.jcrt.org/citations/archives/10.2/evans.csl.json
evans.ris,https://files.jcrt.org/citations/archives/10.2/evans.ris
mcnellis.csl.json,https://files.jcrt.org/citations/archives/10.2/mcnellis.csl.json
mcnellis.ris,https://files.jcrt.org/citations/archives/10.2/mcnellis.ris
mcrae.csl.json,https://files.jcrt.org/citations/archives/10.2/mcrae.csl.json
mcrae.ris,https://files.jcrt.org/citations/archives/10.2/mcrae.ris
reid.csl.json,https://files.jcrt.org/citations/archives/10.2/reid.csl.json
reid.ris,https://files.jcrt.org/citations/archives/10.2/reid.ris
scans.csl.json,https://files.jcrt.org/citations/archives/10.2/scans.csl.json
scans.ris,https://files.jcrt.org/citations/archives/10.2/scans.ris
simon.csl.json,https://files.jcrt.org/citations/archives/10.2/simon.csl.json
simon.ris,https://files.jcrt.org/citations/archives/10.2/simon.ris
transcription.notes.csl.json,https://files.jcrt.org/citations/archives/10.2/transcription.notes.csl.json
transcription.notes.ris,https://files.jcrt.org/citations/archives/10.2/transcription.notes.ris
barber&smith.csl.json,https://files.jcrt.org/citations/archives/10.3/barber%26smith.csl.json
barber&smith.ris,https://files.jcrt.org/citations/archives/10.3/barber%26smith.ris
barber&amp,https://files.jcrt.org/citations/archives/10.3/barber&amp;smith.csl.json
barber&amp,https://files.jcrt.org/citations/archives/10.3/barber&amp;smith.ris
barber.csl.json,https://files.jcrt.org/citations/archives/10.3/barber.csl.json
barber.ris,https://files.jcrt.org/citations/archives/10.3/barber.ris
burkey.csl.json,https://files.jcrt.org/citations/archives/10.3/burkey.csl.json
burkey.ris,https://files.jcrt.org/citations/archives/10.3/burkey.ris
campbell.csl.json,https://files.jcrt.org/citations/archives/10.3/campbell.csl.json
campbell.ris,https://files.jcrt.org/citations/archives/10.3/campbell.ris
delpech-ramey&miller.csl.json,https://files.jcrt.org/citations/archives/10.3/delpech-ramey%26miller.csl.json
delpech-ramey&miller.ris,https://files.jcrt.org/citations/archives/10.3/delpech-ramey%26miller.ris
delpech-ramey&amp,https://files.jcrt.org/citations/archives/10.3/delpech-ramey&amp;miller.csl.json
delpech-ramey&amp,https://files.jcrt.org/citations/archives/10.3/delpech-ramey&amp;miller.ris
grieve-carlson.csl.json,https://files.jcrt.org/citations/archives/10.3/grieve-carlson.csl.json
grieve-carlson.ris,https://files.jcrt.org/citations/archives/10.3/grieve-carlson.ris
grimshaw.csl.json,https://files.jcrt.org/citations/archives/10.3/grimshaw.csl.json
grimshaw.ris,https://files.jcrt.org/citations/archives/10.3/grimshaw.ris
hanson.csl.json,https://files.jcrt.org/citations/archives/10.3/hanson.csl.json
hanson.ris,https://files.jcrt.org/citations/archives/10.3/hanson.ris
jaarsma.csl.json,https://files.jcrt.org/citations/archives/10.3/jaarsma.csl.json
jaarsma.ris,https://files.jcrt.org/citations/archives/10.3/jaarsma.ris
metcalf.csl.json,https://files.jcrt.org/citations/archives/10.3/metcalf.csl.json
metcalf.ris,https://files.jcrt.org/citations/archives/10.3/metcalf.ris
pcr4.csl.json,https://files.jcrt.org/citations/archives/10.3/pcr4.csl.json
pcr4.ris,https://files.jcrt.org/citations/archives/10.3/pcr4.ris
rodkey.csl.json,https://files.jcrt.org/citations/archives/10.3/rodkey.csl.json
rodkey.ris,https://files.jcrt.org/citations/archives/10.3/rodkey.ris
sanzaro.csl.json,https://files.jcrt.org/citations/archives/10.3/sanzaro.csl.json
sanzaro.ris,https://files.jcrt.org/citations/archives/10.3/sanzaro.ris
stern&gimbel.csl.json,https://files.jcrt.org/citations/archives/10.3/stern%26gimbel.csl.json
stern&gimbel.ris,https://files.jcrt.org/citations/archives/10.3/stern%26gimbel.ris
stern&amp,https://files.jcrt.org/citations/archives/10.3/stern&amp;gimbel.csl.json
stern&amp,https://files.jcrt.org/citations/archives/10.3/stern&amp;gimbel.ris
york.csl.json,https://files.jcrt.org/citations/archives/10.3/york.csl.json
york.ris,https://files.jcrt.org/citations/archives/10.3/york.ris
blanton.csl.json,https://files.jcrt.org/citations/archives/11.1/blanton.csl.json
blanton.ris,https://files.jcrt.org/citations/archives/11.1/blanton.ris
boever.csl.json,https://files.jcrt.org/citations/archives/11.1/boever.csl.json
boever.ris,https://files.jcrt.org/citations/archives/11.1/boever.ris
charles.csl.json,https://files.jcrt.org/citations/archives/11.1/charles.csl.json
charles.ris,https://files.jcrt.org/citations/archives/11.1/charles.ris
chrulew.csl.json,https://files.jcrt.org/citations/archives/11.1/chrulew.csl.json
chrulew.ris,https://files.jcrt.org/citations/archives/11.1/chrulew.ris
fuggle.csl.json,https://files.jcrt.org/citations/archives/11.1/fuggle.csl.json
fuggle.ris,https://files.jcrt.org/citations/archives/11.1/fuggle.ris
glowacki.csl.json,https://files.jcrt.org/citations/archives/11.1/glowacki.csl.json
glowacki.ris,https://files.jcrt.org/citations/archives/11.1/glowacki.ris
mayes.csl.json,https://files.jcrt.org/citations/archives/11.1/mayes.csl.json
mayes.ris,https://files.jcrt.org/citations/archives/11.1/mayes.ris
nicolet-anderson.csl.json,https://files.jcrt.org/citations/archives/11.1/nicolet-anderson.csl.json
nicolet-anderson.ris,https://files.jcrt.org/citations/archives/11.1/nicolet-anderson.ris
ojakangas.csl.json,https://files.jcrt.org/citations/archives/11.1/ojakangas.csl.json
ojakangas.ris,https://files.jcrt.org/citations/archives/11.1/ojakangas.ris
ruin.csl.json,https://files.jcrt.org/citations/archives/11.1/ruin.csl.json
ruin.ris,https://files.jcrt.org/citations/archives/11.1/ruin.ris
ardoline.csl.json,https://files.jcrt.org/citations/archives/11.2/ardoline.csl.json
ardoline.ris,https://files.jcrt.org/citations/archives/11.2/ardoline.ris
caputo.csl.json,https://files.jcrt.org/citations/archives/11.2/caputo.csl.json
caputo.ris,https://files.jcrt.org/citations/archives/11.2/caputo.ris
crockett.csl.json,https://files.jcrt.org/citations/archives/11.2/crockett.csl.json
crockett.ris,https://files.jcrt.org/citations/archives/11.2/crockett.ris
finer.csl.json,https://files.jcrt.org/citations/archives/11.2/finer.csl.json
finer.ris,https://files.jcrt.org/citations/archives/11.2/finer.ris
hagglund.csl.json,https://files.jcrt.org/citations/archives/11.2/hagglund.csl.json
hagglund.ris,https://files.jcrt.org/citations/archives/11.2/hagglund.ris
holsclaw.csl.json,https://files.jcrt.org/citations/archives/11.2/holsclaw.csl.json
holsclaw.ris,https://files.jcrt.org/citations/archives/11.2/holsclaw.ris
hyman.csl.json,https://files.jcrt.org/citations/archives/11.2/hyman.csl.json
hyman.ris,https://files.jcrt.org/citations/archives/11.2/hyman.ris
mcclain.csl.json,https://files.jcrt.org/citations/archives/11.2/mcclain.csl.json
mcclain.ris,https://files.jcrt.org/citations/archives/11.2/mcclain.ris
raschke.csl.json,https://files.jcrt.org/citations/archives/11.2/raschke.csl.json
raschke.ris,https://files.jcrt.org/citations/archives/11.2/raschke.ris
robbins.csl.json,https://files.jcrt.org/citations/archives/11.2/robbins.csl.json
robbins.ris,https://files.jcrt.org/citations/archives/11.2/robbins.ris
stockwell.csl.json,https://files.jcrt.org/citations/archives/11.2/stockwell.csl.json
stockwell.ris,https://files.jcrt.org/citations/archives/11.2/stockwell.ris
taylor.csl.json,https://files.jcrt.org/citations/archives/11.2/taylor.csl.json
taylor.ris,https://files.jcrt.org/citations/archives/11.2/taylor.ris
wood.csl.json,https://files.jcrt.org/citations/archives/11.2/wood.csl.json
wood.ris,https://files.jcrt.org/citations/archives/11.2/wood.ris
zabala.csl.json,https://files.jcrt.org/citations/archives/11.2/zabala.csl.json
zabala.ris,https://files.jcrt.org/citations/archives/11.2/zabala.ris
cfp-design.csl.json,https://files.jcrt.org/citations/archives/11.3/cfp-design.csl.json
cfp-design.ris,https://files.jcrt.org/citations/archives/11.3/cfp-design.ris
dalton.csl.json,https://files.jcrt.org/citations/archives/11.3/dalton.csl.json
dalton.ris,https://files.jcrt.org/citations/archives/11.3/dalton.ris
de-vries.csl.json,https://files.jcrt.org/citations/archives/11.3/de-vries.csl.json
de-vries.ris,https://files.jcrt.org/citations/archives/11.3/de-vries.ris
kolozova.csl.json,https://files.jcrt.org/citations/archives/11.3/kolozova.csl.json
kolozova.ris,https://files.jcrt.org/citations/archives/11.3/kolozova.ris
mccullough.csl.json,https://files.jcrt.org/citations/archives/11.3/mccullough.csl.json
mccullough.ris,https://files.jcrt.org/citations/archives/11.3/mccullough.ris
sealey.csl.json,https://files.jcrt.org/citations/archives/11.3/sealey.csl.json
sealey.ris,https://files.jcrt.org/citations/archives/11.3/sealey.ris
simmons.csl.json,https://files.jcrt.org/citations/archives/11.3/simmons.csl.json
simmons.ris,https://files.jcrt.org/citations/archives/11.3/simmons.ris
simmonsintro.csl.json,https://files.jcrt.org/citations/archives/11.3/simmonsintro.csl.json
simmonsintro.ris,https://files.jcrt.org/citations/archives/11.3/simmonsintro.ris
dicken.csl.json,https://files.jcrt.org/citations/archives/12.1/dicken.csl.json
dicken.ris,https://files.jcrt.org/citations/archives/12.1/dicken.ris
kessler.csl.json,https://files.jcrt.org/citations/archives/12.1/kessler.csl.json
kessler.ris,https://files.jcrt.org/citations/archives/12.1/kessler.ris
kornbluh.csl.json,https://files.jcrt.org/citations/archives/12.1/kornbluh.csl.json
kornbluh.ris,https://files.jcrt.org/citations/archives/12.1/kornbluh.ris
lupton.gordon.csl.json,https://files.jcrt.org/citations/archives/12.1/lupton.gordon.csl.json
lupton.gordon.ris,https://files.jcrt.org/citations/archives/12.1/lupton.gordon.ris
maltby.csl.json,https://files.jcrt.org/citations/archives/12.1/maltby.csl.json
maltby.ris,https://files.jcrt.org/citations/archives/12.1/maltby.ris
mciver.csl.json,https://files.jcrt.org/citations/archives/12.1/mciver.csl.json
mciver.ris,https://files.jcrt.org/citations/archives/12.1/mciver.ris
miller.csl.json,https://files.jcrt.org/citations/archives/12.1/miller.csl.json
miller.ris,https://files.jcrt.org/citations/archives/12.1/miller.ris
nelson.csl.json,https://files.jcrt.org/citations/archives/12.1/nelson.csl.json
nelson.ris,https://files.jcrt.org/citations/archives/12.1/nelson.ris
rust.csl.json,https://files.jcrt.org/citations/archives/12.1/rust.csl.json
rust.ris,https://files.jcrt.org/citations/archives/12.1/rust.ris
santner.csl.json,https://files.jcrt.org/citations/archives/12.1/santner.csl.json
santner.ris,https://files.jcrt.org/citations/archives/12.1/santner.ris
schulman.csl.json,https://files.jcrt.org/citations/archives/12.1/schulman.csl.json
schulman.ris,https://files.jcrt.org/citations/archives/12.1/schulman.ris
vahanian.csl.json,https://files.jcrt.org/citations/archives/12.1/vahanian.csl.json
vahanian.ris,https://files.jcrt.org/citations/archives/12.1/vahanian.ris
weitzman.csl.json,https://files.jcrt.org/citations/archives/12.1/weitzman.csl.json
weitzman.ris,https://files.jcrt.org/citations/archives/12.1/weitzman.ris
ballan.csl.json,https://files.jcrt.org/citations/archives/12.2/ballan.csl.json
ballan.ris,https://files.jcrt.org/citations/archives/12.2/ballan.ris
blosser.csl.json,https://files.jcrt.org/citations/archives/12.2/blosser.csl.json
blosser.ris,https://files.jcrt.org/citations/archives/12.2/blosser.ris
britt.csl.json,https://files.jcrt.org/citations/archives/12.2/britt.csl.json
britt.ris,https://files.jcrt.org/citations/archives/12.2/britt.ris
caputo.csl.json,https://files.jcrt.org/citations/archives/12.2/caputo.csl.json
caputo.ris,https://files.jcrt.org/citations/archives/12.2/caputo.ris
coakley.csl.json,https://files.jcrt.org/citations/archives/12.2/coakley.csl.json
coakley.ris,https://files.jcrt.org/citations/archives/12.2/coakley.ris
cochrane.csl.json,https://files.jcrt.org/citations/archives/12.2/cochrane.csl.json
cochrane.ris,https://files.jcrt.org/citations/archives/12.2/cochrane.ris
crockett.csl.json,https://files.jcrt.org/citations/archives/12.2/crockett.csl.json
crockett.ris,https://files.jcrt.org/citations/archives/12.2/crockett.ris
crockett_2.csl.json,https://files.jcrt.org/citations/archives/12.2/crockett_2.csl.json
crockett_2.ris,https://files.jcrt.org/citations/archives/12.2/crockett_2.ris
dickinson-intro.csl.json,https://files.jcrt.org/citations/archives/12.2/dickinson-intro.csl.json
dickinson-intro.ris,https://files.jcrt.org/citations/archives/12.2/dickinson-intro.ris
dickinson.csl.json,https://files.jcrt.org/citations/archives/12.2/dickinson.csl.json
dickinson.ris,https://files.jcrt.org/citations/archives/12.2/dickinson.ris
fong.csl.json,https://files.jcrt.org/citations/archives/12.2/fong.csl.json
fong.ris,https://files.jcrt.org/citations/archives/12.2/fong.ris
fong_2.csl.json,https://files.jcrt.org/citations/archives/12.2/fong_2.csl.json
fong_2.ris,https://files.jcrt.org/citations/archives/12.2/fong_2.ris
goodchild.csl.json,https://files.jcrt.org/citations/archives/12.2/goodchild.csl.json
goodchild.ris,https://files.jcrt.org/citations/archives/12.2/goodchild.ris
heo.csl.json,https://files.jcrt.org/citations/archives/12.2/heo.csl.json
heo.ris,https://files.jcrt.org/citations/archives/12.2/heo.ris
heo_2.csl.json,https://files.jcrt.org/citations/archives/12.2/heo_2.csl.json
heo_2.ris,https://files.jcrt.org/citations/archives/12.2/heo_2.ris
hurlin.csl.json,https://files.jcrt.org/citations/archives/12.2/hurlin.csl.json
hurlin.ris,https://files.jcrt.org/citations/archives/12.2/hurlin.ris
mackendrick.csl.json,https://files.jcrt.org/citations/archives/12.2/mackendrick.csl.json
mackendrick.ris,https://files.jcrt.org/citations/archives/12.2/mackendrick.ris
mackendrick_2.csl.json,https://files.jcrt.org/citations/archives/12.2/mackendrick_2.csl.json
mackendrick_2.ris,https://files.jcrt.org/citations/archives/12.2/mackendrick_2.ris
montel_hurlin.csl.json,https://files.jcrt.org/citations/archives/12.2/montel_hurlin.csl.json
montel_hurlin.ris,https://files.jcrt.org/citations/archives/12.2/montel_hurlin.ris
peters.csl.json,https://files.jcrt.org/citations/archives/12.2/peters.csl.json
peters.ris,https://files.jcrt.org/citations/archives/12.2/peters.ris
peters_2.csl.json,https://files.jcrt.org/citations/archives/12.2/peters_2.csl.json
peters_2.ris,https://files.jcrt.org/citations/archives/12.2/peters_2.ris
robert.csl.json,https://files.jcrt.org/citations/archives/12.2/robert.csl.json
robert.ris,https://files.jcrt.org/citations/archives/12.2/robert.ris
taylor-kosky.csl.json,https://files.jcrt.org/citations/archives/12.2/taylor-kosky.csl.json
taylor-kosky.ris,https://files.jcrt.org/citations/archives/12.2/taylor-kosky.ris
alexander.csl.json,https://files.jcrt.org/citations/archives/12.3/alexander.csl.json
alexander.ris,https://files.jcrt.org/citations/archives/12.3/alexander.ris
almond.csl.json,https://files.jcrt.org/citations/archives/12.3/almond.csl.json
almond.ris,https://files.jcrt.org/citations/archives/12.3/almond.ris
alvis.csl.json,https://files.jcrt.org/citations/archives/12.3/alvis.csl.json
alvis.ris,https://files.jcrt.org/citations/archives/12.3/alvis.ris
bedford.csl.json,https://files.jcrt.org/citations/archives/12.3/bedford.csl.json
bedford.ris,https://files.jcrt.org/citations/archives/12.3/bedford.ris
mccullough.altizer.csl.json,https://files.jcrt.org/citations/archives/12.3/mccullough.altizer.csl.json
mccullough.altizer.ris,https://files.jcrt.org/citations/archives/12.3/mccullough.altizer.ris
miller.csl.json,https://files.jcrt.org/citations/archives/12.3/miller.csl.json
miller.ris,https://files.jcrt.org/citations/archives/12.3/miller.ris
nail.csl.json,https://files.jcrt.org/citations/archives/12.3/nail.csl.json
nail.ris,https://files.jcrt.org/citations/archives/12.3/nail.ris
ramos.csl.json,https://files.jcrt.org/citations/archives/12.3/ramos.csl.json
ramos.ris,https://files.jcrt.org/citations/archives/12.3/ramos.ris
raschke.csl.json,https://files.jcrt.org/citations/archives/12.3/raschke.csl.json
raschke.ris,https://files.jcrt.org/citations/archives/12.3/raschke.ris
schedneck.csl.json,https://files.jcrt.org/citations/archives/12.3/schedneck.csl.json
schedneck.ris,https://files.jcrt.org/citations/archives/12.3/schedneck.ris
smith.csl.json,https://files.jcrt.org/citations/archives/12.3/smith.csl.json
smith.ris,https://files.jcrt.org/citations/archives/12.3/smith.ris
stoica.csl.json,https://files.jcrt.org/citations/archives/12.3/stoica.csl.json
stoica.ris,https://files.jcrt.org/citations/archives/12.3/stoica.ris
taylor.raschke.csl.json,https://files.jcrt.org/citations/archives/12.3/taylor.raschke.csl.json
taylor.raschke.ris,https://files.jcrt.org/citations/archives/12.3/taylor.raschke.ris
barber.csl.json,https://files.jcrt.org/citations/archives/13.1/barber.csl.json
barber.ris,https://files.jcrt.org/citations/archives/13.1/barber.ris
bray.csl.json,https://files.jcrt.org/citations/archives/13.1/bray.csl.json
bray.ris,https://files.jcrt.org/citations/archives/13.1/bray.ris
davis.csl.json,https://files.jcrt.org/citations/archives/13.1/davis.csl.json
davis.ris,https://files.jcrt.org/citations/archives/13.1/davis.ris
dussel.csl.json,https://files.jcrt.org/citations/archives/13.1/dussel.csl.json
dussel.ris,https://files.jcrt.org/citations/archives/13.1/dussel.ris
eberle.csl.json,https://files.jcrt.org/citations/archives/13.1/eberle.csl.json
eberle.ris,https://files.jcrt.org/citations/archives/13.1/eberle.ris
lugones.csl.json,https://files.jcrt.org/citations/archives/13.1/lugones.csl.json
lugones.ris,https://files.jcrt.org/citations/archives/13.1/lugones.ris
mendez.csl.json,https://files.jcrt.org/citations/archives/13.1/mendez.csl.json
mendez.ris,https://files.jcrt.org/citations/archives/13.1/mendez.ris
miller.csl.json,https://files.jcrt.org/citations/archives/13.1/miller.csl.json
miller.ris,https://files.jcrt.org/citations/archives/13.1/miller.ris
robbins.csl.json,https://files.jcrt.org/citations/archives/13.1/robbins.csl.json
robbins.ris,https://files.jcrt.org/citations/archives/13.1/robbins.ris
schmidt.csl.json,https://files.jcrt.org/citations/archives/13.1/schmidt.csl.json
schmidt.ris,https://files.jcrt.org/citations/archives/13.1/schmidt.ris
taylor.csl.json,https://files.jcrt.org/citations/archives/13.1/taylor.csl.json
taylor.ris,https://files.jcrt.org/citations/archives/13.1/taylor.ris
tlostanova.csl.json,https://files.jcrt.org/citations/archives/13.1/tlostanova.csl.json
tlostanova.ris,https://files.jcrt.org/citations/archives/13.1/tlostanova.ris
v_squez.csl.json,https://files.jcrt.org/citations/archives/13.1/v_squez.csl.json
v_squez.ris,https://files.jcrt.org/citations/archives/13.1/v_squez.ris
vasquez.csl.json,https://files.jcrt.org/citations/archives/13.1/vasquez.csl.json
vasquez.ris,https://files.jcrt.org/citations/archives/13.1/vasquez.ris
woessner.csl.json,https://files.jcrt.org/citations/archives/13.1/woessner.csl.json
woessner.ris,https://files.jcrt.org/citations/archives/13.1/woessner.ris
carsey.csl.json,https://files.jcrt.org/citations/archives/13.2/carsey.csl.json
carsey.ris,https://files.jcrt.org/citations/archives/13.2/carsey.ris
cisney.csl.json,https://files.jcrt.org/citations/archives/13.2/cisney.csl.json
cisney.ris,https://files.jcrt.org/citations/archives/13.2/cisney.ris
clark.csl.json,https://files.jcrt.org/citations/archives/13.2/clark.csl.json
clark.ris,https://files.jcrt.org/citations/archives/13.2/clark.ris
coggan.csl.json,https://files.jcrt.org/citations/archives/13.2/coggan.csl.json
coggan.ris,https://files.jcrt.org/citations/archives/13.2/coggan.ris
flavin.csl.json,https://files.jcrt.org/citations/archives/13.2/flavin.csl.json
flavin.ris,https://files.jcrt.org/citations/archives/13.2/flavin.ris
kotsko.csl.json,https://files.jcrt.org/citations/archives/13.2/kotsko.csl.json
kotsko.ris,https://files.jcrt.org/citations/archives/13.2/kotsko.ris
lanci.csl.json,https://files.jcrt.org/citations/archives/13.2/lanci.csl.json
lanci.ris,https://files.jcrt.org/citations/archives/13.2/lanci.ris
mullen.csl.json,https://files.jcrt.org/citations/archives/13.2/mullen.csl.json
mullen.ris,https://files.jcrt.org/citations/archives/13.2/mullen.ris
nagypal.csl.json,https://files.jcrt.org/citations/archives/13.2/nagypal.csl.json
nagypal.ris,https://files.jcrt.org/citations/archives/13.2/nagypal.ris
nuckolls.csl.json,https://files.jcrt.org/citations/archives/13.2/nuckolls.csl.json
nuckolls.ris,https://files.jcrt.org/citations/archives/13.2/nuckolls.ris
purakayastha.csl.json,https://files.jcrt.org/citations/archives/13.2/purakayastha.csl.json
purakayastha.ris,https://files.jcrt.org/citations/archives/13.2/purakayastha.ris
reyes.csl.json,https://files.jcrt.org/citations/archives/13.2/reyes.csl.json
reyes.ris,https://files.jcrt.org/citations/archives/13.2/reyes.ris
scholes.csl.json,https://files.jcrt.org/citations/archives/13.2/scholes.csl.json
scholes.ris,https://files.jcrt.org/citations/archives/13.2/scholes.ris
shaver.csl.json,https://files.jcrt.org/citations/archives/13.2/shaver.csl.json
shaver.ris,https://files.jcrt.org/citations/archives/13.2/shaver.ris
shillock.csl.json,https://files.jcrt.org/citations/archives/13.2/shillock.csl.json
shillock.ris,https://files.jcrt.org/citations/archives/13.2/shillock.ris
taylorandweiss.csl.json,https://files.jcrt.org/citations/archives/13.2/taylorandweiss.csl.json
taylorandweiss.ris,https://files.jcrt.org/citations/archives/13.2/taylorandweiss.ris
weiss_taylor.csl.json,https://files.jcrt.org/citations/archives/13.2/weiss_taylor.csl.json
weiss_taylor.ris,https://files.jcrt.org/citations/archives/13.2/weiss_taylor.ris
winters.csl.json,https://files.jcrt.org/citations/archives/13.2/winters.csl.json
winters.ris,https://files.jcrt.org/citations/archives/13.2/winters.ris
alvis.csl.json,https://files.jcrt.org/citations/archives/14.1/alvis.csl.json
alvis.ris,https://files.jcrt.org/citations/archives/14.1/alvis.ris
fagenblat.csl.json,https://files.jcrt.org/citations/archives/14.1/fagenblat.csl.json
fagenblat.ris,https://files.jcrt.org/citations/archives/14.1/fagenblat.ris
featherston.csl.json,https://files.jcrt.org/citations/archives/14.1/featherston.csl.json
featherston.ris,https://files.jcrt.org/citations/archives/14.1/featherston.ris
green.csl.json,https://files.jcrt.org/citations/archives/14.1/green.csl.json
green.ris,https://files.jcrt.org/citations/archives/14.1/green.ris
lauri.csl.json,https://files.jcrt.org/citations/archives/14.1/lauri.csl.json
lauri.ris,https://files.jcrt.org/citations/archives/14.1/lauri.ris
raschke.csl.json,https://files.jcrt.org/citations/archives/14.1/raschke.csl.json
raschke.ris,https://files.jcrt.org/citations/archives/14.1/raschke.ris
renger.csl.json,https://files.jcrt.org/citations/archives/14.1/renger.csl.json
renger.ris,https://files.jcrt.org/citations/archives/14.1/renger.ris
schyllert.csl.json,https://files.jcrt.org/citations/archives/14.1/schyllert.csl.json
schyllert.ris,https://files.jcrt.org/citations/archives/14.1/schyllert.ris
settle.csl.json,https://files.jcrt.org/citations/archives/14.1/settle.csl.json
settle.ris,https://files.jcrt.org/citations/archives/14.1/settle.ris
snediker.csl.json,https://files.jcrt.org/citations/archives/14.1/snediker.csl.json
snediker.ris,https://files.jcrt.org/citations/archives/14.1/snediker.ris
trier.csl.json,https://files.jcrt.org/citations/archives/14.1/trier.csl.json
trier.ris,https://files.jcrt.org/citations/archives/14.1/trier.ris
winters.csl.json,https://files.jcrt.org/citations/archives/14.1/winters.csl.json
winters.ris,https://files.jcrt.org/citations/archives/14.1/winters.ris
yonker.csl.json,https://files.jcrt.org/citations/archives/14.1/yonker.csl.json
yonker.ris,https://files.jcrt.org/citations/archives/14.1/yonker.ris
aikin.csl.json,https://files.jcrt.org/citations/archives/14.2/aikin.csl.json
aikin.ris,https://files.jcrt.org/citations/archives/14.2/aikin.ris
feddon.csl.json,https://files.jcrt.org/citations/archives/14.2/feddon.csl.json
feddon.ris,https://files.jcrt.org/citations/archives/14.2/feddon.ris
greco.csl.json,https://files.jcrt.org/citations/archives/14.2/greco.csl.json
greco.ris,https://files.jcrt.org/citations/archives/14.2/greco.ris
gschwandtner.csl.json,https://files.jcrt.org/citations/archives/14.2/gschwandtner.csl.json
gschwandtner.ris,https://files.jcrt.org/citations/archives/14.2/gschwandtner.ris
holdier.csl.json,https://files.jcrt.org/citations/archives/14.2/holdier.csl.json
holdier.ris,https://files.jcrt.org/citations/archives/14.2/holdier.ris
kavka.csl.json,https://files.jcrt.org/citations/archives/14.2/kavka.csl.json
kavka.ris,https://files.jcrt.org/citations/archives/14.2/kavka.ris
kelly.csl.json,https://files.jcrt.org/citations/archives/14.2/kelly.csl.json
kelly.ris,https://files.jcrt.org/citations/archives/14.2/kelly.ris
knepper.csl.json,https://files.jcrt.org/citations/archives/14.2/knepper.csl.json
knepper.ris,https://files.jcrt.org/citations/archives/14.2/knepper.ris
loewen.csl.json,https://files.jcrt.org/citations/archives/14.2/loewen.csl.json
loewen.ris,https://files.jcrt.org/citations/archives/14.2/loewen.ris
moser.csl.json,https://files.jcrt.org/citations/archives/14.2/moser.csl.json
moser.ris,https://files.jcrt.org/citations/archives/14.2/moser.ris
mulder.csl.json,https://files.jcrt.org/citations/archives/14.2/mulder.csl.json
mulder.ris,https://files.jcrt.org/citations/archives/14.2/mulder.ris
schellenberg.csl.json,https://files.jcrt.org/citations/archives/14.2/schellenberg.csl.json
schellenberg.ris,https://files.jcrt.org/citations/archives/14.2/schellenberg.ris
schilbrack.csl.json,https://files.jcrt.org/citations/archives/14.2/schilbrack.csl.json
schilbrack.ris,https://files.jcrt.org/citations/archives/14.2/schilbrack.ris
shuster.csl.json,https://files.jcrt.org/citations/archives/14.2/shuster.csl.json
shuster.ris,https://files.jcrt.org/citations/archives/14.2/shuster.ris
simmons-intro.csl.json,https://files.jcrt.org/citations/archives/14.2/simmons-intro.csl.json
simmons-intro.ris,https://files.jcrt.org/citations/archives/14.2/simmons-intro.ris
trakakis.csl.json,https://files.jcrt.org/citations/archives/14.2/trakakis.csl.json
trakakis.ris,https://files.jcrt.org/citations/archives/14.2/trakakis.ris
trakikis.csl.json,https://files.jcrt.org/citations/archives/14.2/trakikis.csl.json
trakikis.ris,https://files.jcrt.org/citations/archives/14.2/trakikis.ris
weidler.csl.json,https://files.jcrt.org/citations/archives/14.2/weidler.csl.json
weidler.ris,https://files.jcrt.org/citations/archives/14.2/weidler.ris
wolterstorff-preface.csl.json,https://files.jcrt.org/citations/archives/14.2/wolterstorff-preface.csl.json
wolterstorff-preface.ris,https://files.jcrt.org/citations/archives/14.2/wolterstorff-preface.ris
alvis.csl.json,https://files.jcrt.org/citations/archives/15.1/alvis.csl.json
alvis.ris,https://files.jcrt.org/citations/archives/15.1/alvis.ris
cohen.csl.json,https://files.jcrt.org/citations/archives/15.1/cohen.csl.json
cohen.ris,https://files.jcrt.org/citations/archives/15.1/cohen.ris
hagedorn.csl.json,https://files.jcrt.org/citations/archives/15.1/hagedorn.csl.json
hagedorn.ris,https://files.jcrt.org/citations/archives/15.1/hagedorn.ris
hagedorn_staudigl_alvis.csl.json,https://files.jcrt.org/citations/archives/15.1/hagedorn_staudigl_alvis.csl.json
hagedorn_staudigl_alvis.ris,https://files.jcrt.org/citations/archives/15.1/hagedorn_staudigl_alvis.ris
intro.csl.json,https://files.jcrt.org/citations/archives/15.1/intro.csl.json
intro.ris,https://files.jcrt.org/citations/archives/15.1/intro.ris
raschke.csl.json,https://files.jcrt.org/citations/archives/15.1/raschke.csl.json
raschke.ris,https://files.jcrt.org/citations/archives/15.1/raschke.ris
schuback.csl.json,https://files.jcrt.org/citations/archives/15.1/schuback.csl.json
schuback.ris,https://files.jcrt.org/citations/archives/15.1/schuback.ris
staudigl.csl.json,https://files.jcrt.org/citations/archives/15.1/staudigl.csl.json
staudigl.ris,https://files.jcrt.org/citations/archives/15.1/staudigl.ris
steinbock.csl.json,https://files.jcrt.org/citations/archives/15.1/steinbock.csl.json
steinbock.ris,https://files.jcrt.org/citations/archives/15.1/steinbock.ris
welten.csl.json,https://files.jcrt.org/citations/archives/15.1/welten.csl.json
welten.ris,https://files.jcrt.org/citations/archives/15.1/welten.ris
aldinger.csl.json,https://files.jcrt.org/citations/archives/15.2/aldinger.csl.json
aldinger.ris,https://files.jcrt.org/citations/archives/15.2/aldinger.ris
betcher.csl.json,https://files.jcrt.org/citations/archives/15.2/betcher.csl.json
betcher.ris,https://files.jcrt.org/citations/archives/15.2/betcher.ris
fox.csl.json,https://files.jcrt.org/citations/archives/15.2/fox.csl.json
fox.ris,https://files.jcrt.org/citations/archives/15.2/fox.ris
intro.csl.json,https://files.jcrt.org/citations/archives/15.2/intro.csl.json
intro.ris,https://files.jcrt.org/citations/archives/15.2/intro.ris
reid.csl.json,https://files.jcrt.org/citations/archives/15.2/reid.csl.json
reid.ris,https://files.jcrt.org/citations/archives/15.2/reid.ris
sanchez.csl.json,https://files.jcrt.org/citations/archives/15.2/sanchez.csl.json
sanchez.ris,https://files.jcrt.org/citations/archives/15.2/sanchez.ris
siebers.csl.json,https://files.jcrt.org/citations/archives/15.2/siebers.csl.json
siebers.ris,https://files.jcrt.org/citations/archives/15.2/siebers.ris
valente.csl.json,https://files.jcrt.org/citations/archives/15.2/valente.csl.json
valente.ris,https://files.jcrt.org/citations/archives/15.2/valente.ris
valente2.csl.json,https://files.jcrt.org/citations/archives/15.2/valente2.csl.json
valente2.ris,https://files.jcrt.org/citations/archives/15.2/valente2.ris
carson.csl.json,https://files.jcrt.org/citations/archives/16.1/carson.csl.json
carson.ris,https://files.jcrt.org/citations/archives/16.1/carson.ris
clay_robinson.csl.json,https://files.jcrt.org/citations/archives/16.1/clay_robinson.csl.json
clay_robinson.ris,https://files.jcrt.org/citations/archives/16.1/clay_robinson.ris
ferguson.csl.json,https://files.jcrt.org/citations/archives/16.1/ferguson.csl.json
ferguson.ris,https://files.jcrt.org/citations/archives/16.1/ferguson.ris
figueiredo.csl.json,https://files.jcrt.org/citations/archives/16.1/figueiredo.csl.json
figueiredo.ris,https://files.jcrt.org/citations/archives/16.1/figueiredo.ris
figueiredo_2.csl.json,https://files.jcrt.org/citations/archives/16.1/figueiredo_2.csl.json
figueiredo_2.ris,https://files.jcrt.org/citations/archives/16.1/figueiredo_2.ris
interviewgaia.csl.json,https://files.jcrt.org/citations/archives/16.1/interviewgaia.csl.json
interviewgaia.ris,https://files.jcrt.org/citations/archives/16.1/interviewgaia.ris
interviewgiroux.csl.json,https://files.jcrt.org/citations/archives/16.1/interviewgiroux.csl.json
interviewgiroux.ris,https://files.jcrt.org/citations/archives/16.1/interviewgiroux.ris
interviewsousanis.csl.json,https://files.jcrt.org/citations/archives/16.1/interviewsousanis.csl.json
interviewsousanis.ris,https://files.jcrt.org/citations/archives/16.1/interviewsousanis.ris
interviewulmer.csl.json,https://files.jcrt.org/citations/archives/16.1/interviewulmer.csl.json
interviewulmer.ris,https://files.jcrt.org/citations/archives/16.1/interviewulmer.ris
introfigueiredo.csl.json,https://files.jcrt.org/citations/archives/16.1/introfigueiredo.csl.json
introfigueiredo.ris,https://files.jcrt.org/citations/archives/16.1/introfigueiredo.ris
li.csl.json,https://files.jcrt.org/citations/archives/16.1/li.csl.json
li.ris,https://files.jcrt.org/citations/archives/16.1/li.ris
obrien.csl.json,https://files.jcrt.org/citations/archives/16.1/obrien.csl.json
obrien.ris,https://files.jcrt.org/citations/archives/16.1/obrien.ris
raschke.csl.json,https://files.jcrt.org/citations/archives/16.1/raschke.csl.json
raschke.ris,https://files.jcrt.org/citations/archives/16.1/raschke.ris
reviewbutler.csl.json,https://files.jcrt.org/citations/archives/16.1/reviewbutler.csl.json
reviewbutler.ris,https://files.jcrt.org/citations/archives/16.1/reviewbutler.ris
stowe_sousanis.csl.json,https://files.jcrt.org/citations/archives/16.1/stowe_sousanis.csl.json
stowe_sousanis.ris,https://files.jcrt.org/citations/archives/16.1/stowe_sousanis.ris
taylor_giroux.csl.json,https://files.jcrt.org/citations/archives/16.1/taylor_giroux.csl.json
taylor_giroux.ris,https://files.jcrt.org/citations/archives/16.1/taylor_giroux.ris
waggoner.csl.json,https://files.jcrt.org/citations/archives/16.1/waggoner.csl.json
waggoner.ris,https://files.jcrt.org/citations/archives/16.1/waggoner.ris
armstrong.csl.json,https://files.jcrt.org/citations/archives/16.2/armstrong.csl.json
armstrong.ris,https://files.jcrt.org/citations/archives/16.2/armstrong.ris
bray.csl.json,https://files.jcrt.org/citations/archives/16.2/bray.csl.json
bray.ris,https://files.jcrt.org/citations/archives/16.2/bray.ris
dubilet.csl.json,https://files.jcrt.org/citations/archives/16.2/dubilet.csl.json
dubilet.ris,https://files.jcrt.org/citations/archives/16.2/dubilet.ris
intro-marovich.csl.json,https://files.jcrt.org/citations/archives/16.2/intro-marovich.csl.json
intro-marovich.ris,https://files.jcrt.org/citations/archives/16.2/intro-marovich.ris
marovich.csl.json,https://files.jcrt.org/citations/archives/16.2/marovich.csl.json
marovich.ris,https://files.jcrt.org/citations/archives/16.2/marovich.ris
meyer.csl.json,https://files.jcrt.org/citations/archives/16.2/meyer.csl.json
meyer.ris,https://files.jcrt.org/citations/archives/16.2/meyer.ris
moody.csl.json,https://files.jcrt.org/citations/archives/16.2/moody.csl.json
moody.ris,https://files.jcrt.org/citations/archives/16.2/moody.ris
rose.csl.json,https://files.jcrt.org/citations/archives/16.2/rose.csl.json
rose.ris,https://files.jcrt.org/citations/archives/16.2/rose.ris
beddard.csl.json,https://files.jcrt.org/citations/archives/16.3/beddard.csl.json
beddard.ris,https://files.jcrt.org/citations/archives/16.3/beddard.ris
congdon.csl.json,https://files.jcrt.org/citations/archives/16.3/congdon.csl.json
congdon.ris,https://files.jcrt.org/citations/archives/16.3/congdon.ris
davis.csl.json,https://files.jcrt.org/citations/archives/16.3/davis.csl.json
davis.ris,https://files.jcrt.org/citations/archives/16.3/davis.ris
introduction.csl.json,https://files.jcrt.org/citations/archives/16.3/introduction.csl.json
introduction.ris,https://files.jcrt.org/citations/archives/16.3/introduction.ris
karlsen.csl.json,https://files.jcrt.org/citations/archives/16.3/karlsen.csl.json
karlsen.ris,https://files.jcrt.org/citations/archives/16.3/karlsen.ris
leung.csl.json,https://files.jcrt.org/citations/archives/16.3/leung.csl.json
leung.ris,https://files.jcrt.org/citations/archives/16.3/leung.ris
osserman.csl.json,https://files.jcrt.org/citations/archives/16.3/osserman.csl.json
osserman.ris,https://files.jcrt.org/citations/archives/16.3/osserman.ris
phelps.csl.json,https://files.jcrt.org/citations/archives/16.3/phelps.csl.json
phelps.ris,https://files.jcrt.org/citations/archives/16.3/phelps.ris
raschke.csl.json,https://files.jcrt.org/citations/archives/16.3/raschke.csl.json
raschke.ris,https://files.jcrt.org/citations/archives/16.3/raschke.ris
weaver.csl.json,https://files.jcrt.org/citations/archives/16.3/weaver.csl.json
weaver.ris,https://files.jcrt.org/citations/archives/16.3/weaver.ris
beiner.csl.json,https://files.jcrt.org/citations/archives/17.1/beiner.csl.json
beiner.ris,https://files.jcrt.org/citations/archives/17.1/beiner.ris
bielik.csl.json,https://files.jcrt.org/citations/archives/17.1/bielik.csl.json
bielik.ris,https://files.jcrt.org/citations/archives/17.1/bielik.ris
caputo.csl.json,https://files.jcrt.org/citations/archives/17.1/caputo.csl.json
caputo.ris,https://files.jcrt.org/citations/archives/17.1/caputo.ris
dean.csl.json,https://files.jcrt.org/citations/archives/17.1/dean.csl.json
dean.ris,https://files.jcrt.org/citations/archives/17.1/dean.ris
fitzgerald.csl.json,https://files.jcrt.org/citations/archives/17.1/fitzgerald.csl.json
fitzgerald.ris,https://files.jcrt.org/citations/archives/17.1/fitzgerald.ris
keller.csl.json,https://files.jcrt.org/citations/archives/17.1/keller.csl.json
keller.ris,https://files.jcrt.org/citations/archives/17.1/keller.ris
muraca.csl.json,https://files.jcrt.org/citations/archives/17.1/muraca.csl.json
muraca.ris,https://files.jcrt.org/citations/archives/17.1/muraca.ris
ogunnaike.csl.json,https://files.jcrt.org/citations/archives/17.1/ogunnaike.csl.json
ogunnaike.ris,https://files.jcrt.org/citations/archives/17.1/ogunnaike.ris
raschke.csl.json,https://files.jcrt.org/citations/archives/17.1/raschke.csl.json
raschke.ris,https://files.jcrt.org/citations/archives/17.1/raschke.ris
richard.csl.json,https://files.jcrt.org/citations/archives/17.1/richard.csl.json
richard.ris,https://files.jcrt.org/citations/archives/17.1/richard.ris
taylor.csl.json,https://files.jcrt.org/citations/archives/17.1/taylor.csl.json
taylor.ris,https://files.jcrt.org/citations/archives/17.1/taylor.ris
Omurchadha.csl.json,https://files.jcrt.org/citations/archives/17.2/Omurchadha.csl.json
Omurchadha.ris,https://files.jcrt.org/citations/archives/17.2/Omurchadha.ris
alvis.csl.json,https://files.jcrt.org/citations/archives/17.2/alvis.csl.json
alvis.ris,https://files.jcrt.org/citations/archives/17.2/alvis.ris
bornemark.csl.json,https://files.jcrt.org/citations/archives/17.2/bornemark.csl.json
bornemark.ris,https://files.jcrt.org/citations/archives/17.2/bornemark.ris
dewarren.csl.json,https://files.jcrt.org/citations/archives/17.2/dewarren.csl.json
dewarren.ris,https://files.jcrt.org/citations/archives/17.2/dewarren.ris
dodd.csl.json,https://files.jcrt.org/citations/archives/17.2/dodd.csl.json
dodd.ris,https://files.jcrt.org/citations/archives/17.2/dodd.ris
evink.csl.json,https://files.jcrt.org/citations/archives/17.2/evink.csl.json
evink.ris,https://files.jcrt.org/citations/archives/17.2/evink.ris
gschwandtner.csl.json,https://files.jcrt.org/citations/archives/17.2/gschwandtner.csl.json
gschwandtner.ris,https://files.jcrt.org/citations/archives/17.2/gschwandtner.ris
hagedorn_staudigl.csl.json,https://files.jcrt.org/citations/archives/17.2/hagedorn_staudigl.csl.json
hagedorn_staudigl.ris,https://files.jcrt.org/citations/archives/17.2/hagedorn_staudigl.ris
hart.csl.json,https://files.jcrt.org/citations/archives/17.2/hart.csl.json
hart.ris,https://files.jcrt.org/citations/archives/17.2/hart.ris
klun.csl.json,https://files.jcrt.org/citations/archives/17.2/klun.csl.json
klun.ris,https://files.jcrt.org/citations/archives/17.2/klun.ris
leclercq.csl.json,https://files.jcrt.org/citations/archives/17.2/leclercq.csl.json
leclercq.ris,https://files.jcrt.org/citations/archives/17.2/leclercq.ris
marion.csl.json,https://files.jcrt.org/citations/archives/17.2/marion.csl.json
marion.ris,https://files.jcrt.org/citations/archives/17.2/marion.ris
mensch.csl.json,https://files.jcrt.org/citations/archives/17.2/mensch.csl.json
mensch.ris,https://files.jcrt.org/citations/archives/17.2/mensch.ris
prole.csl.json,https://files.jcrt.org/citations/archives/17.2/prole.csl.json
prole.ris,https://files.jcrt.org/citations/archives/17.2/prole.ris
rivera.csl.json,https://files.jcrt.org/citations/archives/17.2/rivera.csl.json
rivera.ris,https://files.jcrt.org/citations/archives/17.2/rivera.ris
backman.csl.json,https://files.jcrt.org/citations/archives/17.3/backman.csl.json
backman.ris,https://files.jcrt.org/citations/archives/17.3/backman.ris
beddard.csl.json,https://files.jcrt.org/citations/archives/17.3/beddard.csl.json
beddard.ris,https://files.jcrt.org/citations/archives/17.3/beddard.ris
datar.csl.json,https://files.jcrt.org/citations/archives/17.3/datar.csl.json
datar.ris,https://files.jcrt.org/citations/archives/17.3/datar.ris
davis.csl.json,https://files.jcrt.org/citations/archives/17.3/davis.csl.json
davis.ris,https://files.jcrt.org/citations/archives/17.3/davis.ris
green.csl.json,https://files.jcrt.org/citations/archives/17.3/green.csl.json
green.ris,https://files.jcrt.org/citations/archives/17.3/green.ris
kavoulakos.csl.json,https://files.jcrt.org/citations/archives/17.3/kavoulakos.csl.json
kavoulakos.ris,https://files.jcrt.org/citations/archives/17.3/kavoulakos.ris
lawrence.csl.json,https://files.jcrt.org/citations/archives/17.3/lawrence.csl.json
lawrence.ris,https://files.jcrt.org/citations/archives/17.3/lawrence.ris
rhodes.csl.json,https://files.jcrt.org/citations/archives/17.3/rhodes.csl.json
rhodes.ris,https://files.jcrt.org/citations/archives/17.3/rhodes.ris
schmidt.csl.json,https://files.jcrt.org/citations/archives/17.3/schmidt.csl.json
schmidt.ris,https://files.jcrt.org/citations/archives/17.3/schmidt.ris
soni.csl.json,https://files.jcrt.org/citations/archives/17.3/soni.csl.json
soni.ris,https://files.jcrt.org/citations/archives/17.3/soni.ris
tutt.csl.json,https://files.jcrt.org/citations/archives/17.3/tutt.csl.json
tutt.ris,https://files.jcrt.org/citations/archives/17.3/tutt.ris
yonker.csl.json,https://files.jcrt.org/citations/archives/17.3/yonker.csl.json
yonker.ris,https://files.jcrt.org/citations/archives/17.3/yonker.ris
appel.csl.json,https://files.jcrt.org/citations/archives/18.1/appel.csl.json
appel.ris,https://files.jcrt.org/citations/archives/18.1/appel.ris
bios.csl.json,https://files.jcrt.org/citations/archives/18.1/bios.csl.json
bios.ris,https://files.jcrt.org/citations/archives/18.1/bios.ris
burke.csl.json,https://files.jcrt.org/citations/archives/18.1/burke.csl.json
burke.ris,https://files.jcrt.org/citations/archives/18.1/burke.ris
burke2.csl.json,https://files.jcrt.org/citations/archives/18.1/burke2.csl.json
burke2.ris,https://files.jcrt.org/citations/archives/18.1/burke2.ris
cook.csl.json,https://files.jcrt.org/citations/archives/18.1/cook.csl.json
cook.ris,https://files.jcrt.org/citations/archives/18.1/cook.ris
delay.csl.json,https://files.jcrt.org/citations/archives/18.1/delay.csl.json
delay.ris,https://files.jcrt.org/citations/archives/18.1/delay.ris
green.csl.json,https://files.jcrt.org/citations/archives/18.1/green.csl.json
green.ris,https://files.jcrt.org/citations/archives/18.1/green.ris
komkov.csl.json,https://files.jcrt.org/citations/archives/18.1/komkov.csl.json
komkov.ris,https://files.jcrt.org/citations/archives/18.1/komkov.ris
komkov2.csl.json,https://files.jcrt.org/citations/archives/18.1/komkov2.csl.json
komkov2.ris,https://files.jcrt.org/citations/archives/18.1/komkov2.ris
koser.csl.json,https://files.jcrt.org/citations/archives/18.1/koser.csl.json
koser.ris,https://files.jcrt.org/citations/archives/18.1/koser.ris
l_land.csl.json,https://files.jcrt.org/citations/archives/18.1/l_land.csl.json
l_land.ris,https://files.jcrt.org/citations/archives/18.1/l_land.ris
loland1.csl.json,https://files.jcrt.org/citations/archives/18.1/loland1.csl.json
loland1.ris,https://files.jcrt.org/citations/archives/18.1/loland1.ris
mcandrew.csl.json,https://files.jcrt.org/citations/archives/18.1/mcandrew.csl.json
mcandrew.ris,https://files.jcrt.org/citations/archives/18.1/mcandrew.ris
pederson.csl.json,https://files.jcrt.org/citations/archives/18.1/pederson.csl.json
pederson.ris,https://files.jcrt.org/citations/archives/18.1/pederson.ris
ramos.csl.json,https://files.jcrt.org/citations/archives/18.1/ramos.csl.json
ramos.ris,https://files.jcrt.org/citations/archives/18.1/ramos.ris
ramos1.csl.json,https://files.jcrt.org/citations/archives/18.1/ramos1.csl.json
ramos1.ris,https://files.jcrt.org/citations/archives/18.1/ramos1.ris
richard.csl.json,https://files.jcrt.org/citations/archives/18.1/richard.csl.json
richard.ris,https://files.jcrt.org/citations/archives/18.1/richard.ris
sharma.csl.json,https://files.jcrt.org/citations/archives/18.1/sharma.csl.json
sharma.ris,https://files.jcrt.org/citations/archives/18.1/sharma.ris
sharma2.csl.json,https://files.jcrt.org/citations/archives/18.1/sharma2.csl.json
sharma2.ris,https://files.jcrt.org/citations/archives/18.1/sharma2.ris
spickard.csl.json,https://files.jcrt.org/citations/archives/18.1/spickard.csl.json
spickard.ris,https://files.jcrt.org/citations/archives/18.1/spickard.ris
spickard2.csl.json,https://files.jcrt.org/citations/archives/18.1/spickard2.csl.json
spickard2.ris,https://files.jcrt.org/citations/archives/18.1/spickard2.ris
Konigsburg.csl.json,https://files.jcrt.org/citations/archives/18.2/Konigsburg.csl.json
Konigsburg.ris,https://files.jcrt.org/citations/archives/18.2/Konigsburg.ris
bios.csl.json,https://files.jcrt.org/citations/archives/18.2/bios.csl.json
bios.ris,https://files.jcrt.org/citations/archives/18.2/bios.ris
deroo.csl.json,https://files.jcrt.org/citations/archives/18.2/deroo.csl.json
deroo.ris,https://files.jcrt.org/citations/archives/18.2/deroo.ris
fishley.csl.json,https://files.jcrt.org/citations/archives/18.2/fishley.csl.json
fishley.ris,https://files.jcrt.org/citations/archives/18.2/fishley.ris
giardino.csl.json,https://files.jcrt.org/citations/archives/18.2/giardino.csl.json
giardino.ris,https://files.jcrt.org/citations/archives/18.2/giardino.ris
graham.csl.json,https://files.jcrt.org/citations/archives/18.2/graham.csl.json
graham.ris,https://files.jcrt.org/citations/archives/18.2/graham.ris
green.csl.json,https://files.jcrt.org/citations/archives/18.2/green.csl.json
green.ris,https://files.jcrt.org/citations/archives/18.2/green.ris
guerriero.csl.json,https://files.jcrt.org/citations/archives/18.2/guerriero.csl.json
guerriero.ris,https://files.jcrt.org/citations/archives/18.2/guerriero.ris
harrison.csl.json,https://files.jcrt.org/citations/archives/18.2/harrison.csl.json
harrison.ris,https://files.jcrt.org/citations/archives/18.2/harrison.ris
hovorun.csl.json,https://files.jcrt.org/citations/archives/18.2/hovorun.csl.json
hovorun.ris,https://files.jcrt.org/citations/archives/18.2/hovorun.ris
lewis.csl.json,https://files.jcrt.org/citations/archives/18.2/lewis.csl.json
lewis.ris,https://files.jcrt.org/citations/archives/18.2/lewis.ris
mcavan.csl.json,https://files.jcrt.org/citations/archives/18.2/mcavan.csl.json
mcavan.ris,https://files.jcrt.org/citations/archives/18.2/mcavan.ris
oliver.csl.json,https://files.jcrt.org/citations/archives/18.2/oliver.csl.json
oliver.ris,https://files.jcrt.org/citations/archives/18.2/oliver.ris
pessin.csl.json,https://files.jcrt.org/citations/archives/18.2/pessin.csl.json
pessin.ris,https://files.jcrt.org/citations/archives/18.2/pessin.ris
prewitt-davis.csl.json,https://files.jcrt.org/citations/archives/18.2/prewitt-davis.csl.json
prewitt-davis.ris,https://files.jcrt.org/citations/archives/18.2/prewitt-davis.ris
samuel.csl.json,https://files.jcrt.org/citations/archives/18.2/samuel.csl.json
samuel.ris,https://files.jcrt.org/citations/archives/18.2/samuel.ris
stanton.csl.json,https://files.jcrt.org/citations/archives/18.2/stanton.csl.json
stanton.ris,https://files.jcrt.org/citations/archives/18.2/stanton.ris
trozzo.csl.json,https://files.jcrt.org/citations/archives/18.2/trozzo.csl.json
trozzo.ris,https://files.jcrt.org/citations/archives/18.2/trozzo.ris
vaino.csl.json,https://files.jcrt.org/citations/archives/18.2/vaino.csl.json
vaino.ris,https://files.jcrt.org/citations/archives/18.2/vaino.ris
bios.csl.json,https://files.jcrt.org/citations/archives/18.3/bios.csl.json
bios.ris,https://files.jcrt.org/citations/archives/18.3/bios.ris
burley.csl.json,https://files.jcrt.org/citations/archives/18.3/burley.csl.json
burley.ris,https://files.jcrt.org/citations/archives/18.3/burley.ris
cisney.csl.json,https://files.jcrt.org/citations/archives/18.3/cisney.csl.json
cisney.ris,https://files.jcrt.org/citations/archives/18.3/cisney.ris
deibl.csl.json,https://files.jcrt.org/citations/archives/18.3/deibl.csl.json
deibl.ris,https://files.jcrt.org/citations/archives/18.3/deibl.ris
goggin.csl.json,https://files.jcrt.org/citations/archives/18.3/goggin.csl.json
goggin.ris,https://files.jcrt.org/citations/archives/18.3/goggin.ris
haynes.csl.json,https://files.jcrt.org/citations/archives/18.3/haynes.csl.json
haynes.ris,https://files.jcrt.org/citations/archives/18.3/haynes.ris
jones.csl.json,https://files.jcrt.org/citations/archives/18.3/jones.csl.json
jones.ris,https://files.jcrt.org/citations/archives/18.3/jones.ris
mccracken.csl.json,https://files.jcrt.org/citations/archives/18.3/mccracken.csl.json
mccracken.ris,https://files.jcrt.org/citations/archives/18.3/mccracken.ris
murphy.csl.json,https://files.jcrt.org/citations/archives/18.3/murphy.csl.json
murphy.ris,https://files.jcrt.org/citations/archives/18.3/murphy.ris
onishi.csl.json,https://files.jcrt.org/citations/archives/18.3/onishi.csl.json
onishi.ris,https://files.jcrt.org/citations/archives/18.3/onishi.ris
roberts.csl.json,https://files.jcrt.org/citations/archives/18.3/roberts.csl.json
roberts.ris,https://files.jcrt.org/citations/archives/18.3/roberts.ris
roberts_hayden.csl.json,https://files.jcrt.org/citations/archives/18.3/roberts_hayden.csl.json
roberts_hayden.ris,https://files.jcrt.org/citations/archives/18.3/roberts_hayden.ris
robertsandhayden.csl.json,https://files.jcrt.org/citations/archives/18.3/robertsandhayden.csl.json
robertsandhayden.ris,https://files.jcrt.org/citations/archives/18.3/robertsandhayden.ris
rubenstein.csl.json,https://files.jcrt.org/citations/archives/18.3/rubenstein.csl.json
rubenstein.ris,https://files.jcrt.org/citations/archives/18.3/rubenstein.ris
ruetenik.csl.json,https://files.jcrt.org/citations/archives/18.3/ruetenik.csl.json
ruetenik.ris,https://files.jcrt.org/citations/archives/18.3/ruetenik.ris
tarleton.csl.json,https://files.jcrt.org/citations/archives/18.3/tarleton.csl.json
tarleton.ris,https://files.jcrt.org/citations/archives/18.3/tarleton.ris
bios.csl.json,https://files.jcrt.org/citations/archives/19.1/bios.csl.json
bios.ris,https://files.jcrt.org/citations/archives/19.1/bios.ris
casey.csl.json,https://files.jcrt.org/citations/archives/19.1/casey.csl.json
casey.ris,https://files.jcrt.org/citations/archives/19.1/casey.ris
cobb.csl.json,https://files.jcrt.org/citations/archives/19.1/cobb.csl.json
cobb.ris,https://files.jcrt.org/citations/archives/19.1/cobb.ris
dise.csl.json,https://files.jcrt.org/citations/archives/19.1/dise.csl.json
dise.ris,https://files.jcrt.org/citations/archives/19.1/dise.ris
feld.csl.json,https://files.jcrt.org/citations/archives/19.1/feld.csl.json
feld.ris,https://files.jcrt.org/citations/archives/19.1/feld.ris
franke.csl.json,https://files.jcrt.org/citations/archives/19.1/franke.csl.json
franke.ris,https://files.jcrt.org/citations/archives/19.1/franke.ris
hart.csl.json,https://files.jcrt.org/citations/archives/19.1/hart.csl.json
hart.ris,https://files.jcrt.org/citations/archives/19.1/hart.ris
hass.csl.json,https://files.jcrt.org/citations/archives/19.1/hass.csl.json
hass.ris,https://files.jcrt.org/citations/archives/19.1/hass.ris
jennings.csl.json,https://files.jcrt.org/citations/archives/19.1/jennings.csl.json
jennings.ris,https://files.jcrt.org/citations/archives/19.1/jennings.ris
mccullough.csl.json,https://files.jcrt.org/citations/archives/19.1/mccullough.csl.json
mccullough.ris,https://files.jcrt.org/citations/archives/19.1/mccullough.ris
quasha.csl.json,https://files.jcrt.org/citations/archives/19.1/quasha.csl.json
quasha.ris,https://files.jcrt.org/citations/archives/19.1/quasha.ris
raschke.csl.json,https://files.jcrt.org/citations/archives/19.1/raschke.csl.json
raschke.ris,https://files.jcrt.org/citations/archives/19.1/raschke.ris
redell.csl.json,https://files.jcrt.org/citations/archives/19.1/redell.csl.json
redell.ris,https://files.jcrt.org/citations/archives/19.1/redell.ris
rubenstein.csl.json,https://files.jcrt.org/citations/archives/19.1/rubenstein.csl.json
rubenstein.ris,https://files.jcrt.org/citations/archives/19.1/rubenstein.ris
schroeder.csl.json,https://files.jcrt.org/citations/archives/19.1/schroeder.csl.json
schroeder.ris,https://files.jcrt.org/citations/archives/19.1/schroeder.ris
taylor.csl.json,https://files.jcrt.org/citations/archives/19.1/taylor.csl.json
taylor.ris,https://files.jcrt.org/citations/archives/19.1/taylor.ris
wolfson.csl.json,https://files.jcrt.org/citations/archives/19.1/wolfson.csl.json
wolfson.ris,https://files.jcrt.org/citations/archives/19.1/wolfson.ris
bios.csl.json,https://files.jcrt.org/citations/archives/19.2/bios.csl.json
bios.ris,https://files.jcrt.org/citations/archives/19.2/bios.ris
green.csl.json,https://files.jcrt.org/citations/archives/19.2/green.csl.json
green.ris,https://files.jcrt.org/citations/archives/19.2/green.ris
hackett.csl.json,https://files.jcrt.org/citations/archives/19.2/hackett.csl.json
hackett.ris,https://files.jcrt.org/citations/archives/19.2/hackett.ris
hurley.csl.json,https://files.jcrt.org/citations/archives/19.2/hurley.csl.json
hurley.ris,https://files.jcrt.org/citations/archives/19.2/hurley.ris
hyman.csl.json,https://files.jcrt.org/citations/archives/19.2/hyman.csl.json
hyman.ris,https://files.jcrt.org/citations/archives/19.2/hyman.ris
maltby.csl.json,https://files.jcrt.org/citations/archives/19.2/maltby.csl.json
maltby.ris,https://files.jcrt.org/citations/archives/19.2/maltby.ris
marion.csl.json,https://files.jcrt.org/citations/archives/19.2/marion.csl.json
marion.ris,https://files.jcrt.org/citations/archives/19.2/marion.ris
mcavan.csl.json,https://files.jcrt.org/citations/archives/19.2/mcavan.csl.json
mcavan.ris,https://files.jcrt.org/citations/archives/19.2/mcavan.ris
molla.csl.json,https://files.jcrt.org/citations/archives/19.2/molla.csl.json
molla.ris,https://files.jcrt.org/citations/archives/19.2/molla.ris
murphy.csl.json,https://files.jcrt.org/citations/archives/19.2/murphy.csl.json
murphy.ris,https://files.jcrt.org/citations/archives/19.2/murphy.ris
rosen.csl.json,https://files.jcrt.org/citations/archives/19.2/rosen.csl.json
rosen.ris,https://files.jcrt.org/citations/archives/19.2/rosen.ris
tinker.csl.json,https://files.jcrt.org/citations/archives/19.2/tinker.csl.json
tinker.ris,https://files.jcrt.org/citations/archives/19.2/tinker.ris
1-britt.csl.json,https://files.jcrt.org/citations/archives/19.3/1-britt.csl.json
1-britt.ris,https://files.jcrt.org/citations/archives/19.3/1-britt.ris
2-almog.csl.json,https://files.jcrt.org/citations/archives/19.3/2-almog.csl.json
2-almog.ris,https://files.jcrt.org/citations/archives/19.3/2-almog.ris
3-britt.csl.json,https://files.jcrt.org/citations/archives/19.3/3-britt.csl.json
3-britt.ris,https://files.jcrt.org/citations/archives/19.3/3-britt.ris
4-green.csl.json,https://files.jcrt.org/citations/archives/19.3/4-green.csl.json
4-green.ris,https://files.jcrt.org/citations/archives/19.3/4-green.ris
5-leibovic.csl.json,https://files.jcrt.org/citations/archives/19.3/5-leibovic.csl.json
5-leibovic.ris,https://files.jcrt.org/citations/archives/19.3/5-leibovic.ris
6-rotlevy.csl.json,https://files.jcrt.org/citations/archives/19.3/6-rotlevy.csl.json
6-rotlevy.ris,https://files.jcrt.org/citations/archives/19.3/6-rotlevy.ris
7-salzani.csl.json,https://files.jcrt.org/citations/archives/19.3/7-salzani.csl.json
7-salzani.ris,https://files.jcrt.org/citations/archives/19.3/7-salzani.ris
8-weidner.csl.json,https://files.jcrt.org/citations/archives/19.3/8-weidner.csl.json
8-weidner.ris,https://files.jcrt.org/citations/archives/19.3/8-weidner.ris
bios.csl.json,https://files.jcrt.org/citations/archives/19.3/bios.csl.json
bios.ris,https://files.jcrt.org/citations/archives/19.3/bios.ris
lebovic.csl.json,https://files.jcrt.org/citations/archives/19.3/lebovic.csl.json
lebovic.ris,https://files.jcrt.org/citations/archives/19.3/lebovic.ris
ball.csl.json,https://files.jcrt.org/citations/archives/20.1/ball.csl.json
ball.ris,https://files.jcrt.org/citations/archives/20.1/ball.ris
bedford.csl.json,https://files.jcrt.org/citations/archives/20.1/bedford.csl.json
bedford.ris,https://files.jcrt.org/citations/archives/20.1/bedford.ris
bios.csl.json,https://files.jcrt.org/citations/archives/20.1/bios.csl.json
bios.ris,https://files.jcrt.org/citations/archives/20.1/bios.ris
conroy.csl.json,https://files.jcrt.org/citations/archives/20.1/conroy.csl.json
conroy.ris,https://files.jcrt.org/citations/archives/20.1/conroy.ris
lacey.csl.json,https://files.jcrt.org/citations/archives/20.1/lacey.csl.json
lacey.ris,https://files.jcrt.org/citations/archives/20.1/lacey.ris
maeshiro.csl.json,https://files.jcrt.org/citations/archives/20.1/maeshiro.csl.json
maeshiro.ris,https://files.jcrt.org/citations/archives/20.1/maeshiro.ris
mcmaken.csl.json,https://files.jcrt.org/citations/archives/20.1/mcmaken.csl.json
mcmaken.ris,https://files.jcrt.org/citations/archives/20.1/mcmaken.ris
reiser.csl.json,https://files.jcrt.org/citations/archives/20.1/reiser.csl.json
reiser.ris,https://files.jcrt.org/citations/archives/20.1/reiser.ris
urquidez.csl.json,https://files.jcrt.org/citations/archives/20.1/urquidez.csl.json
urquidez.ris,https://files.jcrt.org/citations/archives/20.1/urquidez.ris
willis.csl.json,https://files.jcrt.org/citations/archives/20.1/willis.csl.json
willis.ris,https://files.jcrt.org/citations/archives/20.1/willis.ris
bios.csl.json,https://files.jcrt.org/citations/archives/20.2/bios.csl.json
bios.ris,https://files.jcrt.org/citations/archives/20.2/bios.ris
praise.csl.json,https://files.jcrt.org/citations/archives/20.2/praise.csl.json
praise.ris,https://files.jcrt.org/citations/archives/20.2/praise.ris
bios.csl.json,https://files.jcrt.org/citations/archives/20.3/bios.csl.json
bios.ris,https://files.jcrt.org/citations/archives/20.3/bios.ris
boulting.csl.json,https://files.jcrt.org/citations/archives/20.3/boulting.csl.json
boulting.ris,https://files.jcrt.org/citations/archives/20.3/boulting.ris
cuda.csl.json,https://files.jcrt.org/citations/archives/20.3/cuda.csl.json
cuda.ris,https://files.jcrt.org/citations/archives/20.3/cuda.ris
decoloniality.csl.json,https://files.jcrt.org/citations/archives/20.3/decoloniality.csl.json
decoloniality.ris,https://files.jcrt.org/citations/archives/20.3/decoloniality.ris
felese.csl.json,https://files.jcrt.org/citations/archives/20.3/felese.csl.json
felese.ris,https://files.jcrt.org/citations/archives/20.3/felese.ris
holdier.csl.json,https://files.jcrt.org/citations/archives/20.3/holdier.csl.json
holdier.ris,https://files.jcrt.org/citations/archives/20.3/holdier.ris
kline.csl.json,https://files.jcrt.org/citations/archives/20.3/kline.csl.json
kline.ris,https://files.jcrt.org/citations/archives/20.3/kline.ris
klug.csl.json,https://files.jcrt.org/citations/archives/20.3/klug.csl.json
klug.ris,https://files.jcrt.org/citations/archives/20.3/klug.ris
walsh_mignolo_herrero_tinker.csl.json,https://files.jcrt.org/citations/archives/20.3/walsh_mignolo_herrero_tinker.csl.json
walsh_mignolo_herrero_tinker.ris,https://files.jcrt.org/citations/archives/20.3/walsh_mignolo_herrero_tinker.ris
bakker.csl.json,https://files.jcrt.org/citations/archives/21.1/bakker.csl.json
bakker.ris,https://files.jcrt.org/citations/archives/21.1/bakker.ris
bios.csl.json,https://files.jcrt.org/citations/archives/21.1/bios.csl.json
bios.ris,https://files.jcrt.org/citations/archives/21.1/bios.ris
boulting.csl.json,https://files.jcrt.org/citations/archives/21.1/boulting.csl.json
boulting.ris,https://files.jcrt.org/citations/archives/21.1/boulting.ris
burkette.csl.json,https://files.jcrt.org/citations/archives/21.1/burkette.csl.json
burkette.ris,https://files.jcrt.org/citations/archives/21.1/burkette.ris
marinho.csl.json,https://files.jcrt.org/citations/archives/21.1/marinho.csl.json
marinho.ris,https://files.jcrt.org/citations/archives/21.1/marinho.ris
raubach.csl.json,https://files.jcrt.org/citations/archives/21.1/raubach.csl.json
raubach.ris,https://files.jcrt.org/citations/archives/21.1/raubach.ris
sirota.csl.json,https://files.jcrt.org/citations/archives/21.1/sirota.csl.json
sirota.ris,https://files.jcrt.org/citations/archives/21.1/sirota.ris
skof.csl.json,https://files.jcrt.org/citations/archives/21.1/skof.csl.json
skof.ris,https://files.jcrt.org/citations/archives/21.1/skof.ris
afridi.csl.json,https://files.jcrt.org/citations/archives/21.2/afridi.csl.json
afridi.ris,https://files.jcrt.org/citations/archives/21.2/afridi.ris
arnold.csl.json,https://files.jcrt.org/citations/archives/21.2/arnold.csl.json
arnold.ris,https://files.jcrt.org/citations/archives/21.2/arnold.ris
bios.csl.json,https://files.jcrt.org/citations/archives/21.2/bios.csl.json
bios.ris,https://files.jcrt.org/citations/archives/21.2/bios.ris
macdonald.csl.json,https://files.jcrt.org/citations/archives/21.2/macdonald.csl.json
macdonald.ris,https://files.jcrt.org/citations/archives/21.2/macdonald.ris
molla.csl.json,https://files.jcrt.org/citations/archives/21.2/molla.csl.json
molla.ris,https://files.jcrt.org/citations/archives/21.2/molla.ris
taylor.csl.json,https://files.jcrt.org/citations/archives/21.2/taylor.csl.json
taylor.ris,https://files.jcrt.org/citations/archives/21.2/taylor.ris
walker.csl.json,https://files.jcrt.org/citations/archives/21.2/walker.csl.json
walker.ris,https://files.jcrt.org/citations/archives/21.2/walker.ris
wood.csl.json,https://files.jcrt.org/citations/archives/21.2/wood.csl.json
wood.ris,https://files.jcrt.org/citations/archives/21.2/wood.ris
bielik_robson.csl.json,https://files.jcrt.org/citations/archives/21.3/bielik_robson.csl.json
bielik_robson.ris,https://files.jcrt.org/citations/archives/21.3/bielik_robson.ris
bios.csl.json,https://files.jcrt.org/citations/archives/21.3/bios.csl.json
bios.ris,https://files.jcrt.org/citations/archives/21.3/bios.ris
bradley.csl.json,https://files.jcrt.org/citations/archives/21.3/bradley.csl.json
bradley.ris,https://files.jcrt.org/citations/archives/21.3/bradley.ris
bradley0.csl.json,https://files.jcrt.org/citations/archives/21.3/bradley0.csl.json
bradley0.ris,https://files.jcrt.org/citations/archives/21.3/bradley0.ris
bradley1.csl.json,https://files.jcrt.org/citations/archives/21.3/bradley1.csl.json
bradley1.ris,https://files.jcrt.org/citations/archives/21.3/bradley1.ris
bradley2.csl.json,https://files.jcrt.org/citations/archives/21.3/bradley2.csl.json
bradley2.ris,https://files.jcrt.org/citations/archives/21.3/bradley2.ris
bradley3.csl.json,https://files.jcrt.org/citations/archives/21.3/bradley3.csl.json
bradley3.ris,https://files.jcrt.org/citations/archives/21.3/bradley3.ris
bradley4.csl.json,https://files.jcrt.org/citations/archives/21.3/bradley4.csl.json
bradley4.ris,https://files.jcrt.org/citations/archives/21.3/bradley4.ris
bradley5.csl.json,https://files.jcrt.org/citations/archives/21.3/bradley5.csl.json
bradley5.ris,https://files.jcrt.org/citations/archives/21.3/bradley5.ris
bradley6.csl.json,https://files.jcrt.org/citations/archives/21.3/bradley6.csl.json
bradley6.ris,https://files.jcrt.org/citations/archives/21.3/bradley6.ris
bradley7.csl.json,https://files.jcrt.org/citations/archives/21.3/bradley7.csl.json
bradley7.ris,https://files.jcrt.org/citations/archives/21.3/bradley7.ris
bradley8.csl.json,https://files.jcrt.org/citations/archives/21.3/bradley8.csl.json
bradley8.ris,https://files.jcrt.org/citations/archives/21.3/bradley8.ris
bradley_2.csl.json,https://files.jcrt.org/citations/archives/21.3/bradley_2.csl.json
bradley_2.ris,https://files.jcrt.org/citations/archives/21.3/bradley_2.ris
bradley_3.csl.json,https://files.jcrt.org/citations/archives/21.3/bradley_3.csl.json
bradley_3.ris,https://files.jcrt.org/citations/archives/21.3/bradley_3.ris
gildea.csl.json,https://files.jcrt.org/citations/archives/21.3/gildea.csl.json
gildea.ris,https://files.jcrt.org/citations/archives/21.3/gildea.ris
johnston.csl.json,https://files.jcrt.org/citations/archives/21.3/johnston.csl.json
johnston.ris,https://files.jcrt.org/citations/archives/21.3/johnston.ris
meganck.csl.json,https://files.jcrt.org/citations/archives/21.3/meganck.csl.json
meganck.ris,https://files.jcrt.org/citations/archives/21.3/meganck.ris
nedoh.csl.json,https://files.jcrt.org/citations/archives/21.3/nedoh.csl.json
nedoh.ris,https://files.jcrt.org/citations/archives/21.3/nedoh.ris
raschke.csl.json,https://files.jcrt.org/citations/archives/21.3/raschke.csl.json
raschke.ris,https://files.jcrt.org/citations/archives/21.3/raschke.ris
simon.csl.json,https://files.jcrt.org/citations/archives/21.3/simon.csl.json
simon.ris,https://files.jcrt.org/citations/archives/21.3/simon.ris
auer.csl.json,https://files.jcrt.org/citations/archives/22.1/auer.csl.json
auer.ris,https://files.jcrt.org/citations/archives/22.1/auer.ris
edlinger.csl.json,https://files.jcrt.org/citations/archives/22.1/edlinger.csl.json
edlinger.ris,https://files.jcrt.org/citations/archives/22.1/edlinger.ris
gaetano.csl.json,https://files.jcrt.org/citations/archives/22.1/gaetano.csl.json
gaetano.ris,https://files.jcrt.org/citations/archives/22.1/gaetano.ris
grane.csl.json,https://files.jcrt.org/citations/archives/22.1/grane.csl.json
grane.ris,https://files.jcrt.org/citations/archives/22.1/grane.ris
hujing.csl.json,https://files.jcrt.org/citations/archives/22.1/hujing.csl.json
hujing.ris,https://files.jcrt.org/citations/archives/22.1/hujing.ris
magnasco.csl.json,https://files.jcrt.org/citations/archives/22.1/magnasco.csl.json
magnasco.ris,https://files.jcrt.org/citations/archives/22.1/magnasco.ris
patry.csl.json,https://files.jcrt.org/citations/archives/22.1/patry.csl.json
patry.ris,https://files.jcrt.org/citations/archives/22.1/patry.ris
quell.csl.json,https://files.jcrt.org/citations/archives/22.1/quell.csl.json
quell.ris,https://files.jcrt.org/citations/archives/22.1/quell.ris
sedmak.csl.json,https://files.jcrt.org/citations/archives/22.1/sedmak.csl.json
sedmak.ris,https://files.jcrt.org/citations/archives/22.1/sedmak.ris
westin_sedmak.csl.json,https://files.jcrt.org/citations/archives/22.1/westin_sedmak.csl.json
westin_sedmak.ris,https://files.jcrt.org/citations/archives/22.1/westin_sedmak.ris
wurts.csl.json,https://files.jcrt.org/citations/archives/22.1/wurts.csl.json
wurts.ris,https://files.jcrt.org/citations/archives/22.1/wurts.ris
bios.csl.json,https://files.jcrt.org/citations/archives/22.2/bios.csl.json
bios.ris,https://files.jcrt.org/citations/archives/22.2/bios.ris
byng.csl.json,https://files.jcrt.org/citations/archives/22.2/byng.csl.json
byng.ris,https://files.jcrt.org/citations/archives/22.2/byng.ris
dubus.csl.json,https://files.jcrt.org/citations/archives/22.2/dubus.csl.json
dubus.ris,https://files.jcrt.org/citations/archives/22.2/dubus.ris
hall.csl.json,https://files.jcrt.org/citations/archives/22.2/hall.csl.json
hall.ris,https://files.jcrt.org/citations/archives/22.2/hall.ris
howes.csl.json,https://files.jcrt.org/citations/archives/22.2/howes.csl.json
howes.ris,https://files.jcrt.org/citations/archives/22.2/howes.ris
keller_raschke.csl.json,https://files.jcrt.org/citations/archives/22.2/keller_raschke.csl.json
keller_raschke.ris,https://files.jcrt.org/citations/archives/22.2/keller_raschke.ris
raschke.csl.json,https://files.jcrt.org/citations/archives/22.2/raschke.csl.json
raschke.ris,https://files.jcrt.org/citations/archives/22.2/raschke.ris
singh.csl.json,https://files.jcrt.org/citations/archives/22.2/singh.csl.json
singh.ris,https://files.jcrt.org/citations/archives/22.2/singh.ris
bios.csl.json,https://files.jcrt.org/citations/archives/23.1/bios.csl.json
bios.ris,https://files.jcrt.org/citations/archives/23.1/bios.ris
durante.csl.json,https://files.jcrt.org/citations/archives/23.1/durante.csl.json
durante.ris,https://files.jcrt.org/citations/archives/23.1/durante.ris
grane.csl.json,https://files.jcrt.org/citations/archives/23.1/grane.csl.json
grane.ris,https://files.jcrt.org/citations/archives/23.1/grane.ris
hujing.csl.json,https://files.jcrt.org/citations/archives/23.1/hujing.csl.json
hujing.ris,https://files.jcrt.org/citations/archives/23.1/hujing.ris
johnson.csl.json,https://files.jcrt.org/citations/archives/23.1/johnson.csl.json
johnson.ris,https://files.jcrt.org/citations/archives/23.1/johnson.ris
kaur.csl.json,https://files.jcrt.org/citations/archives/23.1/kaur.csl.json
kaur.ris,https://files.jcrt.org/citations/archives/23.1/kaur.ris
massaro.csl.json,https://files.jcrt.org/citations/archives/23.1/massaro.csl.json
massaro.ris,https://files.jcrt.org/citations/archives/23.1/massaro.ris
mather.csl.json,https://files.jcrt.org/citations/archives/23.1/mather.csl.json
mather.ris,https://files.jcrt.org/citations/archives/23.1/mather.ris
mckanan.csl.json,https://files.jcrt.org/citations/archives/23.1/mckanan.csl.json
mckanan.ris,https://files.jcrt.org/citations/archives/23.1/mckanan.ris
monson.csl.json,https://files.jcrt.org/citations/archives/23.1/monson.csl.json
monson.ris,https://files.jcrt.org/citations/archives/23.1/monson.ris
pope.csl.json,https://files.jcrt.org/citations/archives/23.1/pope.csl.json
pope.ris,https://files.jcrt.org/citations/archives/23.1/pope.ris
prewitt_davis.csl.json,https://files.jcrt.org/citations/archives/23.1/prewitt_davis.csl.json
prewitt_davis.ris,https://files.jcrt.org/citations/archives/23.1/prewitt_davis.ris
arnold.csl.json,https://files.jcrt.org/citations/archives/23.2/arnold.csl.json
arnold.ris,https://files.jcrt.org/citations/archives/23.2/arnold.ris
bios.csl.json,https://files.jcrt.org/citations/archives/23.2/bios.csl.json
bios.ris,https://files.jcrt.org/citations/archives/23.2/bios.ris
marks.csl.json,https://files.jcrt.org/citations/archives/23.2/marks.csl.json
marks.ris,https://files.jcrt.org/citations/archives/23.2/marks.ris
porter.csl.json,https://files.jcrt.org/citations/archives/23.2/porter.csl.json
porter.ris,https://files.jcrt.org/citations/archives/23.2/porter.ris
raschke.csl.json,https://files.jcrt.org/citations/archives/23.2/raschke.csl.json
raschke.ris,https://files.jcrt.org/citations/archives/23.2/raschke.ris
sendag.csl.json,https://files.jcrt.org/citations/archives/23.2/sendag.csl.json
sendag.ris,https://files.jcrt.org/citations/archives/23.2/sendag.ris
abstracts.csl.json,https://files.jcrt.org/citations/archives/24.1/abstracts.csl.json
abstracts.ris,https://files.jcrt.org/citations/archives/24.1/abstracts.ris
bios.csl.json,https://files.jcrt.org/citations/archives/24.1/bios.csl.json
bios.ris,https://files.jcrt.org/citations/archives/24.1/bios.ris
daga.csl.json,https://files.jcrt.org/citations/archives/24.1/daga.csl.json
daga.ris,https://files.jcrt.org/citations/archives/24.1/daga.ris
durante.csl.json,https://files.jcrt.org/citations/archives/24.1/durante.csl.json
durante.ris,https://files.jcrt.org/citations/archives/24.1/durante.ris
godazgar.csl.json,https://files.jcrt.org/citations/archives/24.1/godazgar.csl.json
godazgar.ris,https://files.jcrt.org/citations/archives/24.1/godazgar.ris
grammenou.csl.json,https://files.jcrt.org/citations/archives/24.1/grammenou.csl.json
grammenou.ris,https://files.jcrt.org/citations/archives/24.1/grammenou.ris
grane.csl.json,https://files.jcrt.org/citations/archives/24.1/grane.csl.json
grane.ris,https://files.jcrt.org/citations/archives/24.1/grane.ris
harwood.csl.json,https://files.jcrt.org/citations/archives/24.1/harwood.csl.json
harwood.ris,https://files.jcrt.org/citations/archives/24.1/harwood.ris
phelps.csl.json,https://files.jcrt.org/citations/archives/24.1/phelps.csl.json
phelps.ris,https://files.jcrt.org/citations/archives/24.1/phelps.ris
ruan.csl.json,https://files.jcrt.org/citations/archives/24.1/ruan.csl.json
ruan.ris,https://files.jcrt.org/citations/archives/24.1/ruan.ris
silverstein.csl.json,https://files.jcrt.org/citations/archives/24.1/silverstein.csl.json
silverstein.ris,https://files.jcrt.org/citations/archives/24.1/silverstein.ris
alencar.csl.json,https://files.jcrt.org/citations/archives/24.2/alencar.csl.json
alencar.ris,https://files.jcrt.org/citations/archives/24.2/alencar.ris
author-bios.csl.json,https://files.jcrt.org/citations/archives/24.2/author-bios.csl.json
author-bios.ris,https://files.jcrt.org/citations/archives/24.2/author-bios.ris
barry.csl.json,https://files.jcrt.org/citations/archives/24.2/barry.csl.json
barry.ris,https://files.jcrt.org/citations/archives/24.2/barry.ris
berlin.csl.json,https://files.jcrt.org/citations/archives/24.2/berlin.csl.json
berlin.ris,https://files.jcrt.org/citations/archives/24.2/berlin.ris
callan.csl.json,https://files.jcrt.org/citations/archives/24.2/callan.csl.json
callan.ris,https://files.jcrt.org/citations/archives/24.2/callan.ris
chaness.csl.json,https://files.jcrt.org/citations/archives/24.2/chaness.csl.json
chaness.ris,https://files.jcrt.org/citations/archives/24.2/chaness.ris
felese.csl.json,https://files.jcrt.org/citations/archives/24.2/felese.csl.json
felese.ris,https://files.jcrt.org/citations/archives/24.2/felese.ris
hurtado.csl.json,https://files.jcrt.org/citations/archives/24.2/hurtado.csl.json
hurtado.ris,https://files.jcrt.org/citations/archives/24.2/hurtado.ris
introduction.csl.json,https://files.jcrt.org/citations/archives/24.2/introduction.csl.json
introduction.ris,https://files.jcrt.org/citations/archives/24.2/introduction.ris
jimenez.csl.json,https://files.jcrt.org/citations/archives/24.2/jimenez.csl.json
jimenez.ris,https://files.jcrt.org/citations/archives/24.2/jimenez.ris
lakshmi.csl.json,https://files.jcrt.org/citations/archives/24.2/lakshmi.csl.json
lakshmi.ris,https://files.jcrt.org/citations/archives/24.2/lakshmi.ris
modrow.csl.json,https://files.jcrt.org/citations/archives/24.2/modrow.csl.json
modrow.ris,https://files.jcrt.org/citations/archives/24.2/modrow.ris
nagle.csl.json,https://files.jcrt.org/citations/archives/24.2/nagle.csl.json
nagle.ris,https://files.jcrt.org/citations/archives/24.2/nagle.ris
nahar.csl.json,https://files.jcrt.org/citations/archives/24.2/nahar.csl.json
nahar.ris,https://files.jcrt.org/citations/archives/24.2/nahar.ris
preface.csl.json,https://files.jcrt.org/citations/archives/24.2/preface.csl.json
preface.ris,https://files.jcrt.org/citations/archives/24.2/preface.ris
radhakrishnan.csl.json,https://files.jcrt.org/citations/archives/24.2/radhakrishnan.csl.json
radhakrishnan.ris,https://files.jcrt.org/citations/archives/24.2/radhakrishnan.ris
somayajula.csl.json,https://files.jcrt.org/citations/archives/24.2/somayajula.csl.json
somayajula.ris,https://files.jcrt.org/citations/archives/24.2/somayajula.ris
trinkauskaite.csl.json,https://files.jcrt.org/citations/archives/24.2/trinkauskaite.csl.json
trinkauskaite.ris,https://files.jcrt.org/citations/archives/24.2/trinkauskaite.ris
wagner.csl.json,https://files.jcrt.org/citations/archives/24.2/wagner.csl.json
wagner.ris,https://files.jcrt.org/citations/archives/24.2/wagner.ris
conclusion.csl.json,https://files.jcrt.org/citations/archives/25.1/conclusion.csl.json
conclusion.ris,https://files.jcrt.org/citations/archives/25.1/conclusion.ris
derrico.csl.json,https://files.jcrt.org/citations/archives/25.1/derrico.csl.json
derrico.ris,https://files.jcrt.org/citations/archives/25.1/derrico.ris
goudy.csl.json,https://files.jcrt.org/citations/archives/25.1/goudy.csl.json
goudy.ris,https://files.jcrt.org/citations/archives/25.1/goudy.ris
heath.csl.json,https://files.jcrt.org/citations/archives/25.1/heath.csl.json
heath.ris,https://files.jcrt.org/citations/archives/25.1/heath.ris
miller.csl.json,https://files.jcrt.org/citations/archives/25.1/miller.csl.json
miller.ris,https://files.jcrt.org/citations/archives/25.1/miller.ris
newcomb.csl.json,https://files.jcrt.org/citations/archives/25.1/newcomb.csl.json
newcomb.ris,https://files.jcrt.org/citations/archives/25.1/newcomb.ris
postscript.csl.json,https://files.jcrt.org/citations/archives/25.1/postscript.csl.json
postscript.ris,https://files.jcrt.org/citations/archives/25.1/postscript.ris
rodgers-falk.csl.json,https://files.jcrt.org/citations/archives/25.1/rodgers-falk.csl.json
rodgers-falk.ris,https://files.jcrt.org/citations/archives/25.1/rodgers-falk.ris
schwartzberg.csl.json,https://files.jcrt.org/citations/archives/25.1/schwartzberg.csl.json
schwartzberg.ris,https://files.jcrt.org/citations/archives/25.1/schwartzberg.ris
alikhani.csl.json,https://files.jcrt.org/citations/archives/25.2/alikhani.csl.json
alikhani.ris,https://files.jcrt.org/citations/archives/25.2/alikhani.ris
bell.csl.json,https://files.jcrt.org/citations/archives/25.2/bell.csl.json
bell.ris,https://files.jcrt.org/citations/archives/25.2/bell.ris
cheung.csl.json,https://files.jcrt.org/citations/archives/25.2/cheung.csl.json
cheung.ris,https://files.jcrt.org/citations/archives/25.2/cheung.ris
gilbert.csl.json,https://files.jcrt.org/citations/archives/25.2/gilbert.csl.json
gilbert.ris,https://files.jcrt.org/citations/archives/25.2/gilbert.ris
hall.csl.json,https://files.jcrt.org/citations/archives/25.2/hall.csl.json
hall.ris,https://files.jcrt.org/citations/archives/25.2/hall.ris
lockhart.csl.json,https://files.jcrt.org/citations/archives/25.2/lockhart.csl.json
lockhart.ris,https://files.jcrt.org/citations/archives/25.2/lockhart.ris
raschke.csl.json,https://files.jcrt.org/citations/archives/25.2/raschke.csl.json
raschke.ris,https://files.jcrt.org/citations/archives/25.2/raschke.ris
shane.csl.json,https://files.jcrt.org/citations/archives/25.2/shane.csl.json
shane.ris,https://files.jcrt.org/citations/archives/25.2/shane.ris
spencer.csl.json,https://files.jcrt.org/citations/archives/25.2/spencer.csl.json
spencer.ris,https://files.jcrt.org/citations/archives/25.2/spencer.ris
valentini.csl.json,https://files.jcrt.org/citations/archives/25.2/valentini.csl.json
valentini.ris,https://files.jcrt.org/citations/archives/25.2/valentini.ris
3288.csl.json,https://files.jcrt.org/citations/religioustheory/3288.csl.json
3288.ris,https://files.jcrt.org/citations/religioustheory/3288.ris
3343.csl.json,https://files.jcrt.org/citations/religioustheory/3343.csl.json
3343.ris,https://files.jcrt.org/citations/religioustheory/3343.ris
760.csl.json,https://files.jcrt.org/citations/religioustheory/760.csl.json
760.ris,https://files.jcrt.org/citations/religioustheory/760.ris
9780593493205.csl.json,https://files.jcrt.org/citations/religioustheory/9780593493205.csl.json
9780593493205.ris,https://files.jcrt.org/citations/religioustheory/9780593493205.ris
a-new-project-for-correlational-continental-theology-again.csl.json,https://files.jcrt.org/citations/religioustheory/a-new-project-for-correlational-continental-theology-again.csl.json
a-new-project-for-correlational-continental-theology-again.ris,https://files.jcrt.org/citations/religioustheory/a-new-project-for-correlational-continental-theology-again.ris
a-preface-to-the-genealogy-of-neoliberalism-part-1-carl-raschke.csl.json,https://files.jcrt.org/citations/religioustheory/a-preface-to-the-genealogy-of-neoliberalism-part-1-carl-raschke.csl.json
a-preface-to-the-genealogy-of-neoliberalism-part-1-carl-raschke.ris,https://files.jcrt.org/citations/religioustheory/a-preface-to-the-genealogy-of-neoliberalism-part-1-carl-raschke.ris
a-preface-to-the-genealogy-of-neoliberalism-part-2-carl-raschke.csl.json,https://files.jcrt.org/citations/religioustheory/a-preface-to-the-genealogy-of-neoliberalism-part-2-carl-raschke.csl.json
a-preface-to-the-genealogy-of-neoliberalism-part-2-carl-raschke.ris,https://files.jcrt.org/citations/religioustheory/a-preface-to-the-genealogy-of-neoliberalism-part-2-carl-raschke.ris
a-tainted-trophy-and-the-framing-of-white-supremacy-in-america-part-1-tink-tinker.csl.json,https://files.jcrt.org/citations/religioustheory/a-tainted-trophy-and-the-framing-of-white-supremacy-in-america-part-1-tink-tinker.csl.json
a-tainted-trophy-and-the-framing-of-white-supremacy-in-america-part-1-tink-tinker.ris,https://files.jcrt.org/citations/religioustheory/a-tainted-trophy-and-the-framing-of-white-supremacy-in-america-part-1-tink-tinker.ris
a-tainted-trophy-and-the-framing-of-white-supremacy-in-america-part-2-tink-tinker.csl.json,https://files.jcrt.org/citations/religioustheory/a-tainted-trophy-and-the-framing-of-white-supremacy-in-america-part-2-tink-tinker.csl.json
a-tainted-trophy-and-the-framing-of-white-supremacy-in-america-part-2-tink-tinker.ris,https://files.jcrt.org/citations/religioustheory/a-tainted-trophy-and-the-framing-of-white-supremacy-in-america-part-2-tink-tinker.ris
a-tainted-trophy-and-the-framing-of-white-supremacy-in-america-part-3-tink-tinker.csl.json,https://files.jcrt.org/citations/religioustheory/a-tainted-trophy-and-the-framing-of-white-supremacy-in-america-part-3-tink-tinker.csl.json
a-tainted-trophy-and-the-framing-of-white-supremacy-in-america-part-3-tink-tinker.ris,https://files.jcrt.org/citations/religioustheory/a-tainted-trophy-and-the-framing-of-white-supremacy-in-america-part-3-tink-tinker.ris
admitting-a-certain-fear-of-zizeks-theology-a-modest-plea-for-a-deleuzian-reading-of-the-death-of-god-elijah-prewitt-davis.csl.json,https://files.jcrt.org/citations/religioustheory/admitting-a-certain-fear-of-zizeks-theology-a-modest-plea-for-a-deleuzian-reading-of-the-death-of-god-elijah-prewitt-davis.csl.json
admitting-a-certain-fear-of-zizeks-theology-a-modest-plea-for-a-deleuzian-reading-of-the-death-of-god-elijah-prewitt-davis.ris,https://files.jcrt.org/citations/religioustheory/admitting-a-certain-fear-of-zizeks-theology-a-modest-plea-for-a-deleuzian-reading-of-the-death-of-god-elijah-prewitt-davis.ris
announcing-the-new-polis-an-e-publication-on-critical-theory-cultural-analysis-and-political-thought.csl.json,https://files.jcrt.org/citations/religioustheory/announcing-the-new-polis-an-e-publication-on-critical-theory-cultural-analysis-and-political-thought.csl.json
announcing-the-new-polis-an-e-publication-on-critical-theory-cultural-analysis-and-political-thought.ris,https://files.jcrt.org/citations/religioustheory/announcing-the-new-polis-an-e-publication-on-critical-theory-cultural-analysis-and-political-thought.ris
antinomian-flesh-part-1-david-kline.csl.json,https://files.jcrt.org/citations/religioustheory/antinomian-flesh-part-1-david-kline.csl.json
antinomian-flesh-part-1-david-kline.ris,https://files.jcrt.org/citations/religioustheory/antinomian-flesh-part-1-david-kline.ris
antinomian-flesh-part-2-david-kline.csl.json,https://files.jcrt.org/citations/religioustheory/antinomian-flesh-part-2-david-kline.csl.json
antinomian-flesh-part-2-david-kline.ris,https://files.jcrt.org/citations/religioustheory/antinomian-flesh-part-2-david-kline.ris
antinomian-flesh-part-3-david-kline.csl.json,https://files.jcrt.org/citations/religioustheory/antinomian-flesh-part-3-david-kline.csl.json
antinomian-flesh-part-3-david-kline.ris,https://files.jcrt.org/citations/religioustheory/antinomian-flesh-part-3-david-kline.ris
apocalypse-now-the-subaltern-has-spoken.csl.json,https://files.jcrt.org/citations/religioustheory/apocalypse-now-the-subaltern-has-spoken.csl.json
apocalypse-now-the-subaltern-has-spoken.ris,https://files.jcrt.org/citations/religioustheory/apocalypse-now-the-subaltern-has-spoken.ris
benjamins-concept-of-history-as-a-source-of-arendts-idea-of-judgment-part-2-ronald-beiner.csl.json,https://files.jcrt.org/citations/religioustheory/benjamins-concept-of-history-as-a-source-of-arendts-idea-of-judgment-part-2-ronald-beiner.csl.json
benjamins-concept-of-history-as-a-source-of-arendts-idea-of-judgment-part-2-ronald-beiner.ris,https://files.jcrt.org/citations/religioustheory/benjamins-concept-of-history-as-a-source-of-arendts-idea-of-judgment-part-2-ronald-beiner.ris
benjamins-concept-of-history-as-a-source-of-arendts-idea-of-judgment-ronald-beiner.csl.json,https://files.jcrt.org/citations/religioustheory/benjamins-concept-of-history-as-a-source-of-arendts-idea-of-judgment-ronald-beiner.csl.json
benjamins-concept-of-history-as-a-source-of-arendts-idea-of-judgment-ronald-beiner.ris,https://files.jcrt.org/citations/religioustheory/benjamins-concept-of-history-as-a-source-of-arendts-idea-of-judgment-ronald-beiner.ris
bernie-madoff-university.csl.json,https://files.jcrt.org/citations/religioustheory/bernie-madoff-university.csl.json
bernie-madoff-university.ris,https://files.jcrt.org/citations/religioustheory/bernie-madoff-university.ris
beyond-religious-ideas-the-legacy-of-max-weber-in-critical-theory-and-critical-religion-joel-harrison.csl.json,https://files.jcrt.org/citations/religioustheory/beyond-religious-ideas-the-legacy-of-max-weber-in-critical-theory-and-critical-religion-joel-harrison.csl.json
beyond-religious-ideas-the-legacy-of-max-weber-in-critical-theory-and-critical-religion-joel-harrison.ris,https://files.jcrt.org/citations/religioustheory/beyond-religious-ideas-the-legacy-of-max-weber-in-critical-theory-and-critical-religion-joel-harrison.ris
biopolitics-and-vajranayana-buddhism-part-1.csl.json,https://files.jcrt.org/citations/religioustheory/biopolitics-and-vajranayana-buddhism-part-1.csl.json
biopolitics-and-vajranayana-buddhism-part-1.ris,https://files.jcrt.org/citations/religioustheory/biopolitics-and-vajranayana-buddhism-part-1.ris
biopolitics-and-vajrayana-buddhism-part-2.csl.json,https://files.jcrt.org/citations/religioustheory/biopolitics-and-vajrayana-buddhism-part-2.csl.json
biopolitics-and-vajrayana-buddhism-part-2.ris,https://files.jcrt.org/citations/religioustheory/biopolitics-and-vajrayana-buddhism-part-2.ris
biopolitics-and-vajrayana-buddhism-part-3.csl.json,https://files.jcrt.org/citations/religioustheory/biopolitics-and-vajrayana-buddhism-part-3.csl.json
biopolitics-and-vajrayana-buddhism-part-3.ris,https://files.jcrt.org/citations/religioustheory/biopolitics-and-vajrayana-buddhism-part-3.ris
body-erotic-john-boswells-history-of-eurochristian-sexuality-and-the-case-for-transcendental-somatics-part-1-kieryn-wurts.csl.json,https://files.jcrt.org/citations/religioustheory/body-erotic-john-boswells-history-of-eurochristian-sexuality-and-the-case-for-transcendental-somatics-part-1-kieryn-wurts.csl.json
body-erotic-john-boswells-history-of-eurochristian-sexuality-and-the-case-for-transcendental-somatics-part-1-kieryn-wurts.ris,https://files.jcrt.org/citations/religioustheory/body-erotic-john-boswells-history-of-eurochristian-sexuality-and-the-case-for-transcendental-somatics-part-1-kieryn-wurts.ris
body-erotic-john-boswells-history-of-eurochristian-sexuality-and-the-case-for-transcendental-somatics-part-2-kieryn-wurts.csl.json,https://files.jcrt.org/citations/religioustheory/body-erotic-john-boswells-history-of-eurochristian-sexuality-and-the-case-for-transcendental-somatics-part-2-kieryn-wurts.csl.json
body-erotic-john-boswells-history-of-eurochristian-sexuality-and-the-case-for-transcendental-somatics-part-2-kieryn-wurts.ris,https://files.jcrt.org/citations/religioustheory/body-erotic-john-boswells-history-of-eurochristian-sexuality-and-the-case-for-transcendental-somatics-part-2-kieryn-wurts.ris
body-erotic-john-boswells-history-of-eurochristian-sexuality-and-the-case-for-transcendental-somatics-part-3-kieryn-wurts.csl.json,https://files.jcrt.org/citations/religioustheory/body-erotic-john-boswells-history-of-eurochristian-sexuality-and-the-case-for-transcendental-somatics-part-3-kieryn-wurts.csl.json
body-erotic-john-boswells-history-of-eurochristian-sexuality-and-the-case-for-transcendental-somatics-part-3-kieryn-wurts.ris,https://files.jcrt.org/citations/religioustheory/body-erotic-john-boswells-history-of-eurochristian-sexuality-and-the-case-for-transcendental-somatics-part-3-kieryn-wurts.ris
born-again.csl.json,https://files.jcrt.org/citations/religioustheory/born-again.csl.json
born-again.ris,https://files.jcrt.org/citations/religioustheory/born-again.ris
bushwhacking-derrida-perception-context-of-context-the-hunter-and-the-hunted-gary-bedford.csl.json,https://files.jcrt.org/citations/religioustheory/bushwhacking-derrida-perception-context-of-context-the-hunter-and-the-hunted-gary-bedford.csl.json
bushwhacking-derrida-perception-context-of-context-the-hunter-and-the-hunted-gary-bedford.ris,https://files.jcrt.org/citations/religioustheory/bushwhacking-derrida-perception-context-of-context-the-hunter-and-the-hunted-gary-bedford.ris
call-for-papers-and-presentation-recovering-the-unconcious-a-conference-on-the-intersection-of-psychoanalysis-with-politics-philosophy-and-religion.csl.json,https://files.jcrt.org/citations/religioustheory/call-for-papers-and-presentation-recovering-the-unconcious-a-conference-on-the-intersection-of-psychoanalysis-with-politics-philosophy-and-religion.csl.json
call-for-papers-and-presentation-recovering-the-unconcious-a-conference-on-the-intersection-of-psychoanalysis-with-politics-philosophy-and-religion.ris,https://files.jcrt.org/citations/religioustheory/call-for-papers-and-presentation-recovering-the-unconcious-a-conference-on-the-intersection-of-psychoanalysis-with-politics-philosophy-and-religion.ris
call-for-papers-special-issue-on-walter-benjamin-and-religion.csl.json,https://files.jcrt.org/citations/religioustheory/call-for-papers-special-issue-on-walter-benjamin-and-religion.csl.json
call-for-papers-special-issue-on-walter-benjamin-and-religion.ris,https://files.jcrt.org/citations/religioustheory/call-for-papers-special-issue-on-walter-benjamin-and-religion.ris
catholics-vs-the-catholic-hierarchy-in-the-2008-election.csl.json,https://files.jcrt.org/citations/religioustheory/catholics-vs-the-catholic-hierarchy-in-the-2008-election.csl.json
catholics-vs-the-catholic-hierarchy-in-the-2008-election.ris,https://files.jcrt.org/citations/religioustheory/catholics-vs-the-catholic-hierarchy-in-the-2008-election.ris
christianity-as-a-new-humanism-historical-theological-and-philosophical-reflections-on-the-bible-hegel-and-robert-musil-part-4-kurt-appel.csl.json,https://files.jcrt.org/citations/religioustheory/christianity-as-a-new-humanism-historical-theological-and-philosophical-reflections-on-the-bible-hegel-and-robert-musil-part-4-kurt-appel.csl.json
christianity-as-a-new-humanism-historical-theological-and-philosophical-reflections-on-the-bible-hegel-and-robert-musil-part-4-kurt-appel.ris,https://files.jcrt.org/citations/religioustheory/christianity-as-a-new-humanism-historical-theological-and-philosophical-reflections-on-the-bible-hegel-and-robert-musil-part-4-kurt-appel.ris
collective-desire-and-the-pathology-of-the-individual-jodi-dean.csl.json,https://files.jcrt.org/citations/religioustheory/collective-desire-and-the-pathology-of-the-individual-jodi-dean.csl.json
collective-desire-and-the-pathology-of-the-individual-jodi-dean.ris,https://files.jcrt.org/citations/religioustheory/collective-desire-and-the-pathology-of-the-individual-jodi-dean.ris
collective-desire-and-the-pathology-of-the-individual-part-2-jodi-dean.csl.json,https://files.jcrt.org/citations/religioustheory/collective-desire-and-the-pathology-of-the-individual-part-2-jodi-dean.csl.json
collective-desire-and-the-pathology-of-the-individual-part-2-jodi-dean.ris,https://files.jcrt.org/citations/religioustheory/collective-desire-and-the-pathology-of-the-individual-part-2-jodi-dean.ris
competing-in-goodness-khalid-sheikh-mohammed-s-testimony-at.csl.json,https://files.jcrt.org/citations/religioustheory/competing-in-goodness-khalid-sheikh-mohammed-s-testimony-at.csl.json
competing-in-goodness-khalid-sheikh-mohammed-s-testimony-at.ris,https://files.jcrt.org/citations/religioustheory/competing-in-goodness-khalid-sheikh-mohammed-s-testimony-at.ris
conference-on-populism-nationalism-and-the-future-of-democracy-announcement.csl.json,https://files.jcrt.org/citations/religioustheory/conference-on-populism-nationalism-and-the-future-of-democracy-announcement.csl.json
conference-on-populism-nationalism-and-the-future-of-democracy-announcement.ris,https://files.jcrt.org/citations/religioustheory/conference-on-populism-nationalism-and-the-future-of-democracy-announcement.ris
conference-on-populism-nationalism-and-the-future-of-democracy-call-for-papers-and-presentations-conferences.csl.json,https://files.jcrt.org/citations/religioustheory/conference-on-populism-nationalism-and-the-future-of-democracy-call-for-papers-and-presentations-conferences.csl.json
conference-on-populism-nationalism-and-the-future-of-democracy-call-for-papers-and-presentations-conferences.ris,https://files.jcrt.org/citations/religioustheory/conference-on-populism-nationalism-and-the-future-of-democracy-call-for-papers-and-presentations-conferences.ris
conference-on-religion-and-bioethics-call-for-proposals.csl.json,https://files.jcrt.org/citations/religioustheory/conference-on-religion-and-bioethics-call-for-proposals.csl.json
conference-on-religion-and-bioethics-call-for-proposals.ris,https://files.jcrt.org/citations/religioustheory/conference-on-religion-and-bioethics-call-for-proposals.ris
crisis-a-liberation-from-capitalism.csl.json,https://files.jcrt.org/citations/religioustheory/crisis-a-liberation-from-capitalism.csl.json
crisis-a-liberation-from-capitalism.ris,https://files.jcrt.org/citations/religioustheory/crisis-a-liberation-from-capitalism.ris
critical-conversations-10-tenderness-or-putting-neoliberalism-on-the-analysts-couch-announcement.csl.json,https://files.jcrt.org/citations/religioustheory/critical-conversations-10-tenderness-or-putting-neoliberalism-on-the-analysts-couch-announcement.csl.json
critical-conversations-10-tenderness-or-putting-neoliberalism-on-the-analysts-couch-announcement.ris,https://files.jcrt.org/citations/religioustheory/critical-conversations-10-tenderness-or-putting-neoliberalism-on-the-analysts-couch-announcement.ris
critical-conversations-2020-and-the-catastrophe-of-the-global-neoliberal-order-announcement.csl.json,https://files.jcrt.org/citations/religioustheory/critical-conversations-2020-and-the-catastrophe-of-the-global-neoliberal-order-announcement.csl.json
critical-conversations-2020-and-the-catastrophe-of-the-global-neoliberal-order-announcement.ris,https://files.jcrt.org/citations/religioustheory/critical-conversations-2020-and-the-catastrophe-of-the-global-neoliberal-order-announcement.ris
critical-conversations-9-economic-theology-and-the-indebtedness-of-everyday-life-announcement.csl.json,https://files.jcrt.org/citations/religioustheory/critical-conversations-9-economic-theology-and-the-indebtedness-of-everyday-life-announcement.csl.json
critical-conversations-9-economic-theology-and-the-indebtedness-of-everyday-life-announcement.ris,https://files.jcrt.org/citations/religioustheory/critical-conversations-9-economic-theology-and-the-indebtedness-of-everyday-life-announcement.ris
critical-conversations-a-conversation-with-arthur-bradley-on-sovereignty-part-1.csl.json,https://files.jcrt.org/citations/religioustheory/critical-conversations-a-conversation-with-arthur-bradley-on-sovereignty-part-1.csl.json
critical-conversations-a-conversation-with-arthur-bradley-on-sovereignty-part-1.ris,https://files.jcrt.org/citations/religioustheory/critical-conversations-a-conversation-with-arthur-bradley-on-sovereignty-part-1.ris
critical-conversations-a-conversation-with-arthur-bradley-on-sovereignty-part-2.csl.json,https://files.jcrt.org/citations/religioustheory/critical-conversations-a-conversation-with-arthur-bradley-on-sovereignty-part-2.csl.json
critical-conversations-a-conversation-with-arthur-bradley-on-sovereignty-part-2.ris,https://files.jcrt.org/citations/religioustheory/critical-conversations-a-conversation-with-arthur-bradley-on-sovereignty-part-2.ris
critical-conversations-american-indian-worldview-and-the-twinned-cosmos-of-indigenous-america-announcement.csl.json,https://files.jcrt.org/citations/religioustheory/critical-conversations-american-indian-worldview-and-the-twinned-cosmos-of-indigenous-america-announcement.csl.json
critical-conversations-american-indian-worldview-and-the-twinned-cosmos-of-indigenous-america-announcement.ris,https://files.jcrt.org/citations/religioustheory/critical-conversations-american-indian-worldview-and-the-twinned-cosmos-of-indigenous-america-announcement.ris
critical-conversations-american-indian-worldview-and-the-twinned-cosmos-of-indigenous-america-transcript-barbara-alice-mann-onondawaga-bear-clan-and-tink-tinker-wazhazhe-osage-nation.csl.json,https://files.jcrt.org/citations/religioustheory/critical-conversations-american-indian-worldview-and-the-twinned-cosmos-of-indigenous-america-transcript-barbara-alice-mann-onondawaga-bear-clan-and-tink-tinker-wazhazhe-osage-nation.csl.json
critical-conversations-american-indian-worldview-and-the-twinned-cosmos-of-indigenous-america-transcript-barbara-alice-mann-onondawaga-bear-clan-and-tink-tinker-wazhazhe-osage-nation.ris,https://files.jcrt.org/citations/religioustheory/critical-conversations-american-indian-worldview-and-the-twinned-cosmos-of-indigenous-america-transcript-barbara-alice-mann-onondawaga-bear-clan-and-tink-tinker-wazhazhe-osage-nation.ris
critical-conversations-on-decoloniality-with-walter-mignolo-announcement.csl.json,https://files.jcrt.org/citations/religioustheory/critical-conversations-on-decoloniality-with-walter-mignolo-announcement.csl.json
critical-conversations-on-decoloniality-with-walter-mignolo-announcement.ris,https://files.jcrt.org/citations/religioustheory/critical-conversations-on-decoloniality-with-walter-mignolo-announcement.ris
critical-conversations-the-power-of-political-erasure-a-seminar-with-arthur-bradley-announcements.csl.json,https://files.jcrt.org/citations/religioustheory/critical-conversations-the-power-of-political-erasure-a-seminar-with-arthur-bradley-announcements.csl.json
critical-conversations-the-power-of-political-erasure-a-seminar-with-arthur-bradley-announcements.ris,https://files.jcrt.org/citations/religioustheory/critical-conversations-the-power-of-political-erasure-a-seminar-with-arthur-bradley-announcements.ris
damn-it-hes-an-injun-christian-murder-colonial-wealth-and-tanned-human-skin-part-2-tink-tinker-wazhazhe-udsethe.csl.json,https://files.jcrt.org/citations/religioustheory/damn-it-hes-an-injun-christian-murder-colonial-wealth-and-tanned-human-skin-part-2-tink-tinker-wazhazhe-udsethe.csl.json
damn-it-hes-an-injun-christian-murder-colonial-wealth-and-tanned-human-skin-part-2-tink-tinker-wazhazhe-udsethe.ris,https://files.jcrt.org/citations/religioustheory/damn-it-hes-an-injun-christian-murder-colonial-wealth-and-tanned-human-skin-part-2-tink-tinker-wazhazhe-udsethe.ris
damn-it-hes-an-injun-christian-murder-colonial-wealth-and-tanned-human-skin-part-3-tink-tinker-wazhazhe-udsethe.csl.json,https://files.jcrt.org/citations/religioustheory/damn-it-hes-an-injun-christian-murder-colonial-wealth-and-tanned-human-skin-part-3-tink-tinker-wazhazhe-udsethe.csl.json
damn-it-hes-an-injun-christian-murder-colonial-wealth-and-tanned-human-skin-part-3-tink-tinker-wazhazhe-udsethe.ris,https://files.jcrt.org/citations/religioustheory/damn-it-hes-an-injun-christian-murder-colonial-wealth-and-tanned-human-skin-part-3-tink-tinker-wazhazhe-udsethe.ris
damn-it-hes-an-injun-christian-murder-colonial-wealth-and-tanned-human-skin-tink-tinker-wazhazhe-udsethe-part-1.csl.json,https://files.jcrt.org/citations/religioustheory/damn-it-hes-an-injun-christian-murder-colonial-wealth-and-tanned-human-skin-tink-tinker-wazhazhe-udsethe-part-1.csl.json
damn-it-hes-an-injun-christian-murder-colonial-wealth-and-tanned-human-skin-tink-tinker-wazhazhe-udsethe-part-1.ris,https://files.jcrt.org/citations/religioustheory/damn-it-hes-an-injun-christian-murder-colonial-wealth-and-tanned-human-skin-tink-tinker-wazhazhe-udsethe-part-1.ris
debriefing-on-decoloniality-a-public-conversation-part-2.csl.json,https://files.jcrt.org/citations/religioustheory/debriefing-on-decoloniality-a-public-conversation-part-2.csl.json
debriefing-on-decoloniality-a-public-conversation-part-2.ris,https://files.jcrt.org/citations/religioustheory/debriefing-on-decoloniality-a-public-conversation-part-2.ris
debriefing-on-decoloniality-a-public-conversation.csl.json,https://files.jcrt.org/citations/religioustheory/debriefing-on-decoloniality-a-public-conversation.csl.json
debriefing-on-decoloniality-a-public-conversation.ris,https://files.jcrt.org/citations/religioustheory/debriefing-on-decoloniality-a-public-conversation.ris
decoloniality-and-disintegration-of-western-cognitive-empire-rethinking-sovereignty-and-territoriality-in-the-21st-century-call-for-presentations-and-papers.csl.json,https://files.jcrt.org/citations/religioustheory/decoloniality-and-disintegration-of-western-cognitive-empire-rethinking-sovereignty-and-territoriality-in-the-21st-century-call-for-presentations-and-papers.csl.json
decoloniality-and-disintegration-of-western-cognitive-empire-rethinking-sovereignty-and-territoriality-in-the-21st-century-call-for-presentations-and-papers.ris,https://files.jcrt.org/citations/religioustheory/decoloniality-and-disintegration-of-western-cognitive-empire-rethinking-sovereignty-and-territoriality-in-the-21st-century-call-for-presentations-and-papers.ris
decoloniality-and-disintegration-of-western-cognitive-empire-rethinking-sovereignty-and-territoriality-in-the-21st-century-international-conference.csl.json,https://files.jcrt.org/citations/religioustheory/decoloniality-and-disintegration-of-western-cognitive-empire-rethinking-sovereignty-and-territoriality-in-the-21st-century-international-conference.csl.json
decoloniality-and-disintegration-of-western-cognitive-empire-rethinking-sovereignty-and-territoriality-in-the-21st-century-international-conference.ris,https://files.jcrt.org/citations/religioustheory/decoloniality-and-disintegration-of-western-cognitive-empire-rethinking-sovereignty-and-territoriality-in-the-21st-century-international-conference.ris
difficult-discussions-christian-evangelicalism-and-critical-race-theory-announcement.csl.json,https://files.jcrt.org/citations/religioustheory/difficult-discussions-christian-evangelicalism-and-critical-race-theory-announcement.csl.json
difficult-discussions-christian-evangelicalism-and-critical-race-theory-announcement.ris,https://files.jcrt.org/citations/religioustheory/difficult-discussions-christian-evangelicalism-and-critical-race-theory-announcement.ris
dis-enclosure-and-the-inaugural-moment.csl.json,https://files.jcrt.org/citations/religioustheory/dis-enclosure-and-the-inaugural-moment.csl.json
dis-enclosure-and-the-inaugural-moment.ris,https://files.jcrt.org/citations/religioustheory/dis-enclosure-and-the-inaugural-moment.ris
dreaming-innocence-in-america-paul-tillichs-radical-theology-of-liberation-part-1-alan-jay-richard.csl.json,https://files.jcrt.org/citations/religioustheory/dreaming-innocence-in-america-paul-tillichs-radical-theology-of-liberation-part-1-alan-jay-richard.csl.json
dreaming-innocence-in-america-paul-tillichs-radical-theology-of-liberation-part-1-alan-jay-richard.ris,https://files.jcrt.org/citations/religioustheory/dreaming-innocence-in-america-paul-tillichs-radical-theology-of-liberation-part-1-alan-jay-richard.ris
dreaming-innocence-in-america-paul-tillichs-radical-theology-of-liberation-part-2-alan-jay-richard.csl.json,https://files.jcrt.org/citations/religioustheory/dreaming-innocence-in-america-paul-tillichs-radical-theology-of-liberation-part-2-alan-jay-richard.csl.json
dreaming-innocence-in-america-paul-tillichs-radical-theology-of-liberation-part-2-alan-jay-richard.ris,https://files.jcrt.org/citations/religioustheory/dreaming-innocence-in-america-paul-tillichs-radical-theology-of-liberation-part-2-alan-jay-richard.ris
dreaming-innocence-in-america-paul-tillichs-radical-theology-of-liberation-part-3-alan-jay-richard.csl.json,https://files.jcrt.org/citations/religioustheory/dreaming-innocence-in-america-paul-tillichs-radical-theology-of-liberation-part-3-alan-jay-richard.csl.json
dreaming-innocence-in-america-paul-tillichs-radical-theology-of-liberation-part-3-alan-jay-richard.ris,https://files.jcrt.org/citations/religioustheory/dreaming-innocence-in-america-paul-tillichs-radical-theology-of-liberation-part-3-alan-jay-richard.ris
economic-theology-and-the-indebtedness-of-everyday-life-philip-goodchild-and-devin-singh.csl.json,https://files.jcrt.org/citations/religioustheory/economic-theology-and-the-indebtedness-of-everyday-life-philip-goodchild-and-devin-singh.csl.json
economic-theology-and-the-indebtedness-of-everyday-life-philip-goodchild-and-devin-singh.ris,https://files.jcrt.org/citations/religioustheory/economic-theology-and-the-indebtedness-of-everyday-life-philip-goodchild-and-devin-singh.ris
embodiment-a-conference-on-the-crisis-in-contemporary-theory-and-the-humanities-announcement.csl.json,https://files.jcrt.org/citations/religioustheory/embodiment-a-conference-on-the-crisis-in-contemporary-theory-and-the-humanities-announcement.csl.json
embodiment-a-conference-on-the-crisis-in-contemporary-theory-and-the-humanities-announcement.ris,https://files.jcrt.org/citations/religioustheory/embodiment-a-conference-on-the-crisis-in-contemporary-theory-and-the-humanities-announcement.ris
entheogens-spirituality-and-modern-myths-part-2-john-cuda.csl.json,https://files.jcrt.org/citations/religioustheory/entheogens-spirituality-and-modern-myths-part-2-john-cuda.csl.json
entheogens-spirituality-and-modern-myths-part-2-john-cuda.ris,https://files.jcrt.org/citations/religioustheory/entheogens-spirituality-and-modern-myths-part-2-john-cuda.ris
entheogens-spirituality-and-modern-myths-part-3-john-cuda.csl.json,https://files.jcrt.org/citations/religioustheory/entheogens-spirituality-and-modern-myths-part-3-john-cuda.csl.json
entheogens-spirituality-and-modern-myths-part-3-john-cuda.ris,https://files.jcrt.org/citations/religioustheory/entheogens-spirituality-and-modern-myths-part-3-john-cuda.ris
entheogens-spirituality-and-modern-myths.csl.json,https://files.jcrt.org/citations/religioustheory/entheogens-spirituality-and-modern-myths.csl.json
entheogens-spirituality-and-modern-myths.ris,https://files.jcrt.org/citations/religioustheory/entheogens-spirituality-and-modern-myths.ris
evangelicalism-pentecostalism-and-the-quotidian-academic-terror-of-christian-nationalism.csl.json,https://files.jcrt.org/citations/religioustheory/evangelicalism-pentecostalism-and-the-quotidian-academic-terror-of-christian-nationalism.csl.json
evangelicalism-pentecostalism-and-the-quotidian-academic-terror-of-christian-nationalism.ris,https://files.jcrt.org/citations/religioustheory/evangelicalism-pentecostalism-and-the-quotidian-academic-terror-of-christian-nationalism.ris
exposing-the-pitfalls-of-constructive-theology-on-the-state-of-islamic-studies-today-daniel-tutt.csl.json,https://files.jcrt.org/citations/religioustheory/exposing-the-pitfalls-of-constructive-theology-on-the-state-of-islamic-studies-today-daniel-tutt.csl.json
exposing-the-pitfalls-of-constructive-theology-on-the-state-of-islamic-studies-today-daniel-tutt.ris,https://files.jcrt.org/citations/religioustheory/exposing-the-pitfalls-of-constructive-theology-on-the-state-of-islamic-studies-today-daniel-tutt.ris
fetishism-and-the-erasure-of-identity-part-1-roger-green.csl.json,https://files.jcrt.org/citations/religioustheory/fetishism-and-the-erasure-of-identity-part-1-roger-green.csl.json
fetishism-and-the-erasure-of-identity-part-1-roger-green.ris,https://files.jcrt.org/citations/religioustheory/fetishism-and-the-erasure-of-identity-part-1-roger-green.ris
fetishism-and-the-erasure-of-identity-part-2-roger-green.csl.json,https://files.jcrt.org/citations/religioustheory/fetishism-and-the-erasure-of-identity-part-2-roger-green.csl.json
fetishism-and-the-erasure-of-identity-part-2-roger-green.ris,https://files.jcrt.org/citations/religioustheory/fetishism-and-the-erasure-of-identity-part-2-roger-green.ris
force-in-religious-thought-carl-raschke-and-victoria-kahn-in-dialogue-part-1.csl.json,https://files.jcrt.org/citations/religioustheory/force-in-religious-thought-carl-raschke-and-victoria-kahn-in-dialogue-part-1.csl.json
force-in-religious-thought-carl-raschke-and-victoria-kahn-in-dialogue-part-1.ris,https://files.jcrt.org/citations/religioustheory/force-in-religious-thought-carl-raschke-and-victoria-kahn-in-dialogue-part-1.ris
force-in-religious-thought-carl-raschke-and-victoria-kahn-in-dialogue-part-2.csl.json,https://files.jcrt.org/citations/religioustheory/force-in-religious-thought-carl-raschke-and-victoria-kahn-in-dialogue-part-2.csl.json
force-in-religious-thought-carl-raschke-and-victoria-kahn-in-dialogue-part-2.ris,https://files.jcrt.org/citations/religioustheory/force-in-religious-thought-carl-raschke-and-victoria-kahn-in-dialogue-part-2.ris
force-in-religious-thought-carl-raschke-and-victoria-kahn-in-dialogue-part-3.csl.json,https://files.jcrt.org/citations/religioustheory/force-in-religious-thought-carl-raschke-and-victoria-kahn-in-dialogue-part-3.csl.json
force-in-religious-thought-carl-raschke-and-victoria-kahn-in-dialogue-part-3.ris,https://files.jcrt.org/citations/religioustheory/force-in-religious-thought-carl-raschke-and-victoria-kahn-in-dialogue-part-3.ris
forging-a-path-from-theory-to-theology-review-essay-matt-waggoner.csl.json,https://files.jcrt.org/citations/religioustheory/forging-a-path-from-theory-to-theology-review-essay-matt-waggoner.csl.json
forging-a-path-from-theory-to-theology-review-essay-matt-waggoner.ris,https://files.jcrt.org/citations/religioustheory/forging-a-path-from-theory-to-theology-review-essay-matt-waggoner.ris
foucaults-disciplinary-society-and-the-community-rule-of-qumran-rebekah-gordon.csl.json,https://files.jcrt.org/citations/religioustheory/foucaults-disciplinary-society-and-the-community-rule-of-qumran-rebekah-gordon.csl.json
foucaults-disciplinary-society-and-the-community-rule-of-qumran-rebekah-gordon.ris,https://files.jcrt.org/citations/religioustheory/foucaults-disciplinary-society-and-the-community-rule-of-qumran-rebekah-gordon.ris
framing-religious-conflict-and-violence-insights-from-historical-institutionalism-part-1-vivek-swaroop-sharma.csl.json,https://files.jcrt.org/citations/religioustheory/framing-religious-conflict-and-violence-insights-from-historical-institutionalism-part-1-vivek-swaroop-sharma.csl.json
framing-religious-conflict-and-violence-insights-from-historical-institutionalism-part-1-vivek-swaroop-sharma.ris,https://files.jcrt.org/citations/religioustheory/framing-religious-conflict-and-violence-insights-from-historical-institutionalism-part-1-vivek-swaroop-sharma.ris
framing-religious-conflict-and-violence-insights-from-historical-institutionalism-part-2-vivek-swaroop-sharma.csl.json,https://files.jcrt.org/citations/religioustheory/framing-religious-conflict-and-violence-insights-from-historical-institutionalism-part-2-vivek-swaroop-sharma.csl.json
framing-religious-conflict-and-violence-insights-from-historical-institutionalism-part-2-vivek-swaroop-sharma.ris,https://files.jcrt.org/citations/religioustheory/framing-religious-conflict-and-violence-insights-from-historical-institutionalism-part-2-vivek-swaroop-sharma.ris
from-christology-to-political-theology-cyril-hovorun.csl.json,https://files.jcrt.org/citations/religioustheory/from-christology-to-political-theology-cyril-hovorun.csl.json
from-christology-to-political-theology-cyril-hovorun.ris,https://files.jcrt.org/citations/religioustheory/from-christology-to-political-theology-cyril-hovorun.ris
from-heathen-to-sub-human-a-genealogy-of-the-influence-of-the-decline-of-religion-on-the-rise-of-modern-racism-part-1-oludamini-ogunnaike.csl.json,https://files.jcrt.org/citations/religioustheory/from-heathen-to-sub-human-a-genealogy-of-the-influence-of-the-decline-of-religion-on-the-rise-of-modern-racism-part-1-oludamini-ogunnaike.csl.json
from-heathen-to-sub-human-a-genealogy-of-the-influence-of-the-decline-of-religion-on-the-rise-of-modern-racism-part-1-oludamini-ogunnaike.ris,https://files.jcrt.org/citations/religioustheory/from-heathen-to-sub-human-a-genealogy-of-the-influence-of-the-decline-of-religion-on-the-rise-of-modern-racism-part-1-oludamini-ogunnaike.ris
from-heathen-to-sub-human-a-genealogy-of-the-influence-of-the-decline-of-religion-on-the-rise-of-modern-racism-part-2-oludamini-ogunnaike.csl.json,https://files.jcrt.org/citations/religioustheory/from-heathen-to-sub-human-a-genealogy-of-the-influence-of-the-decline-of-religion-on-the-rise-of-modern-racism-part-2-oludamini-ogunnaike.csl.json
from-heathen-to-sub-human-a-genealogy-of-the-influence-of-the-decline-of-religion-on-the-rise-of-modern-racism-part-2-oludamini-ogunnaike.ris,https://files.jcrt.org/citations/religioustheory/from-heathen-to-sub-human-a-genealogy-of-the-influence-of-the-decline-of-religion-on-the-rise-of-modern-racism-part-2-oludamini-ogunnaike.ris
from-heathen-to-sub-human-a-genealogy-of-the-influence-of-the-decline-of-religion-on-the-rise-of-modern-racism-part-3-oludamini-ogunnaike.csl.json,https://files.jcrt.org/citations/religioustheory/from-heathen-to-sub-human-a-genealogy-of-the-influence-of-the-decline-of-religion-on-the-rise-of-modern-racism-part-3-oludamini-ogunnaike.csl.json
from-heathen-to-sub-human-a-genealogy-of-the-influence-of-the-decline-of-religion-on-the-rise-of-modern-racism-part-3-oludamini-ogunnaike.ris,https://files.jcrt.org/citations/religioustheory/from-heathen-to-sub-human-a-genealogy-of-the-influence-of-the-decline-of-religion-on-the-rise-of-modern-racism-part-3-oludamini-ogunnaike.ris
from-holistic-to-in-between-theology-the-ethiopian-evangelical-church-mekane-yesus-part-2-rode-molla.csl.json,https://files.jcrt.org/citations/religioustheory/from-holistic-to-in-between-theology-the-ethiopian-evangelical-church-mekane-yesus-part-2-rode-molla.csl.json
from-holistic-to-in-between-theology-the-ethiopian-evangelical-church-mekane-yesus-part-2-rode-molla.ris,https://files.jcrt.org/citations/religioustheory/from-holistic-to-in-between-theology-the-ethiopian-evangelical-church-mekane-yesus-part-2-rode-molla.ris
from-holistic-to-in-between-theology-the-ethiopian-evangelical-church-mekane-yesus-part-3-rode-molla.csl.json,https://files.jcrt.org/citations/religioustheory/from-holistic-to-in-between-theology-the-ethiopian-evangelical-church-mekane-yesus-part-3-rode-molla.csl.json
from-holistic-to-in-between-theology-the-ethiopian-evangelical-church-mekane-yesus-part-3-rode-molla.ris,https://files.jcrt.org/citations/religioustheory/from-holistic-to-in-between-theology-the-ethiopian-evangelical-church-mekane-yesus-part-3-rode-molla.ris
from-holistic-to-in-between-theology-the-ethiopian-evangelical-church-mekane-yesus.csl.json,https://files.jcrt.org/citations/religioustheory/from-holistic-to-in-between-theology-the-ethiopian-evangelical-church-mekane-yesus.csl.json
from-holistic-to-in-between-theology-the-ethiopian-evangelical-church-mekane-yesus.ris,https://files.jcrt.org/citations/religioustheory/from-holistic-to-in-between-theology-the-ethiopian-evangelical-church-mekane-yesus.ris
from-kant-to-holderlin-poetry-and-religion-in-the-wake-of-philosophical-aesthetics-part-3-jakob-deibl-2.csl.json,https://files.jcrt.org/citations/religioustheory/from-kant-to-holderlin-poetry-and-religion-in-the-wake-of-philosophical-aesthetics-part-3-jakob-deibl-2.csl.json
from-kant-to-holderlin-poetry-and-religion-in-the-wake-of-philosophical-aesthetics-part-3-jakob-deibl-2.ris,https://files.jcrt.org/citations/religioustheory/from-kant-to-holderlin-poetry-and-religion-in-the-wake-of-philosophical-aesthetics-part-3-jakob-deibl-2.ris
from-kant-to-holderlin-poetry-and-religion-in-the-wake-of-philosophical-aesthetics-part-3-jakob-deibl.csl.json,https://files.jcrt.org/citations/religioustheory/from-kant-to-holderlin-poetry-and-religion-in-the-wake-of-philosophical-aesthetics-part-3-jakob-deibl.csl.json
from-kant-to-holderlin-poetry-and-religion-in-the-wake-of-philosophical-aesthetics-part-3-jakob-deibl.ris,https://files.jcrt.org/citations/religioustheory/from-kant-to-holderlin-poetry-and-religion-in-the-wake-of-philosophical-aesthetics-part-3-jakob-deibl.ris
from-kant-to-holderlin-poetry-and-religion-in-the-wake-of-philosophical-aesthetics.csl.json,https://files.jcrt.org/citations/religioustheory/from-kant-to-holderlin-poetry-and-religion-in-the-wake-of-philosophical-aesthetics.csl.json
from-kant-to-holderlin-poetry-and-religion-in-the-wake-of-philosophical-aesthetics.ris,https://files.jcrt.org/citations/religioustheory/from-kant-to-holderlin-poetry-and-religion-in-the-wake-of-philosophical-aesthetics.ris
from-the-gift-of-mortality-to-the-name-of-god-jakob-helmut-deibl.csl.json,https://files.jcrt.org/citations/religioustheory/from-the-gift-of-mortality-to-the-name-of-god-jakob-helmut-deibl.csl.json
from-the-gift-of-mortality-to-the-name-of-god-jakob-helmut-deibl.ris,https://files.jcrt.org/citations/religioustheory/from-the-gift-of-mortality-to-the-name-of-god-jakob-helmut-deibl.ris
george-batailles-on-the-limits-of-the-useful.csl.json,https://files.jcrt.org/citations/religioustheory/george-batailles-on-the-limits-of-the-useful.csl.json
george-batailles-on-the-limits-of-the-useful.ris,https://files.jcrt.org/citations/religioustheory/george-batailles-on-the-limits-of-the-useful.ris
geschlecht-iii-authentic-faith-religion-and-politics-in-derridas-readings-of-heideggers-geist-part-1-jake-sirota.csl.json,https://files.jcrt.org/citations/religioustheory/geschlecht-iii-authentic-faith-religion-and-politics-in-derridas-readings-of-heideggers-geist-part-1-jake-sirota.csl.json
geschlecht-iii-authentic-faith-religion-and-politics-in-derridas-readings-of-heideggers-geist-part-1-jake-sirota.ris,https://files.jcrt.org/citations/religioustheory/geschlecht-iii-authentic-faith-religion-and-politics-in-derridas-readings-of-heideggers-geist-part-1-jake-sirota.ris
geschlecht-iii-authentic-faith-religion-and-politics-in-derridas-readings-of-heideggers-geist-part-2-jake-sirota.csl.json,https://files.jcrt.org/citations/religioustheory/geschlecht-iii-authentic-faith-religion-and-politics-in-derridas-readings-of-heideggers-geist-part-2-jake-sirota.csl.json
geschlecht-iii-authentic-faith-religion-and-politics-in-derridas-readings-of-heideggers-geist-part-2-jake-sirota.ris,https://files.jcrt.org/citations/religioustheory/geschlecht-iii-authentic-faith-religion-and-politics-in-derridas-readings-of-heideggers-geist-part-2-jake-sirota.ris
geschlecht-iii-authentic-faith-religion-and-politics-in-derridas-readings-of-heideggers-geist-part-3-jake-sirota.csl.json,https://files.jcrt.org/citations/religioustheory/geschlecht-iii-authentic-faith-religion-and-politics-in-derridas-readings-of-heideggers-geist-part-3-jake-sirota.csl.json
geschlecht-iii-authentic-faith-religion-and-politics-in-derridas-readings-of-heideggers-geist-part-3-jake-sirota.ris,https://files.jcrt.org/citations/religioustheory/geschlecht-iii-authentic-faith-religion-and-politics-in-derridas-readings-of-heideggers-geist-part-3-jake-sirota.ris
god-and-existence-lecture-4-johannes-zachhuber.csl.json,https://files.jcrt.org/citations/religioustheory/god-and-existence-lecture-4-johannes-zachhuber.csl.json
god-and-existence-lecture-4-johannes-zachhuber.ris,https://files.jcrt.org/citations/religioustheory/god-and-existence-lecture-4-johannes-zachhuber.ris
god-and-history-lecture-5-johannes-zachhuber.csl.json,https://files.jcrt.org/citations/religioustheory/god-and-history-lecture-5-johannes-zachhuber.csl.json
god-and-history-lecture-5-johannes-zachhuber.ris,https://files.jcrt.org/citations/religioustheory/god-and-history-lecture-5-johannes-zachhuber.ris
god-and-language-lecture-6-johannes-zachhuber.csl.json,https://files.jcrt.org/citations/religioustheory/god-and-language-lecture-6-johannes-zachhuber.csl.json
god-and-language-lecture-6-johannes-zachhuber.ris,https://files.jcrt.org/citations/religioustheory/god-and-language-lecture-6-johannes-zachhuber.ris
god-and-salvation-lecture-8-johannes-zachhuber.csl.json,https://files.jcrt.org/citations/religioustheory/god-and-salvation-lecture-8-johannes-zachhuber.csl.json
god-and-salvation-lecture-8-johannes-zachhuber.ris,https://files.jcrt.org/citations/religioustheory/god-and-salvation-lecture-8-johannes-zachhuber.ris
god-as-person-and-trinity-lecture-7-johannes-zachhuber.csl.json,https://files.jcrt.org/citations/religioustheory/god-as-person-and-trinity-lecture-7-johannes-zachhuber.csl.json
god-as-person-and-trinity-lecture-7-johannes-zachhuber.ris,https://files.jcrt.org/citations/religioustheory/god-as-person-and-trinity-lecture-7-johannes-zachhuber.ris
greening-americas-virtues-nick-mather.csl.json,https://files.jcrt.org/citations/religioustheory/greening-americas-virtues-nick-mather.csl.json
greening-americas-virtues-nick-mather.ris,https://files.jcrt.org/citations/religioustheory/greening-americas-virtues-nick-mather.ris
habit-and-errors-and-composition.csl.json,https://files.jcrt.org/citations/religioustheory/habit-and-errors-and-composition.csl.json
habit-and-errors-and-composition.ris,https://files.jcrt.org/citations/religioustheory/habit-and-errors-and-composition.ris
hanging-garlands-of-flowers-on-the-chains-that-bind-soft-totalitarianism-and-techno-rationality-jeff-appel.csl.json,https://files.jcrt.org/citations/religioustheory/hanging-garlands-of-flowers-on-the-chains-that-bind-soft-totalitarianism-and-techno-rationality-jeff-appel.csl.json
hanging-garlands-of-flowers-on-the-chains-that-bind-soft-totalitarianism-and-techno-rationality-jeff-appel.ris,https://files.jcrt.org/citations/religioustheory/hanging-garlands-of-flowers-on-the-chains-that-bind-soft-totalitarianism-and-techno-rationality-jeff-appel.ris
healing-as-a-multimedia-practice-contemporary-spirituality-in-turkey-part-1-duygu-sendag.csl.json,https://files.jcrt.org/citations/religioustheory/healing-as-a-multimedia-practice-contemporary-spirituality-in-turkey-part-1-duygu-sendag.csl.json
healing-as-a-multimedia-practice-contemporary-spirituality-in-turkey-part-1-duygu-sendag.ris,https://files.jcrt.org/citations/religioustheory/healing-as-a-multimedia-practice-contemporary-spirituality-in-turkey-part-1-duygu-sendag.ris
hegel-contra-god-replying-to-gavin-hymans-new-hegel-part-1-rebekah-howes.csl.json,https://files.jcrt.org/citations/religioustheory/hegel-contra-god-replying-to-gavin-hymans-new-hegel-part-1-rebekah-howes.csl.json
hegel-contra-god-replying-to-gavin-hymans-new-hegel-part-1-rebekah-howes.ris,https://files.jcrt.org/citations/religioustheory/hegel-contra-god-replying-to-gavin-hymans-new-hegel-part-1-rebekah-howes.ris
hegel-contra-god-replying-to-gavin-hymans-new-hegel-part-2-rebekah-howes.csl.json,https://files.jcrt.org/citations/religioustheory/hegel-contra-god-replying-to-gavin-hymans-new-hegel-part-2-rebekah-howes.csl.json
hegel-contra-god-replying-to-gavin-hymans-new-hegel-part-2-rebekah-howes.ris,https://files.jcrt.org/citations/religioustheory/hegel-contra-god-replying-to-gavin-hymans-new-hegel-part-2-rebekah-howes.ris
hegel-contra-god-replying-to-gavin-hymans-new-hegel-part-3-rebekah-howes.csl.json,https://files.jcrt.org/citations/religioustheory/hegel-contra-god-replying-to-gavin-hymans-new-hegel-part-3-rebekah-howes.csl.json
hegel-contra-god-replying-to-gavin-hymans-new-hegel-part-3-rebekah-howes.ris,https://files.jcrt.org/citations/religioustheory/hegel-contra-god-replying-to-gavin-hymans-new-hegel-part-3-rebekah-howes.ris
hegemony-and-techno-rationality-toward-an-aesthetic-soteriology-mason-davis.csl.json,https://files.jcrt.org/citations/religioustheory/hegemony-and-techno-rationality-toward-an-aesthetic-soteriology-mason-davis.csl.json
hegemony-and-techno-rationality-toward-an-aesthetic-soteriology-mason-davis.ris,https://files.jcrt.org/citations/religioustheory/hegemony-and-techno-rationality-toward-an-aesthetic-soteriology-mason-davis.ris
horror-fiction-and-catholic-theology-a-rhetorical-synthesis-gavin-hurley.csl.json,https://files.jcrt.org/citations/religioustheory/horror-fiction-and-catholic-theology-a-rhetorical-synthesis-gavin-hurley.csl.json
horror-fiction-and-catholic-theology-a-rhetorical-synthesis-gavin-hurley.ris,https://files.jcrt.org/citations/religioustheory/horror-fiction-and-catholic-theology-a-rhetorical-synthesis-gavin-hurley.ris
horror-fiction-and-catholic-theology-a-rhetorical-synthesis-part-2-gavin-hurley.csl.json,https://files.jcrt.org/citations/religioustheory/horror-fiction-and-catholic-theology-a-rhetorical-synthesis-part-2-gavin-hurley.csl.json
horror-fiction-and-catholic-theology-a-rhetorical-synthesis-part-2-gavin-hurley.ris,https://files.jcrt.org/citations/religioustheory/horror-fiction-and-catholic-theology-a-rhetorical-synthesis-part-2-gavin-hurley.ris
hot-abstinence.csl.json,https://files.jcrt.org/citations/religioustheory/hot-abstinence.csl.json
hot-abstinence.ris,https://files.jcrt.org/citations/religioustheory/hot-abstinence.ris
hyperreality.csl.json,https://files.jcrt.org/citations/religioustheory/hyperreality.csl.json
hyperreality.ris,https://files.jcrt.org/citations/religioustheory/hyperreality.ris
indicative-culture.csl.json,https://files.jcrt.org/citations/religioustheory/indicative-culture.csl.json
indicative-culture.ris,https://files.jcrt.org/citations/religioustheory/indicative-culture.ris
introducing-spirit-dance-social-justice-and-reconstructed-spiritual-practices-joshua-hall.csl.json,https://files.jcrt.org/citations/religioustheory/introducing-spirit-dance-social-justice-and-reconstructed-spiritual-practices-joshua-hall.csl.json
introducing-spirit-dance-social-justice-and-reconstructed-spiritual-practices-joshua-hall.ris,https://files.jcrt.org/citations/religioustheory/introducing-spirit-dance-social-justice-and-reconstructed-spiritual-practices-joshua-hall.ris
introducing-spirit-dance-social-justice-and-reconstructed-spiritual-practices-part-2-joshua-hall.csl.json,https://files.jcrt.org/citations/religioustheory/introducing-spirit-dance-social-justice-and-reconstructed-spiritual-practices-part-2-joshua-hall.csl.json
introducing-spirit-dance-social-justice-and-reconstructed-spiritual-practices-part-2-joshua-hall.ris,https://files.jcrt.org/citations/religioustheory/introducing-spirit-dance-social-justice-and-reconstructed-spiritual-practices-part-2-joshua-hall.ris
introducing-spirit-dance-social-justice-and-reconstructed-spiritual-practices-part-3-joshua-hall.csl.json,https://files.jcrt.org/citations/religioustheory/introducing-spirit-dance-social-justice-and-reconstructed-spiritual-practices-part-3-joshua-hall.csl.json
introducing-spirit-dance-social-justice-and-reconstructed-spiritual-practices-part-3-joshua-hall.ris,https://files.jcrt.org/citations/religioustheory/introducing-spirit-dance-social-justice-and-reconstructed-spiritual-practices-part-3-joshua-hall.ris
inventing-afterlives-review-camille-grace-leon-angelo.csl.json,https://files.jcrt.org/citations/religioustheory/inventing-afterlives-review-camille-grace-leon-angelo.csl.json
inventing-afterlives-review-camille-grace-leon-angelo.ris,https://files.jcrt.org/citations/religioustheory/inventing-afterlives-review-camille-grace-leon-angelo.ris
jesus-ghost-derrida-christianity-and-hauntology-part-1.csl.json,https://files.jcrt.org/citations/religioustheory/jesus-ghost-derrida-christianity-and-hauntology-part-1.csl.json
jesus-ghost-derrida-christianity-and-hauntology-part-1.ris,https://files.jcrt.org/citations/religioustheory/jesus-ghost-derrida-christianity-and-hauntology-part-1.ris
jesus-ghost-derrida-christianity-and-hauntology-part-2.csl.json,https://files.jcrt.org/citations/religioustheory/jesus-ghost-derrida-christianity-and-hauntology-part-2.csl.json
jesus-ghost-derrida-christianity-and-hauntology-part-2.ris,https://files.jcrt.org/citations/religioustheory/jesus-ghost-derrida-christianity-and-hauntology-part-2.ris
jesus-ghost-derrida-christianity-and-hauntology-part-3.csl.json,https://files.jcrt.org/citations/religioustheory/jesus-ghost-derrida-christianity-and-hauntology-part-3.csl.json
jesus-ghost-derrida-christianity-and-hauntology-part-3.ris,https://files.jcrt.org/citations/religioustheory/jesus-ghost-derrida-christianity-and-hauntology-part-3.ris
john-the-possibilizer-the-promise-of-a-kearnian-baptismal-hermeneutic-part-i-eric-trozzo.csl.json,https://files.jcrt.org/citations/religioustheory/john-the-possibilizer-the-promise-of-a-kearnian-baptismal-hermeneutic-part-i-eric-trozzo.csl.json
john-the-possibilizer-the-promise-of-a-kearnian-baptismal-hermeneutic-part-i-eric-trozzo.ris,https://files.jcrt.org/citations/religioustheory/john-the-possibilizer-the-promise-of-a-kearnian-baptismal-hermeneutic-part-i-eric-trozzo.ris
john-the-possibilizer-the-promise-of-a-kearnian-baptismal-hermeneutic-part-ii-eric-trozzo.csl.json,https://files.jcrt.org/citations/religioustheory/john-the-possibilizer-the-promise-of-a-kearnian-baptismal-hermeneutic-part-ii-eric-trozzo.csl.json
john-the-possibilizer-the-promise-of-a-kearnian-baptismal-hermeneutic-part-ii-eric-trozzo.ris,https://files.jcrt.org/citations/religioustheory/john-the-possibilizer-the-promise-of-a-kearnian-baptismal-hermeneutic-part-ii-eric-trozzo.ris
jonathan-edwards-and-the-vegan-elect-an-unconventional-calvinist-reading-part-1.csl.json,https://files.jcrt.org/citations/religioustheory/jonathan-edwards-and-the-vegan-elect-an-unconventional-calvinist-reading-part-1.csl.json
jonathan-edwards-and-the-vegan-elect-an-unconventional-calvinist-reading-part-1.ris,https://files.jcrt.org/citations/religioustheory/jonathan-edwards-and-the-vegan-elect-an-unconventional-calvinist-reading-part-1.ris
kenosis-emancipation-pastness-reflections-from-a-jew-part-1-sarah-pessin.csl.json,https://files.jcrt.org/citations/religioustheory/kenosis-emancipation-pastness-reflections-from-a-jew-part-1-sarah-pessin.csl.json
kenosis-emancipation-pastness-reflections-from-a-jew-part-1-sarah-pessin.ris,https://files.jcrt.org/citations/religioustheory/kenosis-emancipation-pastness-reflections-from-a-jew-part-1-sarah-pessin.ris
kenosis-emancipation-pastness-reflections-from-a-jew-part-2-sarah-pessin.csl.json,https://files.jcrt.org/citations/religioustheory/kenosis-emancipation-pastness-reflections-from-a-jew-part-2-sarah-pessin.csl.json
kenosis-emancipation-pastness-reflections-from-a-jew-part-2-sarah-pessin.ris,https://files.jcrt.org/citations/religioustheory/kenosis-emancipation-pastness-reflections-from-a-jew-part-2-sarah-pessin.ris
labels-without-scars-mystifying-amnesia-in-today-s-president.csl.json,https://files.jcrt.org/citations/religioustheory/labels-without-scars-mystifying-amnesia-in-today-s-president.csl.json
labels-without-scars-mystifying-amnesia-in-today-s-president.ris,https://files.jcrt.org/citations/religioustheory/labels-without-scars-mystifying-amnesia-in-today-s-president.ris
lacan-and-pneumatology-mark-murphy.csl.json,https://files.jcrt.org/citations/religioustheory/lacan-and-pneumatology-mark-murphy.csl.json
lacan-and-pneumatology-mark-murphy.ris,https://files.jcrt.org/citations/religioustheory/lacan-and-pneumatology-mark-murphy.ris
lacan-as-spiritual-director-on-the-relationship-between-psychoanalysis-and-christian-mysticism-part-1-mark-murphy.csl.json,https://files.jcrt.org/citations/religioustheory/lacan-as-spiritual-director-on-the-relationship-between-psychoanalysis-and-christian-mysticism-part-1-mark-murphy.csl.json
lacan-as-spiritual-director-on-the-relationship-between-psychoanalysis-and-christian-mysticism-part-1-mark-murphy.ris,https://files.jcrt.org/citations/religioustheory/lacan-as-spiritual-director-on-the-relationship-between-psychoanalysis-and-christian-mysticism-part-1-mark-murphy.ris
lacan-as-spiritual-director-on-the-relationship-between-psychoanalysis-and-christian-mysticism-part-2-mark-murphy.csl.json,https://files.jcrt.org/citations/religioustheory/lacan-as-spiritual-director-on-the-relationship-between-psychoanalysis-and-christian-mysticism-part-2-mark-murphy.csl.json
lacan-as-spiritual-director-on-the-relationship-between-psychoanalysis-and-christian-mysticism-part-2-mark-murphy.ris,https://files.jcrt.org/citations/religioustheory/lacan-as-spiritual-director-on-the-relationship-between-psychoanalysis-and-christian-mysticism-part-2-mark-murphy.ris
lacan-as-spiritual-director-on-the-relationship-between-psychoanalysis-and-christian-mysticism-part-3-mark-murphy.csl.json,https://files.jcrt.org/citations/religioustheory/lacan-as-spiritual-director-on-the-relationship-between-psychoanalysis-and-christian-mysticism-part-3-mark-murphy.csl.json
lacan-as-spiritual-director-on-the-relationship-between-psychoanalysis-and-christian-mysticism-part-3-mark-murphy.ris,https://files.jcrt.org/citations/religioustheory/lacan-as-spiritual-director-on-the-relationship-between-psychoanalysis-and-christian-mysticism-part-3-mark-murphy.ris
lacan-levinas-and-the-politics-of-the-subject-joshua-lawrence.csl.json,https://files.jcrt.org/citations/religioustheory/lacan-levinas-and-the-politics-of-the-subject-joshua-lawrence.csl.json
lacan-levinas-and-the-politics-of-the-subject-joshua-lawrence.ris,https://files.jcrt.org/citations/religioustheory/lacan-levinas-and-the-politics-of-the-subject-joshua-lawrence.ris
laclau-and-democracy-in-light-of-the-current-crisis.csl.json,https://files.jcrt.org/citations/religioustheory/laclau-and-democracy-in-light-of-the-current-crisis.csl.json
laclau-and-democracy-in-light-of-the-current-crisis.ris,https://files.jcrt.org/citations/religioustheory/laclau-and-democracy-in-light-of-the-current-crisis.ris
lets-get-real-about-race-two-very-timely-upcoming-online-seminars-announcement.csl.json,https://files.jcrt.org/citations/religioustheory/lets-get-real-about-race-two-very-timely-upcoming-online-seminars-announcement.csl.json
lets-get-real-about-race-two-very-timely-upcoming-online-seminars-announcement.ris,https://files.jcrt.org/citations/religioustheory/lets-get-real-about-race-two-very-timely-upcoming-online-seminars-announcement.ris
life-as-art-aesthetic-virtue-and-moral-obligation.csl.json,https://files.jcrt.org/citations/religioustheory/life-as-art-aesthetic-virtue-and-moral-obligation.csl.json
life-as-art-aesthetic-virtue-and-moral-obligation.ris,https://files.jcrt.org/citations/religioustheory/life-as-art-aesthetic-virtue-and-moral-obligation.ris
locating-the-oceanic-in-sylvia-wynters-demonic-ground-part-2-justine-m-bakker.csl.json,https://files.jcrt.org/citations/religioustheory/locating-the-oceanic-in-sylvia-wynters-demonic-ground-part-2-justine-m-bakker.csl.json
locating-the-oceanic-in-sylvia-wynters-demonic-ground-part-2-justine-m-bakker.ris,https://files.jcrt.org/citations/religioustheory/locating-the-oceanic-in-sylvia-wynters-demonic-ground-part-2-justine-m-bakker.ris
locating-the-oceanic-in-sylvia-wynters-demonic-ground-part-3-justine-m-bakker.csl.json,https://files.jcrt.org/citations/religioustheory/locating-the-oceanic-in-sylvia-wynters-demonic-ground-part-3-justine-m-bakker.csl.json
locating-the-oceanic-in-sylvia-wynters-demonic-ground-part-3-justine-m-bakker.ris,https://files.jcrt.org/citations/religioustheory/locating-the-oceanic-in-sylvia-wynters-demonic-ground-part-3-justine-m-bakker.ris
locating-yhe-oceanic-in-sylvia-wynters-demonic-ground.csl.json,https://files.jcrt.org/citations/religioustheory/locating-yhe-oceanic-in-sylvia-wynters-demonic-ground.csl.json
locating-yhe-oceanic-in-sylvia-wynters-demonic-ground.ris,https://files.jcrt.org/citations/religioustheory/locating-yhe-oceanic-in-sylvia-wynters-demonic-ground.ris
longing-for-an-impossible-past-derridas-of-grammatology-and-the-coronavirus-as-the-inauguration-of-an-age-of-writing-part-1-jared-lacy.csl.json,https://files.jcrt.org/citations/religioustheory/longing-for-an-impossible-past-derridas-of-grammatology-and-the-coronavirus-as-the-inauguration-of-an-age-of-writing-part-1-jared-lacy.csl.json
longing-for-an-impossible-past-derridas-of-grammatology-and-the-coronavirus-as-the-inauguration-of-an-age-of-writing-part-1-jared-lacy.ris,https://files.jcrt.org/citations/religioustheory/longing-for-an-impossible-past-derridas-of-grammatology-and-the-coronavirus-as-the-inauguration-of-an-age-of-writing-part-1-jared-lacy.ris
longing-for-an-impossible-past-derridas-of-grammatology-and-the-coronavirus-as-the-inauguration-of-an-age-of-writing-part-2-jared-lacy.csl.json,https://files.jcrt.org/citations/religioustheory/longing-for-an-impossible-past-derridas-of-grammatology-and-the-coronavirus-as-the-inauguration-of-an-age-of-writing-part-2-jared-lacy.csl.json
longing-for-an-impossible-past-derridas-of-grammatology-and-the-coronavirus-as-the-inauguration-of-an-age-of-writing-part-2-jared-lacy.ris,https://files.jcrt.org/citations/religioustheory/longing-for-an-impossible-past-derridas-of-grammatology-and-the-coronavirus-as-the-inauguration-of-an-age-of-writing-part-2-jared-lacy.ris
love-psychoanalysis-and-leftist-political-ontology-part-1-daniel-tutt.csl.json,https://files.jcrt.org/citations/religioustheory/love-psychoanalysis-and-leftist-political-ontology-part-1-daniel-tutt.csl.json
love-psychoanalysis-and-leftist-political-ontology-part-1-daniel-tutt.ris,https://files.jcrt.org/citations/religioustheory/love-psychoanalysis-and-leftist-political-ontology-part-1-daniel-tutt.ris
love-psychoanalysis-and-leftist-political-ontology-part-2-daniel-tutt.csl.json,https://files.jcrt.org/citations/religioustheory/love-psychoanalysis-and-leftist-political-ontology-part-2-daniel-tutt.csl.json
love-psychoanalysis-and-leftist-political-ontology-part-2-daniel-tutt.ris,https://files.jcrt.org/citations/religioustheory/love-psychoanalysis-and-leftist-political-ontology-part-2-daniel-tutt.ris
love-strong-as-death-jews-against-heidegger-on-the-issue-of-finitude-part-1-agata-bielik-robson.csl.json,https://files.jcrt.org/citations/religioustheory/love-strong-as-death-jews-against-heidegger-on-the-issue-of-finitude-part-1-agata-bielik-robson.csl.json
love-strong-as-death-jews-against-heidegger-on-the-issue-of-finitude-part-1-agata-bielik-robson.ris,https://files.jcrt.org/citations/religioustheory/love-strong-as-death-jews-against-heidegger-on-the-issue-of-finitude-part-1-agata-bielik-robson.ris
love-strong-as-death-jews-against-heidegger-on-the-issue-of-finitude-part-2-agata-bielik-robson.csl.json,https://files.jcrt.org/citations/religioustheory/love-strong-as-death-jews-against-heidegger-on-the-issue-of-finitude-part-2-agata-bielik-robson.csl.json
love-strong-as-death-jews-against-heidegger-on-the-issue-of-finitude-part-2-agata-bielik-robson.ris,https://files.jcrt.org/citations/religioustheory/love-strong-as-death-jews-against-heidegger-on-the-issue-of-finitude-part-2-agata-bielik-robson.ris
lutheran-theology-and-postmodern-philosophy-part-i-olli-pekka-vaino.csl.json,https://files.jcrt.org/citations/religioustheory/lutheran-theology-and-postmodern-philosophy-part-i-olli-pekka-vaino.csl.json
lutheran-theology-and-postmodern-philosophy-part-i-olli-pekka-vaino.ris,https://files.jcrt.org/citations/religioustheory/lutheran-theology-and-postmodern-philosophy-part-i-olli-pekka-vaino.ris
lutheran-theology-and-postmodern-philosophy-part-ii-olli-pekka-vaino.csl.json,https://files.jcrt.org/citations/religioustheory/lutheran-theology-and-postmodern-philosophy-part-ii-olli-pekka-vaino.csl.json
lutheran-theology-and-postmodern-philosophy-part-ii-olli-pekka-vaino.ris,https://files.jcrt.org/citations/religioustheory/lutheran-theology-and-postmodern-philosophy-part-ii-olli-pekka-vaino.ris
metaphysical-protestantism-a-comparative-literary-ecology-zane-johnson.csl.json,https://files.jcrt.org/citations/religioustheory/metaphysical-protestantism-a-comparative-literary-ecology-zane-johnson.csl.json
metaphysical-protestantism-a-comparative-literary-ecology-zane-johnson.ris,https://files.jcrt.org/citations/religioustheory/metaphysical-protestantism-a-comparative-literary-ecology-zane-johnson.ris
mischief-idolatry-and-the-demonic-toward-a-hermeneutic-of-play-part-i-kevin-lewis.csl.json,https://files.jcrt.org/citations/religioustheory/mischief-idolatry-and-the-demonic-toward-a-hermeneutic-of-play-part-i-kevin-lewis.csl.json
mischief-idolatry-and-the-demonic-toward-a-hermeneutic-of-play-part-i-kevin-lewis.ris,https://files.jcrt.org/citations/religioustheory/mischief-idolatry-and-the-demonic-toward-a-hermeneutic-of-play-part-i-kevin-lewis.ris
mischief-idolatry-and-the-demonic-toward-a-hermeneutic-of-play-part-ii-kevin-lewis.csl.json,https://files.jcrt.org/citations/religioustheory/mischief-idolatry-and-the-demonic-toward-a-hermeneutic-of-play-part-ii-kevin-lewis.csl.json
mischief-idolatry-and-the-demonic-toward-a-hermeneutic-of-play-part-ii-kevin-lewis.ris,https://files.jcrt.org/citations/religioustheory/mischief-idolatry-and-the-demonic-toward-a-hermeneutic-of-play-part-ii-kevin-lewis.ris
modern-theology-and-the-dialectic-of-god-part-1-kelly-maeshiro.csl.json,https://files.jcrt.org/citations/religioustheory/modern-theology-and-the-dialectic-of-god-part-1-kelly-maeshiro.csl.json
modern-theology-and-the-dialectic-of-god-part-1-kelly-maeshiro.ris,https://files.jcrt.org/citations/religioustheory/modern-theology-and-the-dialectic-of-god-part-1-kelly-maeshiro.ris
modern-theology-and-the-dialectic-of-god-part-2-kelly-maeshiro.csl.json,https://files.jcrt.org/citations/religioustheory/modern-theology-and-the-dialectic-of-god-part-2-kelly-maeshiro.csl.json
modern-theology-and-the-dialectic-of-god-part-2-kelly-maeshiro.ris,https://files.jcrt.org/citations/religioustheory/modern-theology-and-the-dialectic-of-god-part-2-kelly-maeshiro.ris
modern-theology-and-the-dialectic-of-god-part-3-kelly-maeshiro.csl.json,https://files.jcrt.org/citations/religioustheory/modern-theology-and-the-dialectic-of-god-part-3-kelly-maeshiro.csl.json
modern-theology-and-the-dialectic-of-god-part-3-kelly-maeshiro.ris,https://files.jcrt.org/citations/religioustheory/modern-theology-and-the-dialectic-of-god-part-3-kelly-maeshiro.ris
modern-theology-and-the-dialectic-of-god-part-4-kelly-maeshiro.csl.json,https://files.jcrt.org/citations/religioustheory/modern-theology-and-the-dialectic-of-god-part-4-kelly-maeshiro.csl.json
modern-theology-and-the-dialectic-of-god-part-4-kelly-maeshiro.ris,https://files.jcrt.org/citations/religioustheory/modern-theology-and-the-dialectic-of-god-part-4-kelly-maeshiro.ris
more-sympathy-for-the-devil-or-the-state-of-satan-in-the-age-of-obama-and-trump.csl.json,https://files.jcrt.org/citations/religioustheory/more-sympathy-for-the-devil-or-the-state-of-satan-in-the-age-of-obama-and-trump.csl.json
more-sympathy-for-the-devil-or-the-state-of-satan-in-the-age-of-obama-and-trump.ris,https://files.jcrt.org/citations/religioustheory/more-sympathy-for-the-devil-or-the-state-of-satan-in-the-age-of-obama-and-trump.ris
multiplying-homonyms.csl.json,https://files.jcrt.org/citations/religioustheory/multiplying-homonyms.csl.json
multiplying-homonyms.ris,https://files.jcrt.org/citations/religioustheory/multiplying-homonyms.ris
naming-the-darkness-spiritual-violence-and-radical-incompleteness-resituating-a-political-theology-james-e-willis-iii.csl.json,https://files.jcrt.org/citations/religioustheory/naming-the-darkness-spiritual-violence-and-radical-incompleteness-resituating-a-political-theology-james-e-willis-iii.csl.json
naming-the-darkness-spiritual-violence-and-radical-incompleteness-resituating-a-political-theology-james-e-willis-iii.ris,https://files.jcrt.org/citations/religioustheory/naming-the-darkness-spiritual-violence-and-radical-incompleteness-resituating-a-political-theology-james-e-willis-iii.ris
naming-the-darkness-spiritual-violence-and-radical-incompleteness-resituating-a-political-theology-part-2-james-e-willis-iii.csl.json,https://files.jcrt.org/citations/religioustheory/naming-the-darkness-spiritual-violence-and-radical-incompleteness-resituating-a-political-theology-part-2-james-e-willis-iii.csl.json
naming-the-darkness-spiritual-violence-and-radical-incompleteness-resituating-a-political-theology-part-2-james-e-willis-iii.ris,https://files.jcrt.org/citations/religioustheory/naming-the-darkness-spiritual-violence-and-radical-incompleteness-resituating-a-political-theology-part-2-james-e-willis-iii.ris
negative-theology-and-its-problems-barth-and-marion-lecture-3-johannes-zachhuber.csl.json,https://files.jcrt.org/citations/religioustheory/negative-theology-and-its-problems-barth-and-marion-lecture-3-johannes-zachhuber.csl.json
negative-theology-and-its-problems-barth-and-marion-lecture-3-johannes-zachhuber.ris,https://files.jcrt.org/citations/religioustheory/negative-theology-and-its-problems-barth-and-marion-lecture-3-johannes-zachhuber.ris
new-book-titles-looking-for-reviewers.csl.json,https://files.jcrt.org/citations/religioustheory/new-book-titles-looking-for-reviewers.csl.json
new-book-titles-looking-for-reviewers.ris,https://files.jcrt.org/citations/religioustheory/new-book-titles-looking-for-reviewers.ris
new-religions-in-brazil-a-game-between-relativism-and-fundamentalism-silas-guerriero.csl.json,https://files.jcrt.org/citations/religioustheory/new-religions-in-brazil-a-game-between-relativism-and-fundamentalism-silas-guerriero.csl.json
new-religions-in-brazil-a-game-between-relativism-and-fundamentalism-silas-guerriero.ris,https://files.jcrt.org/citations/religioustheory/new-religions-in-brazil-a-game-between-relativism-and-fundamentalism-silas-guerriero.ris
newest-titles-for-review-freud-nussbaum-angst-the-crucified-god-etc.csl.json,https://files.jcrt.org/citations/religioustheory/newest-titles-for-review-freud-nussbaum-angst-the-crucified-god-etc.csl.json
newest-titles-for-review-freud-nussbaum-angst-the-crucified-god-etc.ris,https://files.jcrt.org/citations/religioustheory/newest-titles-for-review-freud-nussbaum-angst-the-crucified-god-etc.ris
notations-agambens-homo-sacer-refugees-and-the-crisis-of-european-values.csl.json,https://files.jcrt.org/citations/religioustheory/notations-agambens-homo-sacer-refugees-and-the-crisis-of-european-values.csl.json
notations-agambens-homo-sacer-refugees-and-the-crisis-of-european-values.ris,https://files.jcrt.org/citations/religioustheory/notations-agambens-homo-sacer-refugees-and-the-crisis-of-european-values.ris
notations-the-european-refugee-crisis-and-more.csl.json,https://files.jcrt.org/citations/religioustheory/notations-the-european-refugee-crisis-and-more.csl.json
notations-the-european-refugee-crisis-and-more.ris,https://files.jcrt.org/citations/religioustheory/notations-the-european-refugee-crisis-and-more.ris
notations-the-unacculturable-refugee-flux-spurs-crisis-of-european-belief.csl.json,https://files.jcrt.org/citations/religioustheory/notations-the-unacculturable-refugee-flux-spurs-crisis-of-european-belief.csl.json
notations-the-unacculturable-refugee-flux-spurs-crisis-of-european-belief.ris,https://files.jcrt.org/citations/religioustheory/notations-the-unacculturable-refugee-flux-spurs-crisis-of-european-belief.ris
obama-s-cairo-speech-new-beginning-new-enlightenment-or-old.csl.json,https://files.jcrt.org/citations/religioustheory/obama-s-cairo-speech-new-beginning-new-enlightenment-or-old.csl.json
obama-s-cairo-speech-new-beginning-new-enlightenment-or-old.ris,https://files.jcrt.org/citations/religioustheory/obama-s-cairo-speech-new-beginning-new-enlightenment-or-old.ris
orientalism-ontology-and-orientation-a-muslim-perspective-on-charles-h-long-part-2-mehnaz-afridi.csl.json,https://files.jcrt.org/citations/religioustheory/orientalism-ontology-and-orientation-a-muslim-perspective-on-charles-h-long-part-2-mehnaz-afridi.csl.json
orientalism-ontology-and-orientation-a-muslim-perspective-on-charles-h-long-part-2-mehnaz-afridi.ris,https://files.jcrt.org/citations/religioustheory/orientalism-ontology-and-orientation-a-muslim-perspective-on-charles-h-long-part-2-mehnaz-afridi.ris
orientalism-ontology-and-orientation.csl.json,https://files.jcrt.org/citations/religioustheory/orientalism-ontology-and-orientation.csl.json
orientalism-ontology-and-orientation.ris,https://files.jcrt.org/citations/religioustheory/orientalism-ontology-and-orientation.ris
originary-grammar-part-2.csl.json,https://files.jcrt.org/citations/religioustheory/originary-grammar-part-2.csl.json
originary-grammar-part-2.ris,https://files.jcrt.org/citations/religioustheory/originary-grammar-part-2.ris
originary-grammar-part-3.csl.json,https://files.jcrt.org/citations/religioustheory/originary-grammar-part-3.csl.json
originary-grammar-part-3.ris,https://files.jcrt.org/citations/religioustheory/originary-grammar-part-3.ris
originary-grammar.csl.json,https://files.jcrt.org/citations/religioustheory/originary-grammar.csl.json
originary-grammar.ris,https://files.jcrt.org/citations/religioustheory/originary-grammar.ris
philosophical-anthropology-or-philosophy-of-praxis-axel-honneth-and-andrew-feenberg-on-lukacs-theory-of-reification-konstantinos-kavoulakos.csl.json,https://files.jcrt.org/citations/religioustheory/philosophical-anthropology-or-philosophy-of-praxis-axel-honneth-and-andrew-feenberg-on-lukacs-theory-of-reification-konstantinos-kavoulakos.csl.json
philosophical-anthropology-or-philosophy-of-praxis-axel-honneth-and-andrew-feenberg-on-lukacs-theory-of-reification-konstantinos-kavoulakos.ris,https://files.jcrt.org/citations/religioustheory/philosophical-anthropology-or-philosophy-of-praxis-axel-honneth-and-andrew-feenberg-on-lukacs-theory-of-reification-konstantinos-kavoulakos.ris
philosophy-as-interdisciplinary-intensity-an-interview-with-giorgio-agamben-antonio-gnolioido-govrin.csl.json,https://files.jcrt.org/citations/religioustheory/philosophy-as-interdisciplinary-intensity-an-interview-with-giorgio-agamben-antonio-gnolioido-govrin.csl.json
philosophy-as-interdisciplinary-intensity-an-interview-with-giorgio-agamben-antonio-gnolioido-govrin.ris,https://files.jcrt.org/citations/religioustheory/philosophy-as-interdisciplinary-intensity-an-interview-with-giorgio-agamben-antonio-gnolioido-govrin.ris
philosophy-as-love-unblocking-the-road-from-athens-to-jerusalem-part-1-erik-meganck.csl.json,https://files.jcrt.org/citations/religioustheory/philosophy-as-love-unblocking-the-road-from-athens-to-jerusalem-part-1-erik-meganck.csl.json
philosophy-as-love-unblocking-the-road-from-athens-to-jerusalem-part-1-erik-meganck.ris,https://files.jcrt.org/citations/religioustheory/philosophy-as-love-unblocking-the-road-from-athens-to-jerusalem-part-1-erik-meganck.ris
philosophy-as-love-unblocking-the-road-from-athens-to-jerusalem-part-2-erik-meganck.csl.json,https://files.jcrt.org/citations/religioustheory/philosophy-as-love-unblocking-the-road-from-athens-to-jerusalem-part-2-erik-meganck.csl.json
philosophy-as-love-unblocking-the-road-from-athens-to-jerusalem-part-2-erik-meganck.ris,https://files.jcrt.org/citations/religioustheory/philosophy-as-love-unblocking-the-road-from-athens-to-jerusalem-part-2-erik-meganck.ris
philosophy-as-love-unblocking-the-road-from-athens-to-jerusalem-part-3-erik-meganck.csl.json,https://files.jcrt.org/citations/religioustheory/philosophy-as-love-unblocking-the-road-from-athens-to-jerusalem-part-3-erik-meganck.csl.json
philosophy-as-love-unblocking-the-road-from-athens-to-jerusalem-part-3-erik-meganck.ris,https://files.jcrt.org/citations/religioustheory/philosophy-as-love-unblocking-the-road-from-athens-to-jerusalem-part-3-erik-meganck.ris
plundering-a-theory-of-trauma-confessions-of-a-novice-author-on-lacan-and-theology.csl.json,https://files.jcrt.org/citations/religioustheory/plundering-a-theory-of-trauma-confessions-of-a-novice-author-on-lacan-and-theology.csl.json
plundering-a-theory-of-trauma-confessions-of-a-novice-author-on-lacan-and-theology.ris,https://files.jcrt.org/citations/religioustheory/plundering-a-theory-of-trauma-confessions-of-a-novice-author-on-lacan-and-theology.ris
post-america-an-exchange.csl.json,https://files.jcrt.org/citations/religioustheory/post-america-an-exchange.csl.json
post-america-an-exchange.ris,https://files.jcrt.org/citations/religioustheory/post-america-an-exchange.ris
prayer-after-the-death-of-god-part-i-ashley-gay-graham.csl.json,https://files.jcrt.org/citations/religioustheory/prayer-after-the-death-of-god-part-i-ashley-gay-graham.csl.json
prayer-after-the-death-of-god-part-i-ashley-gay-graham.ris,https://files.jcrt.org/citations/religioustheory/prayer-after-the-death-of-god-part-i-ashley-gay-graham.ris
prayer-after-the-death-of-god-part-ii-ashley-gay-graham.csl.json,https://files.jcrt.org/citations/religioustheory/prayer-after-the-death-of-god-part-ii-ashley-gay-graham.csl.json
prayer-after-the-death-of-god-part-ii-ashley-gay-graham.ris,https://files.jcrt.org/citations/religioustheory/prayer-after-the-death-of-god-part-ii-ashley-gay-graham.ris
progressive-neoliberalism-symbolic-capitalism-and-the-global-reproduction-of-the-precariat-interview-with-carl-raschke.csl.json,https://files.jcrt.org/citations/religioustheory/progressive-neoliberalism-symbolic-capitalism-and-the-global-reproduction-of-the-precariat-interview-with-carl-raschke.csl.json
progressive-neoliberalism-symbolic-capitalism-and-the-global-reproduction-of-the-precariat-interview-with-carl-raschke.ris,https://files.jcrt.org/citations/religioustheory/progressive-neoliberalism-symbolic-capitalism-and-the-global-reproduction-of-the-precariat-interview-with-carl-raschke.ris
psychedelic-aesthetics-and-the-crises-of-liberalism-a-critical-conversation-with-roger-green.csl.json,https://files.jcrt.org/citations/religioustheory/psychedelic-aesthetics-and-the-crises-of-liberalism-a-critical-conversation-with-roger-green.csl.json
psychedelic-aesthetics-and-the-crises-of-liberalism-a-critical-conversation-with-roger-green.ris,https://files.jcrt.org/citations/religioustheory/psychedelic-aesthetics-and-the-crises-of-liberalism-a-critical-conversation-with-roger-green.ris
rapture-music-intensity-and-eschatology-within-christian-revival-movements-part-1-fraser-macdonald.csl.json,https://files.jcrt.org/citations/religioustheory/rapture-music-intensity-and-eschatology-within-christian-revival-movements-part-1-fraser-macdonald.csl.json
rapture-music-intensity-and-eschatology-within-christian-revival-movements-part-1-fraser-macdonald.ris,https://files.jcrt.org/citations/religioustheory/rapture-music-intensity-and-eschatology-within-christian-revival-movements-part-1-fraser-macdonald.ris
rapture-music-intensity-and-eschatology-within-christian-revival-movements-part-2-fraser-macdonald.csl.json,https://files.jcrt.org/citations/religioustheory/rapture-music-intensity-and-eschatology-within-christian-revival-movements-part-2-fraser-macdonald.csl.json
rapture-music-intensity-and-eschatology-within-christian-revival-movements-part-2-fraser-macdonald.ris,https://files.jcrt.org/citations/religioustheory/rapture-music-intensity-and-eschatology-within-christian-revival-movements-part-2-fraser-macdonald.ris
rapture-music-intensity-and-eschatology-within-christian-revival-movements-part-3-fraser-macdonald.csl.json,https://files.jcrt.org/citations/religioustheory/rapture-music-intensity-and-eschatology-within-christian-revival-movements-part-3-fraser-macdonald.csl.json
rapture-music-intensity-and-eschatology-within-christian-revival-movements-part-3-fraser-macdonald.ris,https://files.jcrt.org/citations/religioustheory/rapture-music-intensity-and-eschatology-within-christian-revival-movements-part-3-fraser-macdonald.ris
re-envisioning-religious-studies-as-a-global-discipline-a-pre-aar-symposium.csl.json,https://files.jcrt.org/citations/religioustheory/re-envisioning-religious-studies-as-a-global-discipline-a-pre-aar-symposium.csl.json
re-envisioning-religious-studies-as-a-global-discipline-a-pre-aar-symposium.ris,https://files.jcrt.org/citations/religioustheory/re-envisioning-religious-studies-as-a-global-discipline-a-pre-aar-symposium.ris
reframing-the-adwa-victory-as-a-decolonizing-praxis-discourse-around-colonization-in-the-ethiopian-context-part-2-rode-molla.csl.json,https://files.jcrt.org/citations/religioustheory/reframing-the-adwa-victory-as-a-decolonizing-praxis-discourse-around-colonization-in-the-ethiopian-context-part-2-rode-molla.csl.json
reframing-the-adwa-victory-as-a-decolonizing-praxis-discourse-around-colonization-in-the-ethiopian-context-part-2-rode-molla.ris,https://files.jcrt.org/citations/religioustheory/reframing-the-adwa-victory-as-a-decolonizing-praxis-discourse-around-colonization-in-the-ethiopian-context-part-2-rode-molla.ris
reframing-the-adwa-victory-as-a-decolonizing-praxis-discourse-around-colonization-in-the-ethiopian-context.csl.json,https://files.jcrt.org/citations/religioustheory/reframing-the-adwa-victory-as-a-decolonizing-praxis-discourse-around-colonization-in-the-ethiopian-context.csl.json
reframing-the-adwa-victory-as-a-decolonizing-praxis-discourse-around-colonization-in-the-ethiopian-context.ris,https://files.jcrt.org/citations/religioustheory/reframing-the-adwa-victory-as-a-decolonizing-praxis-discourse-around-colonization-in-the-ethiopian-context.ris
religion-and-bioethics-conferencee.csl.json,https://files.jcrt.org/citations/religioustheory/religion-and-bioethics-conferencee.csl.json
religion-and-bioethics-conferencee.ris,https://files.jcrt.org/citations/religioustheory/religion-and-bioethics-conferencee.ris
religion-and-mental-health-the-therapeutic-value-of-the-teachings-of-jesus-part-1-thomas-roberts-and-delbert-hayden.csl.json,https://files.jcrt.org/citations/religioustheory/religion-and-mental-health-the-therapeutic-value-of-the-teachings-of-jesus-part-1-thomas-roberts-and-delbert-hayden.csl.json
religion-and-mental-health-the-therapeutic-value-of-the-teachings-of-jesus-part-1-thomas-roberts-and-delbert-hayden.ris,https://files.jcrt.org/citations/religioustheory/religion-and-mental-health-the-therapeutic-value-of-the-teachings-of-jesus-part-1-thomas-roberts-and-delbert-hayden.ris
religion-and-mental-health-the-therapuetic-value-of-the-teachings-of-jesus-part-2-thomas-roberts-and-delbert-hayden.csl.json,https://files.jcrt.org/citations/religioustheory/religion-and-mental-health-the-therapuetic-value-of-the-teachings-of-jesus-part-2-thomas-roberts-and-delbert-hayden.csl.json
religion-and-mental-health-the-therapuetic-value-of-the-teachings-of-jesus-part-2-thomas-roberts-and-delbert-hayden.ris,https://files.jcrt.org/citations/religioustheory/religion-and-mental-health-the-therapuetic-value-of-the-teachings-of-jesus-part-2-thomas-roberts-and-delbert-hayden.ris
religious-autonomy-as-secularisms-silent-partner-darshan-datar.csl.json,https://files.jcrt.org/citations/religioustheory/religious-autonomy-as-secularisms-silent-partner-darshan-datar.csl.json
religious-autonomy-as-secularisms-silent-partner-darshan-datar.ris,https://files.jcrt.org/citations/religioustheory/religious-autonomy-as-secularisms-silent-partner-darshan-datar.ris
religious-faith-in-pursuit-of-environmental-justice-chris-durante.csl.json,https://files.jcrt.org/citations/religioustheory/religious-faith-in-pursuit-of-environmental-justice-chris-durante.csl.json
religious-faith-in-pursuit-of-environmental-justice-chris-durante.ris,https://files.jcrt.org/citations/religioustheory/religious-faith-in-pursuit-of-environmental-justice-chris-durante.ris
religious-sacrificial-sympathy-how-man-became-more-valuable-than-beast-kev-grane.csl.json,https://files.jcrt.org/citations/religioustheory/religious-sacrificial-sympathy-how-man-became-more-valuable-than-beast-kev-grane.csl.json
religious-sacrificial-sympathy-how-man-became-more-valuable-than-beast-kev-grane.ris,https://files.jcrt.org/citations/religioustheory/religious-sacrificial-sympathy-how-man-became-more-valuable-than-beast-kev-grane.ris
religious-studies-and-comparative-theology-an-appraisal-joshua-samuel.csl.json,https://files.jcrt.org/citations/religioustheory/religious-studies-and-comparative-theology-an-appraisal-joshua-samuel.csl.json
religious-studies-and-comparative-theology-an-appraisal-joshua-samuel.ris,https://files.jcrt.org/citations/religioustheory/religious-studies-and-comparative-theology-an-appraisal-joshua-samuel.ris
religious-studies-as-the-state-religion-of-neoliberalism-carl-raschke.csl.json,https://files.jcrt.org/citations/religioustheory/religious-studies-as-the-state-religion-of-neoliberalism-carl-raschke.csl.json
religious-studies-as-the-state-religion-of-neoliberalism-carl-raschke.ris,https://files.jcrt.org/citations/religioustheory/religious-studies-as-the-state-religion-of-neoliberalism-carl-raschke.ris
religious-studies-as-the-state-religion-of-neoliberalism-part-2-carl-raschke.csl.json,https://files.jcrt.org/citations/religioustheory/religious-studies-as-the-state-religion-of-neoliberalism-part-2-carl-raschke.csl.json
religious-studies-as-the-state-religion-of-neoliberalism-part-2-carl-raschke.ris,https://files.jcrt.org/citations/religioustheory/religious-studies-as-the-state-religion-of-neoliberalism-part-2-carl-raschke.ris
religious-studies-as-the-state-religion-of-neoliberalism-part-3-carl-raschke.csl.json,https://files.jcrt.org/citations/religioustheory/religious-studies-as-the-state-religion-of-neoliberalism-part-3-carl-raschke.csl.json
religious-studies-as-the-state-religion-of-neoliberalism-part-3-carl-raschke.ris,https://files.jcrt.org/citations/religioustheory/religious-studies-as-the-state-religion-of-neoliberalism-part-3-carl-raschke.ris
religious-studies-the-final-colonization-of-american-indians-part-1-tink-tinker-wazhazhe-udsethe-2.csl.json,https://files.jcrt.org/citations/religioustheory/religious-studies-the-final-colonization-of-american-indians-part-1-tink-tinker-wazhazhe-udsethe-2.csl.json
religious-studies-the-final-colonization-of-american-indians-part-1-tink-tinker-wazhazhe-udsethe-2.ris,https://files.jcrt.org/citations/religioustheory/religious-studies-the-final-colonization-of-american-indians-part-1-tink-tinker-wazhazhe-udsethe-2.ris
religious-studies-the-final-colonization-of-american-indians-part-1-tink-tinker-wazhazhe-udsethe.csl.json,https://files.jcrt.org/citations/religioustheory/religious-studies-the-final-colonization-of-american-indians-part-1-tink-tinker-wazhazhe-udsethe.csl.json
religious-studies-the-final-colonization-of-american-indians-part-1-tink-tinker-wazhazhe-udsethe.ris,https://files.jcrt.org/citations/religioustheory/religious-studies-the-final-colonization-of-american-indians-part-1-tink-tinker-wazhazhe-udsethe.ris
religious-theory-a-new-review-commentary-and-conversations-feature-of-jcrt.csl.json,https://files.jcrt.org/citations/religioustheory/religious-theory-a-new-review-commentary-and-conversations-feature-of-jcrt.csl.json
religious-theory-a-new-review-commentary-and-conversations-feature-of-jcrt.ris,https://files.jcrt.org/citations/religioustheory/religious-theory-a-new-review-commentary-and-conversations-feature-of-jcrt.ris
renegade-hinduism-scholar-featured-in-nortons-anthology-of-world-religions.csl.json,https://files.jcrt.org/citations/religioustheory/renegade-hinduism-scholar-featured-in-nortons-anthology-of-world-religions.csl.json
renegade-hinduism-scholar-featured-in-nortons-anthology-of-world-religions.ris,https://files.jcrt.org/citations/religioustheory/renegade-hinduism-scholar-featured-in-nortons-anthology-of-world-religions.ris
reorientation-in-the-field-why-religion-matters-part-1-wendy-felese.csl.json,https://files.jcrt.org/citations/religioustheory/reorientation-in-the-field-why-religion-matters-part-1-wendy-felese.csl.json
reorientation-in-the-field-why-religion-matters-part-1-wendy-felese.ris,https://files.jcrt.org/citations/religioustheory/reorientation-in-the-field-why-religion-matters-part-1-wendy-felese.ris
reorientation-in-the-field-why-religion-matters-part-2-wendy-felese.csl.json,https://files.jcrt.org/citations/religioustheory/reorientation-in-the-field-why-religion-matters-part-2-wendy-felese.csl.json
reorientation-in-the-field-why-religion-matters-part-2-wendy-felese.ris,https://files.jcrt.org/citations/religioustheory/reorientation-in-the-field-why-religion-matters-part-2-wendy-felese.ris
rethinking-anselms-atonement-theory-unmaking-the-indebted-man-ryne-beddard.csl.json,https://files.jcrt.org/citations/religioustheory/rethinking-anselms-atonement-theory-unmaking-the-indebted-man-ryne-beddard.csl.json
rethinking-anselms-atonement-theory-unmaking-the-indebted-man-ryne-beddard.ris,https://files.jcrt.org/citations/religioustheory/rethinking-anselms-atonement-theory-unmaking-the-indebted-man-ryne-beddard.ris
review-a-darker-grittier-deleuze.csl.json,https://files.jcrt.org/citations/religioustheory/review-a-darker-grittier-deleuze.csl.json
review-a-darker-grittier-deleuze.ris,https://files.jcrt.org/citations/religioustheory/review-a-darker-grittier-deleuze.ris
review-a-stranger-thought-for-stranger-times-liam-burrell.csl.json,https://files.jcrt.org/citations/religioustheory/review-a-stranger-thought-for-stranger-times-liam-burrell.csl.json
review-a-stranger-thought-for-stranger-times-liam-burrell.ris,https://files.jcrt.org/citations/religioustheory/review-a-stranger-thought-for-stranger-times-liam-burrell.ris
review-agambens-political-reading-of-the-trial-of-jesus.csl.json,https://files.jcrt.org/citations/religioustheory/review-agambens-political-reading-of-the-trial-of-jesus.csl.json
review-agambens-political-reading-of-the-trial-of-jesus.ris,https://files.jcrt.org/citations/religioustheory/review-agambens-political-reading-of-the-trial-of-jesus.ris
review-altered-states-buddhism-and-psychedelic-spirituality-in-america.csl.json,https://files.jcrt.org/citations/religioustheory/review-altered-states-buddhism-and-psychedelic-spirituality-in-america.csl.json
review-altered-states-buddhism-and-psychedelic-spirituality-in-america.ris,https://files.jcrt.org/citations/religioustheory/review-altered-states-buddhism-and-psychedelic-spirituality-in-america.ris
review-an-uncritical-critique-of-theism-rebekah-gordon.csl.json,https://files.jcrt.org/citations/religioustheory/review-an-uncritical-critique-of-theism-rebekah-gordon.csl.json
review-an-uncritical-critique-of-theism-rebekah-gordon.ris,https://files.jcrt.org/citations/religioustheory/review-an-uncritical-critique-of-theism-rebekah-gordon.ris
review-badiou-and-gauchet-on-capitalism-and-democracy.csl.json,https://files.jcrt.org/citations/religioustheory/review-badiou-and-gauchet-on-capitalism-and-democracy.csl.json
review-badiou-and-gauchet-on-capitalism-and-democracy.ris,https://files.jcrt.org/citations/religioustheory/review-badiou-and-gauchet-on-capitalism-and-democracy.ris
review-badiou-is-not-afraid-of-the-dark-mason-davis.csl.json,https://files.jcrt.org/citations/religioustheory/review-badiou-is-not-afraid-of-the-dark-mason-davis.csl.json
review-badiou-is-not-afraid-of-the-dark-mason-davis.ris,https://files.jcrt.org/citations/religioustheory/review-badiou-is-not-afraid-of-the-dark-mason-davis.ris
review-badious-conversations-about-theatre-offer-light-hearted-and-quirky-insight-into-mind-of-philosopher.csl.json,https://files.jcrt.org/citations/religioustheory/review-badious-conversations-about-theatre-offer-light-hearted-and-quirky-insight-into-mind-of-philosopher.csl.json
review-badious-conversations-about-theatre-offer-light-hearted-and-quirky-insight-into-mind-of-philosopher.ris,https://files.jcrt.org/citations/religioustheory/review-badious-conversations-about-theatre-offer-light-hearted-and-quirky-insight-into-mind-of-philosopher.ris
review-bahai-religion-and-religious-cycles-rebekah-gordon.csl.json,https://files.jcrt.org/citations/religioustheory/review-bahai-religion-and-religious-cycles-rebekah-gordon.csl.json
review-bahai-religion-and-religious-cycles-rebekah-gordon.ris,https://files.jcrt.org/citations/religioustheory/review-bahai-religion-and-religious-cycles-rebekah-gordon.ris
review-caputo-the-unconditional-the-folly-of-god-richard-m-allen.csl.json,https://files.jcrt.org/citations/religioustheory/review-caputo-the-unconditional-the-folly-of-god-richard-m-allen.csl.json
review-caputo-the-unconditional-the-folly-of-god-richard-m-allen.ris,https://files.jcrt.org/citations/religioustheory/review-caputo-the-unconditional-the-folly-of-god-richard-m-allen.ris
review-caputos-spooky-call-to-theology-rob-kennedy.csl.json,https://files.jcrt.org/citations/religioustheory/review-caputos-spooky-call-to-theology-rob-kennedy.csl.json
review-caputos-spooky-call-to-theology-rob-kennedy.ris,https://files.jcrt.org/citations/religioustheory/review-caputos-spooky-call-to-theology-rob-kennedy.ris
review-carl-raschkes-force-of-god-hammers-out-a-political-theology-of-insurrection-resurrection-for-our-times.csl.json,https://files.jcrt.org/citations/religioustheory/review-carl-raschkes-force-of-god-hammers-out-a-political-theology-of-insurrection-resurrection-for-our-times.csl.json
review-carl-raschkes-force-of-god-hammers-out-a-political-theology-of-insurrection-resurrection-for-our-times.ris,https://files.jcrt.org/citations/religioustheory/review-carl-raschkes-force-of-god-hammers-out-a-political-theology-of-insurrection-resurrection-for-our-times.ris
review-copresence-and-ontography-in-beliso-de-jesus-electric-santeria-ryne-beddard.csl.json,https://files.jcrt.org/citations/religioustheory/review-copresence-and-ontography-in-beliso-de-jesus-electric-santeria-ryne-beddard.csl.json
review-copresence-and-ontography-in-beliso-de-jesus-electric-santeria-ryne-beddard.ris,https://files.jcrt.org/citations/religioustheory/review-copresence-and-ontography-in-beliso-de-jesus-electric-santeria-ryne-beddard.ris
review-decolonizing-dialectics-josiah-solis.csl.json,https://files.jcrt.org/citations/religioustheory/review-decolonizing-dialectics-josiah-solis.csl.json
review-decolonizing-dialectics-josiah-solis.ris,https://files.jcrt.org/citations/religioustheory/review-decolonizing-dialectics-josiah-solis.ris
review-digital-technologies-and-religion-in-the-postmodern-era.csl.json,https://files.jcrt.org/citations/religioustheory/review-digital-technologies-and-religion-in-the-postmodern-era.csl.json
review-digital-technologies-and-religion-in-the-postmodern-era.ris,https://files.jcrt.org/citations/religioustheory/review-digital-technologies-and-religion-in-the-postmodern-era.ris
review-donovan-schaefers-call-for-a-materialist-turn-in-religious-theory.csl.json,https://files.jcrt.org/citations/religioustheory/review-donovan-schaefers-call-for-a-materialist-turn-in-religious-theory.csl.json
review-donovan-schaefers-call-for-a-materialist-turn-in-religious-theory.ris,https://files.jcrt.org/citations/religioustheory/review-donovan-schaefers-call-for-a-materialist-turn-in-religious-theory.ris
review-economy-and-ontology-from-agamben-to-nancy-taylor-weaver.csl.json,https://files.jcrt.org/citations/religioustheory/review-economy-and-ontology-from-agamben-to-nancy-taylor-weaver.csl.json
review-economy-and-ontology-from-agamben-to-nancy-taylor-weaver.ris,https://files.jcrt.org/citations/religioustheory/review-economy-and-ontology-from-agamben-to-nancy-taylor-weaver.ris
review-essay-peter-sloterdijk-on-social-bonds-freedom-and-religion.csl.json,https://files.jcrt.org/citations/religioustheory/review-essay-peter-sloterdijk-on-social-bonds-freedom-and-religion.csl.json
review-essay-peter-sloterdijk-on-social-bonds-freedom-and-religion.ris,https://files.jcrt.org/citations/religioustheory/review-essay-peter-sloterdijk-on-social-bonds-freedom-and-religion.ris
review-eugene-thackers-cosmic-pessimism.csl.json,https://files.jcrt.org/citations/religioustheory/review-eugene-thackers-cosmic-pessimism.csl.json
review-eugene-thackers-cosmic-pessimism.ris,https://files.jcrt.org/citations/religioustheory/review-eugene-thackers-cosmic-pessimism.ris
review-francois-laruelles-general-theory-of-victims-john-matthew-allison.csl.json,https://files.jcrt.org/citations/religioustheory/review-francois-laruelles-general-theory-of-victims-john-matthew-allison.csl.json
review-francois-laruelles-general-theory-of-victims-john-matthew-allison.ris,https://files.jcrt.org/citations/religioustheory/review-francois-laruelles-general-theory-of-victims-john-matthew-allison.ris
review-french-perceptions-of-muslim-sexuality-trevor-wolff.csl.json,https://files.jcrt.org/citations/religioustheory/review-french-perceptions-of-muslim-sexuality-trevor-wolff.csl.json
review-french-perceptions-of-muslim-sexuality-trevor-wolff.ris,https://files.jcrt.org/citations/religioustheory/review-french-perceptions-of-muslim-sexuality-trevor-wolff.ris
review-genealogies-of-mahayana-buddhism-ananda-abeysekara.csl.json,https://files.jcrt.org/citations/religioustheory/review-genealogies-of-mahayana-buddhism-ananda-abeysekara.csl.json
review-genealogies-of-mahayana-buddhism-ananda-abeysekara.ris,https://files.jcrt.org/citations/religioustheory/review-genealogies-of-mahayana-buddhism-ananda-abeysekara.ris
review-giorgio-agamben-and-the-theory-of-civil-war-kalpokas.csl.json,https://files.jcrt.org/citations/religioustheory/review-giorgio-agamben-and-the-theory-of-civil-war-kalpokas.csl.json
review-giorgio-agamben-and-the-theory-of-civil-war-kalpokas.ris,https://files.jcrt.org/citations/religioustheory/review-giorgio-agamben-and-the-theory-of-civil-war-kalpokas.ris
review-hear-no-evil-see-no-evil-speak-no-evil-negative-reactions-to-jewish-people-pre-and-post-holocaust-madison-tarleton.csl.json,https://files.jcrt.org/citations/religioustheory/review-hear-no-evil-see-no-evil-speak-no-evil-negative-reactions-to-jewish-people-pre-and-post-holocaust-madison-tarleton.csl.json
review-hear-no-evil-see-no-evil-speak-no-evil-negative-reactions-to-jewish-people-pre-and-post-holocaust-madison-tarleton.ris,https://files.jcrt.org/citations/religioustheory/review-hear-no-evil-see-no-evil-speak-no-evil-negative-reactions-to-jewish-people-pre-and-post-holocaust-madison-tarleton.ris
review-indebted-to-asceticism-hollis-phelps.csl.json,https://files.jcrt.org/citations/religioustheory/review-indebted-to-asceticism-hollis-phelps.csl.json
review-indebted-to-asceticism-hollis-phelps.ris,https://files.jcrt.org/citations/religioustheory/review-indebted-to-asceticism-hollis-phelps.ris
review-jean-pierre-couture-brings-to-life-for-first-time-the-entire-works-of-sloterdijk.csl.json,https://files.jcrt.org/citations/religioustheory/review-jean-pierre-couture-brings-to-life-for-first-time-the-entire-works-of-sloterdijk.csl.json
review-jean-pierre-couture-brings-to-life-for-first-time-the-entire-works-of-sloterdijk.ris,https://files.jcrt.org/citations/religioustheory/review-jean-pierre-couture-brings-to-life-for-first-time-the-entire-works-of-sloterdijk.ris
review-judith-butler-and-the-different-senses-of-the-subject-matthew-waggoner.csl.json,https://files.jcrt.org/citations/religioustheory/review-judith-butler-and-the-different-senses-of-the-subject-matthew-waggoner.csl.json
review-judith-butler-and-the-different-senses-of-the-subject-matthew-waggoner.ris,https://files.jcrt.org/citations/religioustheory/review-judith-butler-and-the-different-senses-of-the-subject-matthew-waggoner.ris
review-l-l-welborns-synthesis-of-new-testament-scholarship-and-critical-theorys-recent-interest-in-the-apostle-paul-benjamin-steele-fisher.csl.json,https://files.jcrt.org/citations/religioustheory/review-l-l-welborns-synthesis-of-new-testament-scholarship-and-critical-theorys-recent-interest-in-the-apostle-paul-benjamin-steele-fisher.csl.json
review-l-l-welborns-synthesis-of-new-testament-scholarship-and-critical-theorys-recent-interest-in-the-apostle-paul-benjamin-steele-fisher.ris,https://files.jcrt.org/citations/religioustheory/review-l-l-welborns-synthesis-of-new-testament-scholarship-and-critical-theorys-recent-interest-in-the-apostle-paul-benjamin-steele-fisher.ris
review-loves-unfortunate-presence-between-faith-and-belief-daniel-boscaljon.csl.json,https://files.jcrt.org/citations/religioustheory/review-loves-unfortunate-presence-between-faith-and-belief-daniel-boscaljon.csl.json
review-loves-unfortunate-presence-between-faith-and-belief-daniel-boscaljon.ris,https://files.jcrt.org/citations/religioustheory/review-loves-unfortunate-presence-between-faith-and-belief-daniel-boscaljon.ris
review-medicinal-religion-aaron-klink.csl.json,https://files.jcrt.org/citations/religioustheory/review-medicinal-religion-aaron-klink.csl.json
review-medicinal-religion-aaron-klink.ris,https://files.jcrt.org/citations/religioustheory/review-medicinal-religion-aaron-klink.ris
review-mysticism-as-language-game-adam-loch.csl.json,https://files.jcrt.org/citations/religioustheory/review-mysticism-as-language-game-adam-loch.csl.json
review-mysticism-as-language-game-adam-loch.ris,https://files.jcrt.org/citations/religioustheory/review-mysticism-as-language-game-adam-loch.ris
review-neoliberalismisnowhere-wendy-browns-undoing-the-demos-isaiah.csl.json,https://files.jcrt.org/citations/religioustheory/review-neoliberalismisnowhere-wendy-browns-undoing-the-demos-isaiah.csl.json
review-neoliberalismisnowhere-wendy-browns-undoing-the-demos-isaiah.ris,https://files.jcrt.org/citations/religioustheory/review-neoliberalismisnowhere-wendy-browns-undoing-the-demos-isaiah.ris
review-neurotheological-nuances-joshua-canzona.csl.json,https://files.jcrt.org/citations/religioustheory/review-neurotheological-nuances-joshua-canzona.csl.json
review-neurotheological-nuances-joshua-canzona.ris,https://files.jcrt.org/citations/religioustheory/review-neurotheological-nuances-joshua-canzona.ris
review-new-trends-in-the-theory-and-methods-for-studying-religion-david-kim.csl.json,https://files.jcrt.org/citations/religioustheory/review-new-trends-in-the-theory-and-methods-for-studying-religion-david-kim.csl.json
review-new-trends-in-the-theory-and-methods-for-studying-religion-david-kim.ris,https://files.jcrt.org/citations/religioustheory/review-new-trends-in-the-theory-and-methods-for-studying-religion-david-kim.ris
review-of-politics-and-motion-joshua-lawrence.csl.json,https://files.jcrt.org/citations/religioustheory/review-of-politics-and-motion-joshua-lawrence.csl.json
review-of-politics-and-motion-joshua-lawrence.ris,https://files.jcrt.org/citations/religioustheory/review-of-politics-and-motion-joshua-lawrence.ris
review-ontic-flows-from-digital-humanities-to-posthumanities-dean-dettloff.csl.json,https://files.jcrt.org/citations/religioustheory/review-ontic-flows-from-digital-humanities-to-posthumanities-dean-dettloff.csl.json
review-ontic-flows-from-digital-humanities-to-posthumanities-dean-dettloff.ris,https://files.jcrt.org/citations/religioustheory/review-ontic-flows-from-digital-humanities-to-posthumanities-dean-dettloff.ris
review-performance-apophatics-john-matthew-allison.csl.json,https://files.jcrt.org/citations/religioustheory/review-performance-apophatics-john-matthew-allison.csl.json
review-performance-apophatics-john-matthew-allison.ris,https://files.jcrt.org/citations/religioustheory/review-performance-apophatics-john-matthew-allison.ris
review-pilgrimage-and-world-a-review-of-joseph-riveras-the-contemplative-self-after-michel-henry-michael-saunders.csl.json,https://files.jcrt.org/citations/religioustheory/review-pilgrimage-and-world-a-review-of-joseph-riveras-the-contemplative-self-after-michel-henry-michael-saunders.csl.json
review-pilgrimage-and-world-a-review-of-joseph-riveras-the-contemplative-self-after-michel-henry-michael-saunders.ris,https://files.jcrt.org/citations/religioustheory/review-pilgrimage-and-world-a-review-of-joseph-riveras-the-contemplative-self-after-michel-henry-michael-saunders.ris
review-power-after-biopower-or-the-colonizing-of-perception-adam-loch.csl.json,https://files.jcrt.org/citations/religioustheory/review-power-after-biopower-or-the-colonizing-of-perception-adam-loch.csl.json
review-power-after-biopower-or-the-colonizing-of-perception-adam-loch.ris,https://files.jcrt.org/citations/religioustheory/review-power-after-biopower-or-the-colonizing-of-perception-adam-loch.ris
review-reframing-schelling-rolando-rodriguez.csl.json,https://files.jcrt.org/citations/religioustheory/review-reframing-schelling-rolando-rodriguez.csl.json
review-reframing-schelling-rolando-rodriguez.ris,https://files.jcrt.org/citations/religioustheory/review-reframing-schelling-rolando-rodriguez.ris
review-reverent-irreverence-amit-gvaryahu.csl.json,https://files.jcrt.org/citations/religioustheory/review-reverent-irreverence-amit-gvaryahu.csl.json
review-reverent-irreverence-amit-gvaryahu.ris,https://files.jcrt.org/citations/religioustheory/review-reverent-irreverence-amit-gvaryahu.ris
review-the-enigmatic-absolute-stanimir-panayotov.csl.json,https://files.jcrt.org/citations/religioustheory/review-the-enigmatic-absolute-stanimir-panayotov.csl.json
review-the-enigmatic-absolute-stanimir-panayotov.ris,https://files.jcrt.org/citations/religioustheory/review-the-enigmatic-absolute-stanimir-panayotov.ris
review-the-ethics-of-time-matthew-clemente.csl.json,https://files.jcrt.org/citations/religioustheory/review-the-ethics-of-time-matthew-clemente.csl.json
review-the-ethics-of-time-matthew-clemente.ris,https://files.jcrt.org/citations/religioustheory/review-the-ethics-of-time-matthew-clemente.ris
review-the-evangelicals-the-struggle-to-shape-america-rebekah-gordon.csl.json,https://files.jcrt.org/citations/religioustheory/review-the-evangelicals-the-struggle-to-shape-america-rebekah-gordon.csl.json
review-the-evangelicals-the-struggle-to-shape-america-rebekah-gordon.ris,https://files.jcrt.org/citations/religioustheory/review-the-evangelicals-the-struggle-to-shape-america-rebekah-gordon.ris
review-the-evolution-of-the-religious-factor-in-fantasy-role-playing-games.csl.json,https://files.jcrt.org/citations/religioustheory/review-the-evolution-of-the-religious-factor-in-fantasy-role-playing-games.csl.json
review-the-evolution-of-the-religious-factor-in-fantasy-role-playing-games.ris,https://files.jcrt.org/citations/religioustheory/review-the-evolution-of-the-religious-factor-in-fantasy-role-playing-games.ris
review-the-greatest-trick-god-ever-pulled-benjamin-steele-fisher.csl.json,https://files.jcrt.org/citations/religioustheory/review-the-greatest-trick-god-ever-pulled-benjamin-steele-fisher.csl.json
review-the-greatest-trick-god-ever-pulled-benjamin-steele-fisher.ris,https://files.jcrt.org/citations/religioustheory/review-the-greatest-trick-god-ever-pulled-benjamin-steele-fisher.ris
review-the-intimate-universal-stephen-bujno.csl.json,https://files.jcrt.org/citations/religioustheory/review-the-intimate-universal-stephen-bujno.csl.json
review-the-intimate-universal-stephen-bujno.ris,https://files.jcrt.org/citations/religioustheory/review-the-intimate-universal-stephen-bujno.ris
review-the-origins-of-neoliberalism-a-racialized-review-adam-f-braun.csl.json,https://files.jcrt.org/citations/religioustheory/review-the-origins-of-neoliberalism-a-racialized-review-adam-f-braun.csl.json
review-the-origins-of-neoliberalism-a-racialized-review-adam-f-braun.ris,https://files.jcrt.org/citations/religioustheory/review-the-origins-of-neoliberalism-a-racialized-review-adam-f-braun.ris
review-the-search-for-transcendence-in-the-material-phenomenology-of-david-foster-wallace.csl.json,https://files.jcrt.org/citations/religioustheory/review-the-search-for-transcendence-in-the-material-phenomenology-of-david-foster-wallace.csl.json
review-the-search-for-transcendence-in-the-material-phenomenology-of-david-foster-wallace.ris,https://files.jcrt.org/citations/religioustheory/review-the-search-for-transcendence-in-the-material-phenomenology-of-david-foster-wallace.ris
review-three-agambens-on-display-the-metaphysical-political-and-literary-components-of-agambens-philosophical-lineage-sj-cowan.csl.json,https://files.jcrt.org/citations/religioustheory/review-three-agambens-on-display-the-metaphysical-political-and-literary-components-of-agambens-philosophical-lineage-sj-cowan.csl.json
review-three-agambens-on-display-the-metaphysical-political-and-literary-components-of-agambens-philosophical-lineage-sj-cowan.ris,https://files.jcrt.org/citations/religioustheory/review-three-agambens-on-display-the-metaphysical-political-and-literary-components-of-agambens-philosophical-lineage-sj-cowan.ris
review-what-is-real-filippo-pietrogrande.csl.json,https://files.jcrt.org/citations/religioustheory/review-what-is-real-filippo-pietrogrande.csl.json
review-what-is-real-filippo-pietrogrande.ris,https://files.jcrt.org/citations/religioustheory/review-what-is-real-filippo-pietrogrande.ris
review-whence-and-whither-posthumanism-bo-eberle.csl.json,https://files.jcrt.org/citations/religioustheory/review-whence-and-whither-posthumanism-bo-eberle.csl.json
review-whence-and-whither-posthumanism-bo-eberle.ris,https://files.jcrt.org/citations/religioustheory/review-whence-and-whither-posthumanism-bo-eberle.ris
review-whither-philosophy-of-religion-benjamin-steele-fisher.csl.json,https://files.jcrt.org/citations/religioustheory/review-whither-philosophy-of-religion-benjamin-steele-fisher.csl.json
review-whither-philosophy-of-religion-benjamin-steele-fisher.ris,https://files.jcrt.org/citations/religioustheory/review-whither-philosophy-of-religion-benjamin-steele-fisher.ris
review.csl.json,https://files.jcrt.org/citations/religioustheory/review.csl.json
review.ris,https://files.jcrt.org/citations/religioustheory/review.ris
revolutionary-love-kierkegaards-gift-economy-as-a-religious-corrective-to-the-leveling-of-the-public-sphere-andrew-ball.csl.json,https://files.jcrt.org/citations/religioustheory/revolutionary-love-kierkegaards-gift-economy-as-a-religious-corrective-to-the-leveling-of-the-public-sphere-andrew-ball.csl.json
revolutionary-love-kierkegaards-gift-economy-as-a-religious-corrective-to-the-leveling-of-the-public-sphere-andrew-ball.ris,https://files.jcrt.org/citations/religioustheory/revolutionary-love-kierkegaards-gift-economy-as-a-religious-corrective-to-the-leveling-of-the-public-sphere-andrew-ball.ris
revolutionary-love-kierkegaards-gift-economy-as-a-religious-corrective-to-the-leveling-of-the-public-sphere-part-2-andrew-ball.csl.json,https://files.jcrt.org/citations/religioustheory/revolutionary-love-kierkegaards-gift-economy-as-a-religious-corrective-to-the-leveling-of-the-public-sphere-part-2-andrew-ball.csl.json
revolutionary-love-kierkegaards-gift-economy-as-a-religious-corrective-to-the-leveling-of-the-public-sphere-part-2-andrew-ball.ris,https://files.jcrt.org/citations/religioustheory/revolutionary-love-kierkegaards-gift-economy-as-a-religious-corrective-to-the-leveling-of-the-public-sphere-part-2-andrew-ball.ris
scale-relative-ontology-and-simone-weils-spiritual-philosophy-part-1-n-e-boulting.csl.json,https://files.jcrt.org/citations/religioustheory/scale-relative-ontology-and-simone-weils-spiritual-philosophy-part-1-n-e-boulting.csl.json
scale-relative-ontology-and-simone-weils-spiritual-philosophy-part-1-n-e-boulting.ris,https://files.jcrt.org/citations/religioustheory/scale-relative-ontology-and-simone-weils-spiritual-philosophy-part-1-n-e-boulting.ris
scale-relative-ontology-and-simone-weils-spiritual-philosophy-part-2-n-e-boulting.csl.json,https://files.jcrt.org/citations/religioustheory/scale-relative-ontology-and-simone-weils-spiritual-philosophy-part-2-n-e-boulting.csl.json
scale-relative-ontology-and-simone-weils-spiritual-philosophy-part-2-n-e-boulting.ris,https://files.jcrt.org/citations/religioustheory/scale-relative-ontology-and-simone-weils-spiritual-philosophy-part-2-n-e-boulting.ris
secularism-and-its-discontents-on-charting-pathways-with-a-phenomenology-of-religion-part-1-ludger-hagerdorn-and-michael-staudigl.csl.json,https://files.jcrt.org/citations/religioustheory/secularism-and-its-discontents-on-charting-pathways-with-a-phenomenology-of-religion-part-1-ludger-hagerdorn-and-michael-staudigl.csl.json
secularism-and-its-discontents-on-charting-pathways-with-a-phenomenology-of-religion-part-1-ludger-hagerdorn-and-michael-staudigl.ris,https://files.jcrt.org/citations/religioustheory/secularism-and-its-discontents-on-charting-pathways-with-a-phenomenology-of-religion-part-1-ludger-hagerdorn-and-michael-staudigl.ris
sexual-difference-and-the-vatican-a-lacanian-response-part-1-melissa-conroy.csl.json,https://files.jcrt.org/citations/religioustheory/sexual-difference-and-the-vatican-a-lacanian-response-part-1-melissa-conroy.csl.json
sexual-difference-and-the-vatican-a-lacanian-response-part-1-melissa-conroy.ris,https://files.jcrt.org/citations/religioustheory/sexual-difference-and-the-vatican-a-lacanian-response-part-1-melissa-conroy.ris
sexual-difference-and-the-vatican-a-lacanian-response-part-2-melissa-conroy.csl.json,https://files.jcrt.org/citations/religioustheory/sexual-difference-and-the-vatican-a-lacanian-response-part-2-melissa-conroy.csl.json
sexual-difference-and-the-vatican-a-lacanian-response-part-2-melissa-conroy.ris,https://files.jcrt.org/citations/religioustheory/sexual-difference-and-the-vatican-a-lacanian-response-part-2-melissa-conroy.ris
sexual-difference-and-the-vatican-a-lacanian-response-part-3-melissa-conroy.csl.json,https://files.jcrt.org/citations/religioustheory/sexual-difference-and-the-vatican-a-lacanian-response-part-3-melissa-conroy.csl.json
sexual-difference-and-the-vatican-a-lacanian-response-part-3-melissa-conroy.ris,https://files.jcrt.org/citations/religioustheory/sexual-difference-and-the-vatican-a-lacanian-response-part-3-melissa-conroy.ris
shamanism-and-entheogens-toward-a-psychoanalysis-of-the-new-dream-time-roger-green.csl.json,https://files.jcrt.org/citations/religioustheory/shamanism-and-entheogens-toward-a-psychoanalysis-of-the-new-dream-time-roger-green.csl.json
shamanism-and-entheogens-toward-a-psychoanalysis-of-the-new-dream-time-roger-green.ris,https://files.jcrt.org/citations/religioustheory/shamanism-and-entheogens-toward-a-psychoanalysis-of-the-new-dream-time-roger-green.ris
sikh-environmental-ethics-theory-and-praxis-part-1-harpreet-kaur.csl.json,https://files.jcrt.org/citations/religioustheory/sikh-environmental-ethics-theory-and-praxis-part-1-harpreet-kaur.csl.json
sikh-environmental-ethics-theory-and-praxis-part-1-harpreet-kaur.ris,https://files.jcrt.org/citations/religioustheory/sikh-environmental-ethics-theory-and-praxis-part-1-harpreet-kaur.ris
sikh-environmental-ethics-theory-and-praxis-part-2-harpreet-kaur.csl.json,https://files.jcrt.org/citations/religioustheory/sikh-environmental-ethics-theory-and-praxis-part-2-harpreet-kaur.csl.json
sikh-environmental-ethics-theory-and-praxis-part-2-harpreet-kaur.ris,https://files.jcrt.org/citations/religioustheory/sikh-environmental-ethics-theory-and-praxis-part-2-harpreet-kaur.ris
sikhs-as-subalterns-voice-inequality-and-power-part-2-nirvikar-singh.csl.json,https://files.jcrt.org/citations/religioustheory/sikhs-as-subalterns-voice-inequality-and-power-part-2-nirvikar-singh.csl.json
sikhs-as-subalterns-voice-inequality-and-power-part-2-nirvikar-singh.ris,https://files.jcrt.org/citations/religioustheory/sikhs-as-subalterns-voice-inequality-and-power-part-2-nirvikar-singh.ris
sikhs-as-subalterns-voice-inequality-and-power-part-3-nirvikar-singh.csl.json,https://files.jcrt.org/citations/religioustheory/sikhs-as-subalterns-voice-inequality-and-power-part-3-nirvikar-singh.csl.json
sikhs-as-subalterns-voice-inequality-and-power-part-3-nirvikar-singh.ris,https://files.jcrt.org/citations/religioustheory/sikhs-as-subalterns-voice-inequality-and-power-part-3-nirvikar-singh.ris
sikhs-as-subalterns-voice-inequality-and-power.csl.json,https://files.jcrt.org/citations/religioustheory/sikhs-as-subalterns-voice-inequality-and-power.csl.json
sikhs-as-subalterns-voice-inequality-and-power.ris,https://files.jcrt.org/citations/religioustheory/sikhs-as-subalterns-voice-inequality-and-power.ris
slow-journalism-ethnography-as-a-means-of-understanding-religious-social-activism-part-1-james-v-spickard.csl.json,https://files.jcrt.org/citations/religioustheory/slow-journalism-ethnography-as-a-means-of-understanding-religious-social-activism-part-1-james-v-spickard.csl.json
slow-journalism-ethnography-as-a-means-of-understanding-religious-social-activism-part-1-james-v-spickard.ris,https://files.jcrt.org/citations/religioustheory/slow-journalism-ethnography-as-a-means-of-understanding-religious-social-activism-part-1-james-v-spickard.ris
slow-journalism-ethnography-as-a-means-of-understanding-religious-social-activism-part-2-james-v-spickard.csl.json,https://files.jcrt.org/citations/religioustheory/slow-journalism-ethnography-as-a-means-of-understanding-religious-social-activism-part-2-james-v-spickard.csl.json
slow-journalism-ethnography-as-a-means-of-understanding-religious-social-activism-part-2-james-v-spickard.ris,https://files.jcrt.org/citations/religioustheory/slow-journalism-ethnography-as-a-means-of-understanding-religious-social-activism-part-2-james-v-spickard.ris
speaking-of-gods-presence-as-non-contrastive-transcendent-distinction-joyce-konigsburg.csl.json,https://files.jcrt.org/citations/religioustheory/speaking-of-gods-presence-as-non-contrastive-transcendent-distinction-joyce-konigsburg.csl.json
speaking-of-gods-presence-as-non-contrastive-transcendent-distinction-joyce-konigsburg.ris,https://files.jcrt.org/citations/religioustheory/speaking-of-gods-presence-as-non-contrastive-transcendent-distinction-joyce-konigsburg.ris
speaking-or-not-speaking-of-god-call-for-proposals2.csl.json,https://files.jcrt.org/citations/religioustheory/speaking-or-not-speaking-of-god-call-for-proposals2.csl.json
speaking-or-not-speaking-of-god-call-for-proposals2.ris,https://files.jcrt.org/citations/religioustheory/speaking-or-not-speaking-of-god-call-for-proposals2.ris
special-issue-on-religion-and-bioethics-call-for-papers.csl.json,https://files.jcrt.org/citations/religioustheory/special-issue-on-religion-and-bioethics-call-for-papers.csl.json
special-issue-on-religion-and-bioethics-call-for-papers.ris,https://files.jcrt.org/citations/religioustheory/special-issue-on-religion-and-bioethics-call-for-papers.ris
specter-and-event.csl.json,https://files.jcrt.org/citations/religioustheory/specter-and-event.csl.json
specter-and-event.ris,https://files.jcrt.org/citations/religioustheory/specter-and-event.ris
spinozas-theory-of-religion-stabilized-superstition-ehud-benor.csl.json,https://files.jcrt.org/citations/religioustheory/spinozas-theory-of-religion-stabilized-superstition-ehud-benor.csl.json
spinozas-theory-of-religion-stabilized-superstition-ehud-benor.ris,https://files.jcrt.org/citations/religioustheory/spinozas-theory-of-religion-stabilized-superstition-ehud-benor.ris
spiritual-erotics-affect-theory-and-the-transformation-of-machismo-among-latino-pentecostal-men-part-1.csl.json,https://files.jcrt.org/citations/religioustheory/spiritual-erotics-affect-theory-and-the-transformation-of-machismo-among-latino-pentecostal-men-part-1.csl.json
spiritual-erotics-affect-theory-and-the-transformation-of-machismo-among-latino-pentecostal-men-part-1.ris,https://files.jcrt.org/citations/religioustheory/spiritual-erotics-affect-theory-and-the-transformation-of-machismo-among-latino-pentecostal-men-part-1.ris
spiritual-erotics-part-2-the-nature-and-history-of-machismo-and-its-feminine-counterpart-as-marianismo.csl.json,https://files.jcrt.org/citations/religioustheory/spiritual-erotics-part-2-the-nature-and-history-of-machismo-and-its-feminine-counterpart-as-marianismo.csl.json
spiritual-erotics-part-2-the-nature-and-history-of-machismo-and-its-feminine-counterpart-as-marianismo.ris,https://files.jcrt.org/citations/religioustheory/spiritual-erotics-part-2-the-nature-and-history-of-machismo-and-its-feminine-counterpart-as-marianismo.ris
spiritual-erotics-part-3-eros-ecstasy-and-the-pentecostal-experience.csl.json,https://files.jcrt.org/citations/religioustheory/spiritual-erotics-part-3-eros-ecstasy-and-the-pentecostal-experience.csl.json
spiritual-erotics-part-3-eros-ecstasy-and-the-pentecostal-experience.ris,https://files.jcrt.org/citations/religioustheory/spiritual-erotics-part-3-eros-ecstasy-and-the-pentecostal-experience.ris
teach-me-to-do-whats-right-faith-hope-and-love-as-post-religious-virtues-part-1-a-g-holdier.csl.json,https://files.jcrt.org/citations/religioustheory/teach-me-to-do-whats-right-faith-hope-and-love-as-post-religious-virtues-part-1-a-g-holdier.csl.json
teach-me-to-do-whats-right-faith-hope-and-love-as-post-religious-virtues-part-1-a-g-holdier.ris,https://files.jcrt.org/citations/religioustheory/teach-me-to-do-whats-right-faith-hope-and-love-as-post-religious-virtues-part-1-a-g-holdier.ris
teach-me-to-do-whats-right-faith-hope-and-love-as-post-religious-virtues-part-2-a-g-holdier.csl.json,https://files.jcrt.org/citations/religioustheory/teach-me-to-do-whats-right-faith-hope-and-love-as-post-religious-virtues-part-2-a-g-holdier.csl.json
teach-me-to-do-whats-right-faith-hope-and-love-as-post-religious-virtues-part-2-a-g-holdier.ris,https://files.jcrt.org/citations/religioustheory/teach-me-to-do-whats-right-faith-hope-and-love-as-post-religious-virtues-part-2-a-g-holdier.ris
the-bell-jars-new-look-sylvia-plath-simone-de-beauvoir-and-the-visual-representation-of-feminist-discourse-madeline-yonker.csl.json,https://files.jcrt.org/citations/religioustheory/the-bell-jars-new-look-sylvia-plath-simone-de-beauvoir-and-the-visual-representation-of-feminist-discourse-madeline-yonker.csl.json
the-bell-jars-new-look-sylvia-plath-simone-de-beauvoir-and-the-visual-representation-of-feminist-discourse-madeline-yonker.ris,https://files.jcrt.org/citations/religioustheory/the-bell-jars-new-look-sylvia-plath-simone-de-beauvoir-and-the-visual-representation-of-feminist-discourse-madeline-yonker.ris
the-business-of-the-real-and-the-unreality-of-business.csl.json,https://files.jcrt.org/citations/religioustheory/the-business-of-the-real-and-the-unreality-of-business.csl.json
the-business-of-the-real-and-the-unreality-of-business.ris,https://files.jcrt.org/citations/religioustheory/the-business-of-the-real-and-the-unreality-of-business.ris
the-critique-of-theism-kant-hegel-feuerbach-nietzsche-lecture-2-johannes-zachhuber.csl.json,https://files.jcrt.org/citations/religioustheory/the-critique-of-theism-kant-hegel-feuerbach-nietzsche-lecture-2-johannes-zachhuber.csl.json
the-critique-of-theism-kant-hegel-feuerbach-nietzsche-lecture-2-johannes-zachhuber.ris,https://files.jcrt.org/citations/religioustheory/the-critique-of-theism-kant-hegel-feuerbach-nietzsche-lecture-2-johannes-zachhuber.ris
the-curious-whiteheadian-proclivity-in-schelers-account-of-god-and-persons-j-edward-hackett.csl.json,https://files.jcrt.org/citations/religioustheory/the-curious-whiteheadian-proclivity-in-schelers-account-of-god-and-persons-j-edward-hackett.csl.json
the-curious-whiteheadian-proclivity-in-schelers-account-of-god-and-persons-j-edward-hackett.ris,https://files.jcrt.org/citations/religioustheory/the-curious-whiteheadian-proclivity-in-schelers-account-of-god-and-persons-j-edward-hackett.ris
the-curious-whiteheadian-proclivity-in-schelers-account-of-god-and-persons-part-2-j-edward-hackett.csl.json,https://files.jcrt.org/citations/religioustheory/the-curious-whiteheadian-proclivity-in-schelers-account-of-god-and-persons-part-2-j-edward-hackett.csl.json
the-curious-whiteheadian-proclivity-in-schelers-account-of-god-and-persons-part-2-j-edward-hackett.ris,https://files.jcrt.org/citations/religioustheory/the-curious-whiteheadian-proclivity-in-schelers-account-of-god-and-persons-part-2-j-edward-hackett.ris
the-dangers-of-dealing-with-derrida-revisiting-the-caputo-hagglund-debate-on-the-religious-reading-of-deconstruction-part-1-neal-deroo.csl.json,https://files.jcrt.org/citations/religioustheory/the-dangers-of-dealing-with-derrida-revisiting-the-caputo-hagglund-debate-on-the-religious-reading-of-deconstruction-part-1-neal-deroo.csl.json
the-dangers-of-dealing-with-derrida-revisiting-the-caputo-hagglund-debate-on-the-religious-reading-of-deconstruction-part-1-neal-deroo.ris,https://files.jcrt.org/citations/religioustheory/the-dangers-of-dealing-with-derrida-revisiting-the-caputo-hagglund-debate-on-the-religious-reading-of-deconstruction-part-1-neal-deroo.ris
the-dangers-of-dealing-with-derrida-revisiting-the-caputo-hagglund-debate-on-the-religious-reading-of-deconstruction-part-2-neal-deroo.csl.json,https://files.jcrt.org/citations/religioustheory/the-dangers-of-dealing-with-derrida-revisiting-the-caputo-hagglund-debate-on-the-religious-reading-of-deconstruction-part-2-neal-deroo.csl.json
the-dangers-of-dealing-with-derrida-revisiting-the-caputo-hagglund-debate-on-the-religious-reading-of-deconstruction-part-2-neal-deroo.ris,https://files.jcrt.org/citations/religioustheory/the-dangers-of-dealing-with-derrida-revisiting-the-caputo-hagglund-debate-on-the-religious-reading-of-deconstruction-part-2-neal-deroo.ris
the-dangers-of-dealing-with-derrida-revisiting-the-caputo-hagglund-debate-on-the-religious-reading-of-deconstruction-part-3-neal-deroo.csl.json,https://files.jcrt.org/citations/religioustheory/the-dangers-of-dealing-with-derrida-revisiting-the-caputo-hagglund-debate-on-the-religious-reading-of-deconstruction-part-3-neal-deroo.csl.json
the-dangers-of-dealing-with-derrida-revisiting-the-caputo-hagglund-debate-on-the-religious-reading-of-deconstruction-part-3-neal-deroo.ris,https://files.jcrt.org/citations/religioustheory/the-dangers-of-dealing-with-derrida-revisiting-the-caputo-hagglund-debate-on-the-religious-reading-of-deconstruction-part-3-neal-deroo.ris
the-dialectic-of-divine-presence-and-absence-call-for-contributors-to-special-issue.csl.json,https://files.jcrt.org/citations/religioustheory/the-dialectic-of-divine-presence-and-absence-call-for-contributors-to-special-issue.csl.json
the-dialectic-of-divine-presence-and-absence-call-for-contributors-to-special-issue.ris,https://files.jcrt.org/citations/religioustheory/the-dialectic-of-divine-presence-and-absence-call-for-contributors-to-special-issue.ris
the-end-of-cognitive-empire-critical-conversations.csl.json,https://files.jcrt.org/citations/religioustheory/the-end-of-cognitive-empire-critical-conversations.csl.json
the-end-of-cognitive-empire-critical-conversations.ris,https://files.jcrt.org/citations/religioustheory/the-end-of-cognitive-empire-critical-conversations.ris
the-environmental-ethics-of-pope-francis-parsing-key-terms-and-claims-in-laudato-si-thomas-massaro-s-j.csl.json,https://files.jcrt.org/citations/religioustheory/the-environmental-ethics-of-pope-francis-parsing-key-terms-and-claims-in-laudato-si-thomas-massaro-s-j.csl.json
the-environmental-ethics-of-pope-francis-parsing-key-terms-and-claims-in-laudato-si-thomas-massaro-s-j.ris,https://files.jcrt.org/citations/religioustheory/the-environmental-ethics-of-pope-francis-parsing-key-terms-and-claims-in-laudato-si-thomas-massaro-s-j.ris
the-fracturing-of-world-order-a-series-of-international-and-interdisciplinary-online-mini-conferences-call-for-papers-and-presentations-announcement.csl.json,https://files.jcrt.org/citations/religioustheory/the-fracturing-of-world-order-a-series-of-international-and-interdisciplinary-online-mini-conferences-call-for-papers-and-presentations-announcement.csl.json
the-fracturing-of-world-order-a-series-of-international-and-interdisciplinary-online-mini-conferences-call-for-papers-and-presentations-announcement.ris,https://files.jcrt.org/citations/religioustheory/the-fracturing-of-world-order-a-series-of-international-and-interdisciplinary-online-mini-conferences-call-for-papers-and-presentations-announcement.ris
the-futurity-of-god-part-1-lenart-skof.csl.json,https://files.jcrt.org/citations/religioustheory/the-futurity-of-god-part-1-lenart-skof.csl.json
the-futurity-of-god-part-1-lenart-skof.ris,https://files.jcrt.org/citations/religioustheory/the-futurity-of-god-part-1-lenart-skof.ris
the-futurity-of-god-part-2-lenart-skof.csl.json,https://files.jcrt.org/citations/religioustheory/the-futurity-of-god-part-2-lenart-skof.csl.json
the-futurity-of-god-part-2-lenart-skof.ris,https://files.jcrt.org/citations/religioustheory/the-futurity-of-god-part-2-lenart-skof.ris
the-hinge-of-history-or-zizek-s-new-politics.csl.json,https://files.jcrt.org/citations/religioustheory/the-hinge-of-history-or-zizek-s-new-politics.csl.json
the-hinge-of-history-or-zizek-s-new-politics.ris,https://files.jcrt.org/citations/religioustheory/the-hinge-of-history-or-zizek-s-new-politics.ris
the-hollow-christians-of-end-times-fiction-part-1-paul-maltby.csl.json,https://files.jcrt.org/citations/religioustheory/the-hollow-christians-of-end-times-fiction-part-1-paul-maltby.csl.json
the-hollow-christians-of-end-times-fiction-part-1-paul-maltby.ris,https://files.jcrt.org/citations/religioustheory/the-hollow-christians-of-end-times-fiction-part-1-paul-maltby.ris
the-hollow-christians-of-end-times-fiction-part-2-paul-maltby.csl.json,https://files.jcrt.org/citations/religioustheory/the-hollow-christians-of-end-times-fiction-part-2-paul-maltby.csl.json
the-hollow-christians-of-end-times-fiction-part-2-paul-maltby.ris,https://files.jcrt.org/citations/religioustheory/the-hollow-christians-of-end-times-fiction-part-2-paul-maltby.ris
the-hollow-christians-of-end-times-fiction-part-3-paul-maltby.csl.json,https://files.jcrt.org/citations/religioustheory/the-hollow-christians-of-end-times-fiction-part-3-paul-maltby.csl.json
the-hollow-christians-of-end-times-fiction-part-3-paul-maltby.ris,https://files.jcrt.org/citations/religioustheory/the-hollow-christians-of-end-times-fiction-part-3-paul-maltby.ris
the-image-of-god-and-our-vocation-of-the-soil-mike-pope.csl.json,https://files.jcrt.org/citations/religioustheory/the-image-of-god-and-our-vocation-of-the-soil-mike-pope.csl.json
the-image-of-god-and-our-vocation-of-the-soil-mike-pope.ris,https://files.jcrt.org/citations/religioustheory/the-image-of-god-and-our-vocation-of-the-soil-mike-pope.ris
the-image-of-god-and-our-vocation-of-the-soil-part-2-mick-pope.csl.json,https://files.jcrt.org/citations/religioustheory/the-image-of-god-and-our-vocation-of-the-soil-part-2-mick-pope.csl.json
the-image-of-god-and-our-vocation-of-the-soil-part-2-mick-pope.ris,https://files.jcrt.org/citations/religioustheory/the-image-of-god-and-our-vocation-of-the-soil-part-2-mick-pope.ris
the-imagination-in-spinoza-the-moral-good-between-prophecy-and-the-amor-dei-intellectualis-part-1-caterina-de-gaetano.csl.json,https://files.jcrt.org/citations/religioustheory/the-imagination-in-spinoza-the-moral-good-between-prophecy-and-the-amor-dei-intellectualis-part-1-caterina-de-gaetano.csl.json
the-imagination-in-spinoza-the-moral-good-between-prophecy-and-the-amor-dei-intellectualis-part-1-caterina-de-gaetano.ris,https://files.jcrt.org/citations/religioustheory/the-imagination-in-spinoza-the-moral-good-between-prophecy-and-the-amor-dei-intellectualis-part-1-caterina-de-gaetano.ris
the-imagination-in-spinoza-the-moral-good-between-prophecy-and-the-amor-dei-intellectualis-part-2-caterina-de-gaetano.csl.json,https://files.jcrt.org/citations/religioustheory/the-imagination-in-spinoza-the-moral-good-between-prophecy-and-the-amor-dei-intellectualis-part-2-caterina-de-gaetano.csl.json
the-imagination-in-spinoza-the-moral-good-between-prophecy-and-the-amor-dei-intellectualis-part-2-caterina-de-gaetano.ris,https://files.jcrt.org/citations/religioustheory/the-imagination-in-spinoza-the-moral-good-between-prophecy-and-the-amor-dei-intellectualis-part-2-caterina-de-gaetano.ris
the-irreducible-jean-luc-marion.csl.json,https://files.jcrt.org/citations/religioustheory/the-irreducible-jean-luc-marion.csl.json
the-irreducible-jean-luc-marion.ris,https://files.jcrt.org/citations/religioustheory/the-irreducible-jean-luc-marion.ris
the-jcrt-now-has-a-blog.csl.json,https://files.jcrt.org/citations/religioustheory/the-jcrt-now-has-a-blog.csl.json
the-jcrt-now-has-a-blog.ris,https://files.jcrt.org/citations/religioustheory/the-jcrt-now-has-a-blog.ris
the-kingdom-the-power-the-glory-and-the-tawdry-media-and-the-undoing-of-the-demos-part-1-carl-raschke.csl.json,https://files.jcrt.org/citations/religioustheory/the-kingdom-the-power-the-glory-and-the-tawdry-media-and-the-undoing-of-the-demos-part-1-carl-raschke.csl.json
the-kingdom-the-power-the-glory-and-the-tawdry-media-and-the-undoing-of-the-demos-part-1-carl-raschke.ris,https://files.jcrt.org/citations/religioustheory/the-kingdom-the-power-the-glory-and-the-tawdry-media-and-the-undoing-of-the-demos-part-1-carl-raschke.ris
the-kingdom-the-power-the-glory-and-the-tawdry-media-and-the-undoing-of-the-demos-part-2-carl-raschke.csl.json,https://files.jcrt.org/citations/religioustheory/the-kingdom-the-power-the-glory-and-the-tawdry-media-and-the-undoing-of-the-demos-part-2-carl-raschke.csl.json
the-kingdom-the-power-the-glory-and-the-tawdry-media-and-the-undoing-of-the-demos-part-2-carl-raschke.ris,https://files.jcrt.org/citations/religioustheory/the-kingdom-the-power-the-glory-and-the-tawdry-media-and-the-undoing-of-the-demos-part-2-carl-raschke.ris
the-kingdom-the-power-the-glory-and-the-tawdry-media-and-the-undoing-of-the-demos-part-3-carl-raschke.csl.json,https://files.jcrt.org/citations/religioustheory/the-kingdom-the-power-the-glory-and-the-tawdry-media-and-the-undoing-of-the-demos-part-3-carl-raschke.csl.json
the-kingdom-the-power-the-glory-and-the-tawdry-media-and-the-undoing-of-the-demos-part-3-carl-raschke.ris,https://files.jcrt.org/citations/religioustheory/the-kingdom-the-power-the-glory-and-the-tawdry-media-and-the-undoing-of-the-demos-part-3-carl-raschke.ris
the-legacy-of-charles-h-long-resisting-and-short-circuiting-the-discourses-of-exclusion-in-the-theory-and-practice-of-administration-victor-e-taylor.csl.json,https://files.jcrt.org/citations/religioustheory/the-legacy-of-charles-h-long-resisting-and-short-circuiting-the-discourses-of-exclusion-in-the-theory-and-practice-of-administration-victor-e-taylor.csl.json
the-legacy-of-charles-h-long-resisting-and-short-circuiting-the-discourses-of-exclusion-in-the-theory-and-practice-of-administration-victor-e-taylor.ris,https://files.jcrt.org/citations/religioustheory/the-legacy-of-charles-h-long-resisting-and-short-circuiting-the-discourses-of-exclusion-in-the-theory-and-practice-of-administration-victor-e-taylor.ris
the-morning-after-with-a-nod-to-vince-lombardi.csl.json,https://files.jcrt.org/citations/religioustheory/the-morning-after-with-a-nod-to-vince-lombardi.csl.json
the-morning-after-with-a-nod-to-vince-lombardi.ris,https://files.jcrt.org/citations/religioustheory/the-morning-after-with-a-nod-to-vince-lombardi.ris
the-mythology-of-afterlife-beliefs-and-their-impact-on-religious-conflict-part-1-brigid-burke.csl.json,https://files.jcrt.org/citations/religioustheory/the-mythology-of-afterlife-beliefs-and-their-impact-on-religious-conflict-part-1-brigid-burke.csl.json
the-mythology-of-afterlife-beliefs-and-their-impact-on-religious-conflict-part-1-brigid-burke.ris,https://files.jcrt.org/citations/religioustheory/the-mythology-of-afterlife-beliefs-and-their-impact-on-religious-conflict-part-1-brigid-burke.ris
the-mythology-of-afterlife-beliefs-and-their-impact-on-religious-conflict-part-2-brigid-burke.csl.json,https://files.jcrt.org/citations/religioustheory/the-mythology-of-afterlife-beliefs-and-their-impact-on-religious-conflict-part-2-brigid-burke.csl.json
the-mythology-of-afterlife-beliefs-and-their-impact-on-religious-conflict-part-2-brigid-burke.ris,https://files.jcrt.org/citations/religioustheory/the-mythology-of-afterlife-beliefs-and-their-impact-on-religious-conflict-part-2-brigid-burke.ris
the-new-hegel-and-the-question-of-god-part-1-gavin-hyman.csl.json,https://files.jcrt.org/citations/religioustheory/the-new-hegel-and-the-question-of-god-part-1-gavin-hyman.csl.json
the-new-hegel-and-the-question-of-god-part-1-gavin-hyman.ris,https://files.jcrt.org/citations/religioustheory/the-new-hegel-and-the-question-of-god-part-1-gavin-hyman.ris
the-new-hegel-and-the-question-of-god-part-2-gavin-hyman.csl.json,https://files.jcrt.org/citations/religioustheory/the-new-hegel-and-the-question-of-god-part-2-gavin-hyman.csl.json
the-new-hegel-and-the-question-of-god-part-2-gavin-hyman.ris,https://files.jcrt.org/citations/religioustheory/the-new-hegel-and-the-question-of-god-part-2-gavin-hyman.ris
the-new-hegel-and-the-question-of-god-part-3-gavin-hyman.csl.json,https://files.jcrt.org/citations/religioustheory/the-new-hegel-and-the-question-of-god-part-3-gavin-hyman.csl.json
the-new-hegel-and-the-question-of-god-part-3-gavin-hyman.ris,https://files.jcrt.org/citations/religioustheory/the-new-hegel-and-the-question-of-god-part-3-gavin-hyman.ris
the-one-is-not-on-the-fate-of-unity-in-post-metaphysical-philosophy-jussi-backman.csl.json,https://files.jcrt.org/citations/religioustheory/the-one-is-not-on-the-fate-of-unity-in-post-metaphysical-philosophy-jussi-backman.csl.json
the-one-is-not-on-the-fate-of-unity-in-post-metaphysical-philosophy-jussi-backman.ris,https://files.jcrt.org/citations/religioustheory/the-one-is-not-on-the-fate-of-unity-in-post-metaphysical-philosophy-jussi-backman.ris
the-place-of-das-ding-psychoanalysis-phenomenology-religion-part-1-john-panteleimon-manoussakis.csl.json,https://files.jcrt.org/citations/religioustheory/the-place-of-das-ding-psychoanalysis-phenomenology-religion-part-1-john-panteleimon-manoussakis.csl.json
the-place-of-das-ding-psychoanalysis-phenomenology-religion-part-1-john-panteleimon-manoussakis.ris,https://files.jcrt.org/citations/religioustheory/the-place-of-das-ding-psychoanalysis-phenomenology-religion-part-1-john-panteleimon-manoussakis.ris
the-place-of-das-ding-psychoanalysis-phenomenology-religion-part-2-john-panteleimon-manoussakis.csl.json,https://files.jcrt.org/citations/religioustheory/the-place-of-das-ding-psychoanalysis-phenomenology-religion-part-2-john-panteleimon-manoussakis.csl.json
the-place-of-das-ding-psychoanalysis-phenomenology-religion-part-2-john-panteleimon-manoussakis.ris,https://files.jcrt.org/citations/religioustheory/the-place-of-das-ding-psychoanalysis-phenomenology-religion-part-2-john-panteleimon-manoussakis.ris
the-re-enchantment-of-bodies-the-transformative-power-of-charismatic-healings-part-1-anna-magnasco.csl.json,https://files.jcrt.org/citations/religioustheory/the-re-enchantment-of-bodies-the-transformative-power-of-charismatic-healings-part-1-anna-magnasco.csl.json
the-re-enchantment-of-bodies-the-transformative-power-of-charismatic-healings-part-1-anna-magnasco.ris,https://files.jcrt.org/citations/religioustheory/the-re-enchantment-of-bodies-the-transformative-power-of-charismatic-healings-part-1-anna-magnasco.ris
the-re-enchantment-of-bodies-the-transformative-power-of-charismatic-healings-part-2-anna-magnasco.csl.json,https://files.jcrt.org/citations/religioustheory/the-re-enchantment-of-bodies-the-transformative-power-of-charismatic-healings-part-2-anna-magnasco.csl.json
the-re-enchantment-of-bodies-the-transformative-power-of-charismatic-healings-part-2-anna-magnasco.ris,https://files.jcrt.org/citations/religioustheory/the-re-enchantment-of-bodies-the-transformative-power-of-charismatic-healings-part-2-anna-magnasco.ris
the-religious-roots-of-environmental-justice-an-online-conference.csl.json,https://files.jcrt.org/citations/religioustheory/the-religious-roots-of-environmental-justice-an-online-conference.csl.json
the-religious-roots-of-environmental-justice-an-online-conference.ris,https://files.jcrt.org/citations/religioustheory/the-religious-roots-of-environmental-justice-an-online-conference.ris
the-religious-roots-of-environmental-justice-call-for-papers-or-presentations-conference.csl.json,https://files.jcrt.org/citations/religioustheory/the-religious-roots-of-environmental-justice-call-for-papers-or-presentations-conference.csl.json
the-religious-roots-of-environmental-justice-call-for-papers-or-presentations-conference.ris,https://files.jcrt.org/citations/religioustheory/the-religious-roots-of-environmental-justice-call-for-papers-or-presentations-conference.ris
the-religious-significance-of-miracles-why-humes-critique-is-superfluous-part-2-alberto-urquidez.csl.json,https://files.jcrt.org/citations/religioustheory/the-religious-significance-of-miracles-why-humes-critique-is-superfluous-part-2-alberto-urquidez.csl.json
the-religious-significance-of-miracles-why-humes-critique-is-superfluous-part-2-alberto-urquidez.ris,https://files.jcrt.org/citations/religioustheory/the-religious-significance-of-miracles-why-humes-critique-is-superfluous-part-2-alberto-urquidez.ris
the-religious-significance-of-miracles-why-humes-critique-is-superfluous-part-3-alberto-urquidez.csl.json,https://files.jcrt.org/citations/religioustheory/the-religious-significance-of-miracles-why-humes-critique-is-superfluous-part-3-alberto-urquidez.csl.json
the-religious-significance-of-miracles-why-humes-critique-is-superfluous-part-3-alberto-urquidez.ris,https://files.jcrt.org/citations/religioustheory/the-religious-significance-of-miracles-why-humes-critique-is-superfluous-part-3-alberto-urquidez.ris
the-religious-significance-of-miracles-why-humes-critique-is-superfluous.csl.json,https://files.jcrt.org/citations/religioustheory/the-religious-significance-of-miracles-why-humes-critique-is-superfluous.csl.json
the-religious-significance-of-miracles-why-humes-critique-is-superfluous.ris,https://files.jcrt.org/citations/religioustheory/the-religious-significance-of-miracles-why-humes-critique-is-superfluous.ris
the-reluctant-fundamentalist-and-the-inhospitable-state-abrahamic-hospitality-and-the-limits-of-multiculturalism-emily-mcavan.csl.json,https://files.jcrt.org/citations/religioustheory/the-reluctant-fundamentalist-and-the-inhospitable-state-abrahamic-hospitality-and-the-limits-of-multiculturalism-emily-mcavan.csl.json
the-reluctant-fundamentalist-and-the-inhospitable-state-abrahamic-hospitality-and-the-limits-of-multiculturalism-emily-mcavan.ris,https://files.jcrt.org/citations/religioustheory/the-reluctant-fundamentalist-and-the-inhospitable-state-abrahamic-hospitality-and-the-limits-of-multiculturalism-emily-mcavan.ris
the-reluctant-fundamentalist-and-the-inhospitable-state-abrahamic-hospitality-and-the-limits-of-multiculturalism-part-2-emily-mcavan.csl.json,https://files.jcrt.org/citations/religioustheory/the-reluctant-fundamentalist-and-the-inhospitable-state-abrahamic-hospitality-and-the-limits-of-multiculturalism-part-2-emily-mcavan.csl.json
the-reluctant-fundamentalist-and-the-inhospitable-state-abrahamic-hospitality-and-the-limits-of-multiculturalism-part-2-emily-mcavan.ris,https://files.jcrt.org/citations/religioustheory/the-reluctant-fundamentalist-and-the-inhospitable-state-abrahamic-hospitality-and-the-limits-of-multiculturalism-part-2-emily-mcavan.ris
the-sacred-as-bordering-practice-part-1-anna-maria-edlinger.csl.json,https://files.jcrt.org/citations/religioustheory/the-sacred-as-bordering-practice-part-1-anna-maria-edlinger.csl.json
the-sacred-as-bordering-practice-part-1-anna-maria-edlinger.ris,https://files.jcrt.org/citations/religioustheory/the-sacred-as-bordering-practice-part-1-anna-maria-edlinger.ris
the-sacred-as-bordering-practice-part-2-anna-maria-edlinger.csl.json,https://files.jcrt.org/citations/religioustheory/the-sacred-as-bordering-practice-part-2-anna-maria-edlinger.csl.json
the-sacred-as-bordering-practice-part-2-anna-maria-edlinger.ris,https://files.jcrt.org/citations/religioustheory/the-sacred-as-bordering-practice-part-2-anna-maria-edlinger.ris
the-secularizing-ethos-and-the-end-of-biblical-authority-how-todays-evangelicals-abandoned-evangelicalism.csl.json,https://files.jcrt.org/citations/religioustheory/the-secularizing-ethos-and-the-end-of-biblical-authority-how-todays-evangelicals-abandoned-evangelicalism.csl.json
the-secularizing-ethos-and-the-end-of-biblical-authority-how-todays-evangelicals-abandoned-evangelicalism.ris,https://files.jcrt.org/citations/religioustheory/the-secularizing-ethos-and-the-end-of-biblical-authority-how-todays-evangelicals-abandoned-evangelicalism.ris
the-semiotics-of-the-unconscious-in-gilles-deleuze-and-roland-barthes-part-2-roger-green.csl.json,https://files.jcrt.org/citations/religioustheory/the-semiotics-of-the-unconscious-in-gilles-deleuze-and-roland-barthes-part-2-roger-green.csl.json
the-semiotics-of-the-unconscious-in-gilles-deleuze-and-roland-barthes-part-2-roger-green.ris,https://files.jcrt.org/citations/religioustheory/the-semiotics-of-the-unconscious-in-gilles-deleuze-and-roland-barthes-part-2-roger-green.ris
the-semiotics-of-the-unconscious-in-gilles-deleuze-and-roland-barthes-roger-green.csl.json,https://files.jcrt.org/citations/religioustheory/the-semiotics-of-the-unconscious-in-gilles-deleuze-and-roland-barthes-roger-green.csl.json
the-semiotics-of-the-unconscious-in-gilles-deleuze-and-roland-barthes-roger-green.ris,https://files.jcrt.org/citations/religioustheory/the-semiotics-of-the-unconscious-in-gilles-deleuze-and-roland-barthes-roger-green.ris
the-ultimate-and-the-penultimate-bonhoeffers-twofold-contextualism-in-adjudicating-competing-ethical-claims-part-1-w-travis-mcmaken.csl.json,https://files.jcrt.org/citations/religioustheory/the-ultimate-and-the-penultimate-bonhoeffers-twofold-contextualism-in-adjudicating-competing-ethical-claims-part-1-w-travis-mcmaken.csl.json
the-ultimate-and-the-penultimate-bonhoeffers-twofold-contextualism-in-adjudicating-competing-ethical-claims-part-1-w-travis-mcmaken.ris,https://files.jcrt.org/citations/religioustheory/the-ultimate-and-the-penultimate-bonhoeffers-twofold-contextualism-in-adjudicating-competing-ethical-claims-part-1-w-travis-mcmaken.ris
the-ultimate-and-the-penultimate-bonhoeffers-twofold-contextualism-in-adjudicating-competing-ethical-claims-part-2-w-travis-mcmaken.csl.json,https://files.jcrt.org/citations/religioustheory/the-ultimate-and-the-penultimate-bonhoeffers-twofold-contextualism-in-adjudicating-competing-ethical-claims-part-2-w-travis-mcmaken.csl.json
the-ultimate-and-the-penultimate-bonhoeffers-twofold-contextualism-in-adjudicating-competing-ethical-claims-part-2-w-travis-mcmaken.ris,https://files.jcrt.org/citations/religioustheory/the-ultimate-and-the-penultimate-bonhoeffers-twofold-contextualism-in-adjudicating-competing-ethical-claims-part-2-w-travis-mcmaken.ris
the-unbroken-middle-overcoming-the-empty-sacrifices-of-modernity-with-gillian-rose-and-paul-michael-c-raubach.csl.json,https://files.jcrt.org/citations/religioustheory/the-unbroken-middle-overcoming-the-empty-sacrifices-of-modernity-with-gillian-rose-and-paul-michael-c-raubach.csl.json
the-unbroken-middle-overcoming-the-empty-sacrifices-of-modernity-with-gillian-rose-and-paul-michael-c-raubach.ris,https://files.jcrt.org/citations/religioustheory/the-unbroken-middle-overcoming-the-empty-sacrifices-of-modernity-with-gillian-rose-and-paul-michael-c-raubach.ris
the-unbroken-middle-overcoming-the-empty-sacrifices-of-modernity-with-gillian-rose-and-paul-part-2-michael-c-raubach.csl.json,https://files.jcrt.org/citations/religioustheory/the-unbroken-middle-overcoming-the-empty-sacrifices-of-modernity-with-gillian-rose-and-paul-part-2-michael-c-raubach.csl.json
the-unbroken-middle-overcoming-the-empty-sacrifices-of-modernity-with-gillian-rose-and-paul-part-2-michael-c-raubach.ris,https://files.jcrt.org/citations/religioustheory/the-unbroken-middle-overcoming-the-empty-sacrifices-of-modernity-with-gillian-rose-and-paul-part-2-michael-c-raubach.ris
the-vertical-form-iconological-dimension-in-20th-century-russian-religious-aesthetics-and-literary-criticism-part-i-oleg-komkov.csl.json,https://files.jcrt.org/citations/religioustheory/the-vertical-form-iconological-dimension-in-20th-century-russian-religious-aesthetics-and-literary-criticism-part-i-oleg-komkov.csl.json
the-vertical-form-iconological-dimension-in-20th-century-russian-religious-aesthetics-and-literary-criticism-part-i-oleg-komkov.ris,https://files.jcrt.org/citations/religioustheory/the-vertical-form-iconological-dimension-in-20th-century-russian-religious-aesthetics-and-literary-criticism-part-i-oleg-komkov.ris
the-vertical-form-iconological-dimension-in-20th-century-russian-religious-aesthetics-and-literary-criticism-part-ii-oleg-komkov.csl.json,https://files.jcrt.org/citations/religioustheory/the-vertical-form-iconological-dimension-in-20th-century-russian-religious-aesthetics-and-literary-criticism-part-ii-oleg-komkov.csl.json
the-vertical-form-iconological-dimension-in-20th-century-russian-religious-aesthetics-and-literary-criticism-part-ii-oleg-komkov.ris,https://files.jcrt.org/citations/religioustheory/the-vertical-form-iconological-dimension-in-20th-century-russian-religious-aesthetics-and-literary-criticism-part-ii-oleg-komkov.ris
theodicy-of-money-the-scene-and-subject-of-forgiveness.csl.json,https://files.jcrt.org/citations/religioustheory/theodicy-of-money-the-scene-and-subject-of-forgiveness.csl.json
theodicy-of-money-the-scene-and-subject-of-forgiveness.ris,https://files.jcrt.org/citations/religioustheory/theodicy-of-money-the-scene-and-subject-of-forgiveness.ris
thinking-about-god-in-a-pluralistic-world-the-challenge-of-modern-theology-lecture-1-johannes-zuchaber.csl.json,https://files.jcrt.org/citations/religioustheory/thinking-about-god-in-a-pluralistic-world-the-challenge-of-modern-theology-lecture-1-johannes-zuchaber.csl.json
thinking-about-god-in-a-pluralistic-world-the-challenge-of-modern-theology-lecture-1-johannes-zuchaber.ris,https://files.jcrt.org/citations/religioustheory/thinking-about-god-in-a-pluralistic-world-the-challenge-of-modern-theology-lecture-1-johannes-zuchaber.ris
thomas-aquinass-body-soul-dualism-and-the-hierarchy-of-human-dignity-in-brazil-theological-origins-of-a-nations-hierarchical-self-understanding-part-1-vinicius-marinho.csl.json,https://files.jcrt.org/citations/religioustheory/thomas-aquinass-body-soul-dualism-and-the-hierarchy-of-human-dignity-in-brazil-theological-origins-of-a-nations-hierarchical-self-understanding-part-1-vinicius-marinho.csl.json
thomas-aquinass-body-soul-dualism-and-the-hierarchy-of-human-dignity-in-brazil-theological-origins-of-a-nations-hierarchical-self-understanding-part-1-vinicius-marinho.ris,https://files.jcrt.org/citations/religioustheory/thomas-aquinass-body-soul-dualism-and-the-hierarchy-of-human-dignity-in-brazil-theological-origins-of-a-nations-hierarchical-self-understanding-part-1-vinicius-marinho.ris
thomas-aquinass-body-soul-dualism-and-the-hierarchy-of-human-dignity-in-brazil-theological-origins-of-a-nations-self-understanding-part-2-vinicius-marinho.csl.json,https://files.jcrt.org/citations/religioustheory/thomas-aquinass-body-soul-dualism-and-the-hierarchy-of-human-dignity-in-brazil-theological-origins-of-a-nations-self-understanding-part-2-vinicius-marinho.csl.json
thomas-aquinass-body-soul-dualism-and-the-hierarchy-of-human-dignity-in-brazil-theological-origins-of-a-nations-self-understanding-part-2-vinicius-marinho.ris,https://files.jcrt.org/citations/religioustheory/thomas-aquinass-body-soul-dualism-and-the-hierarchy-of-human-dignity-in-brazil-theological-origins-of-a-nations-self-understanding-part-2-vinicius-marinho.ris
thomas-aquinass-body-soul-dualism-and-the-hierarchy-of-human-dignity-in-brazil-theological-origins-of-a-nations-self-understanding-part-3-vinicius-marinho.csl.json,https://files.jcrt.org/citations/religioustheory/thomas-aquinass-body-soul-dualism-and-the-hierarchy-of-human-dignity-in-brazil-theological-origins-of-a-nations-self-understanding-part-3-vinicius-marinho.csl.json
thomas-aquinass-body-soul-dualism-and-the-hierarchy-of-human-dignity-in-brazil-theological-origins-of-a-nations-self-understanding-part-3-vinicius-marinho.ris,https://files.jcrt.org/citations/religioustheory/thomas-aquinass-body-soul-dualism-and-the-hierarchy-of-human-dignity-in-brazil-theological-origins-of-a-nations-self-understanding-part-3-vinicius-marinho.ris
time-emptied-and-time-renewed-the-dominion-of-capital-and-a-theo-politics-of-contretemps-part-1-daniel-rhodes.csl.json,https://files.jcrt.org/citations/religioustheory/time-emptied-and-time-renewed-the-dominion-of-capital-and-a-theo-politics-of-contretemps-part-1-daniel-rhodes.csl.json
time-emptied-and-time-renewed-the-dominion-of-capital-and-a-theo-politics-of-contretemps-part-1-daniel-rhodes.ris,https://files.jcrt.org/citations/religioustheory/time-emptied-and-time-renewed-the-dominion-of-capital-and-a-theo-politics-of-contretemps-part-1-daniel-rhodes.ris
time-emptied-and-time-renewed-the-dominion-of-capital-and-a-theo-politics-of-contretemps-part-2-daniel-rhodes.csl.json,https://files.jcrt.org/citations/religioustheory/time-emptied-and-time-renewed-the-dominion-of-capital-and-a-theo-politics-of-contretemps-part-2-daniel-rhodes.csl.json
time-emptied-and-time-renewed-the-dominion-of-capital-and-a-theo-politics-of-contretemps-part-2-daniel-rhodes.ris,https://files.jcrt.org/citations/religioustheory/time-emptied-and-time-renewed-the-dominion-of-capital-and-a-theo-politics-of-contretemps-part-2-daniel-rhodes.ris
time-emptied-and-time-renewed-the-dominion-of-capital-and-a-theo-politics-of-contretemps-part-3-daniel-rhodes.csl.json,https://files.jcrt.org/citations/religioustheory/time-emptied-and-time-renewed-the-dominion-of-capital-and-a-theo-politics-of-contretemps-part-3-daniel-rhodes.csl.json
time-emptied-and-time-renewed-the-dominion-of-capital-and-a-theo-politics-of-contretemps-part-3-daniel-rhodes.ris,https://files.jcrt.org/citations/religioustheory/time-emptied-and-time-renewed-the-dominion-of-capital-and-a-theo-politics-of-contretemps-part-3-daniel-rhodes.ris
to-not-lose-sight-of-the-good-notes-on-the-zapatismo-ethic-part-1-matt-rosen.csl.json,https://files.jcrt.org/citations/religioustheory/to-not-lose-sight-of-the-good-notes-on-the-zapatismo-ethic-part-1-matt-rosen.csl.json
to-not-lose-sight-of-the-good-notes-on-the-zapatismo-ethic-part-1-matt-rosen.ris,https://files.jcrt.org/citations/religioustheory/to-not-lose-sight-of-the-good-notes-on-the-zapatismo-ethic-part-1-matt-rosen.ris
to-not-lose-sight-of-the-good-notes-on-the-zapatismo-ethic-part-2-matt-rosen.csl.json,https://files.jcrt.org/citations/religioustheory/to-not-lose-sight-of-the-good-notes-on-the-zapatismo-ethic-part-2-matt-rosen.csl.json
to-not-lose-sight-of-the-good-notes-on-the-zapatismo-ethic-part-2-matt-rosen.ris,https://files.jcrt.org/citations/religioustheory/to-not-lose-sight-of-the-good-notes-on-the-zapatismo-ethic-part-2-matt-rosen.ris
towards-a-new-comparative-methodology-in-religious-studies-kara-roberts.csl.json,https://files.jcrt.org/citations/religioustheory/towards-a-new-comparative-methodology-in-religious-studies-kara-roberts.csl.json
towards-a-new-comparative-methodology-in-religious-studies-kara-roberts.ris,https://files.jcrt.org/citations/religioustheory/towards-a-new-comparative-methodology-in-religious-studies-kara-roberts.ris
transmodern-sufism-or-stepping-with-levinas-on-the-footprints-of-a-speculative-sufism-not-re-framed-by-20th-century-orientalists-part-1-philipp-valentini.csl.json,https://files.jcrt.org/citations/religioustheory/transmodern-sufism-or-stepping-with-levinas-on-the-footprints-of-a-speculative-sufism-not-re-framed-by-20th-century-orientalists-part-1-philipp-valentini.csl.json
transmodern-sufism-or-stepping-with-levinas-on-the-footprints-of-a-speculative-sufism-not-re-framed-by-20th-century-orientalists-part-1-philipp-valentini.ris,https://files.jcrt.org/citations/religioustheory/transmodern-sufism-or-stepping-with-levinas-on-the-footprints-of-a-speculative-sufism-not-re-framed-by-20th-century-orientalists-part-1-philipp-valentini.ris
transmodern-sufism-or-stepping-with-levinas-on-the-footprints-of-a-speculative-sufism-not-re-framed-by-20th-century-orientalists-part-2-philipp-valentini.csl.json,https://files.jcrt.org/citations/religioustheory/transmodern-sufism-or-stepping-with-levinas-on-the-footprints-of-a-speculative-sufism-not-re-framed-by-20th-century-orientalists-part-2-philipp-valentini.csl.json
transmodern-sufism-or-stepping-with-levinas-on-the-footprints-of-a-speculative-sufism-not-re-framed-by-20th-century-orientalists-part-2-philipp-valentini.ris,https://files.jcrt.org/citations/religioustheory/transmodern-sufism-or-stepping-with-levinas-on-the-footprints-of-a-speculative-sufism-not-re-framed-by-20th-century-orientalists-part-2-philipp-valentini.ris
trauma-in-emmanuel-levinas-writing-body-part-1-magdalena-sedmak.csl.json,https://files.jcrt.org/citations/religioustheory/trauma-in-emmanuel-levinas-writing-body-part-1-magdalena-sedmak.csl.json
trauma-in-emmanuel-levinas-writing-body-part-1-magdalena-sedmak.ris,https://files.jcrt.org/citations/religioustheory/trauma-in-emmanuel-levinas-writing-body-part-1-magdalena-sedmak.ris
trauma-in-emmanuel-levinas-writing-body-part-2-magdalena-sedmak.csl.json,https://files.jcrt.org/citations/religioustheory/trauma-in-emmanuel-levinas-writing-body-part-2-magdalena-sedmak.csl.json
trauma-in-emmanuel-levinas-writing-body-part-2-magdalena-sedmak.ris,https://files.jcrt.org/citations/religioustheory/trauma-in-emmanuel-levinas-writing-body-part-2-magdalena-sedmak.ris
traversing-religious-and-aesthetic-states-in-w-h-audens-for-the-time-being-part-1-raji-singh-soni.csl.json,https://files.jcrt.org/citations/religioustheory/traversing-religious-and-aesthetic-states-in-w-h-audens-for-the-time-being-part-1-raji-singh-soni.csl.json
traversing-religious-and-aesthetic-states-in-w-h-audens-for-the-time-being-part-1-raji-singh-soni.ris,https://files.jcrt.org/citations/religioustheory/traversing-religious-and-aesthetic-states-in-w-h-audens-for-the-time-being-part-1-raji-singh-soni.ris
traversing-w-h-audens-religious-and-aesthetic-states-part-2-raji-singh-soni.csl.json,https://files.jcrt.org/citations/religioustheory/traversing-w-h-audens-religious-and-aesthetic-states-part-2-raji-singh-soni.csl.json
traversing-w-h-audens-religious-and-aesthetic-states-part-2-raji-singh-soni.ris,https://files.jcrt.org/citations/religioustheory/traversing-w-h-audens-religious-and-aesthetic-states-part-2-raji-singh-soni.ris
traversing-w-h-audens-religious-and-aesthetic-states-part-3-raji-singh-soni.csl.json,https://files.jcrt.org/citations/religioustheory/traversing-w-h-audens-religious-and-aesthetic-states-part-3-raji-singh-soni.csl.json
traversing-w-h-audens-religious-and-aesthetic-states-part-3-raji-singh-soni.ris,https://files.jcrt.org/citations/religioustheory/traversing-w-h-audens-religious-and-aesthetic-states-part-3-raji-singh-soni.ris
truth-and-irony-beyond-binary-patterns-in-theological-reasoning-part-1-florian-klug.csl.json,https://files.jcrt.org/citations/religioustheory/truth-and-irony-beyond-binary-patterns-in-theological-reasoning-part-1-florian-klug.csl.json
truth-and-irony-beyond-binary-patterns-in-theological-reasoning-part-1-florian-klug.ris,https://files.jcrt.org/citations/religioustheory/truth-and-irony-beyond-binary-patterns-in-theological-reasoning-part-1-florian-klug.ris
truth-and-irony-beyond-binary-patterns-in-theological-reasoning-part-2-florian-klug.csl.json,https://files.jcrt.org/citations/religioustheory/truth-and-irony-beyond-binary-patterns-in-theological-reasoning-part-2-florian-klug.csl.json
truth-and-irony-beyond-binary-patterns-in-theological-reasoning-part-2-florian-klug.ris,https://files.jcrt.org/citations/religioustheory/truth-and-irony-beyond-binary-patterns-in-theological-reasoning-part-2-florian-klug.ris
truth-and-irony-beyond-binary-patterns-in-theological-reasoning-part-3-florian-klug.csl.json,https://files.jcrt.org/citations/religioustheory/truth-and-irony-beyond-binary-patterns-in-theological-reasoning-part-3-florian-klug.csl.json
truth-and-irony-beyond-binary-patterns-in-theological-reasoning-part-3-florian-klug.ris,https://files.jcrt.org/citations/religioustheory/truth-and-irony-beyond-binary-patterns-in-theological-reasoning-part-3-florian-klug.ris
tsimtsum-in-life-of-pi-part-1-daniel-reiser.csl.json,https://files.jcrt.org/citations/religioustheory/tsimtsum-in-life-of-pi-part-1-daniel-reiser.csl.json
tsimtsum-in-life-of-pi-part-1-daniel-reiser.ris,https://files.jcrt.org/citations/religioustheory/tsimtsum-in-life-of-pi-part-1-daniel-reiser.ris
tsimtsum-in-life-of-pi-part-2-daniel-reiser.csl.json,https://files.jcrt.org/citations/religioustheory/tsimtsum-in-life-of-pi-part-2-daniel-reiser.csl.json
tsimtsum-in-life-of-pi-part-2-daniel-reiser.ris,https://files.jcrt.org/citations/religioustheory/tsimtsum-in-life-of-pi-part-2-daniel-reiser.ris
tsimtsum-in-life-of-pi-part-3-daniel-reiser.csl.json,https://files.jcrt.org/citations/religioustheory/tsimtsum-in-life-of-pi-part-3-daniel-reiser.csl.json
tsimtsum-in-life-of-pi-part-3-daniel-reiser.ris,https://files.jcrt.org/citations/religioustheory/tsimtsum-in-life-of-pi-part-3-daniel-reiser.ris
tsimtsum-in-life-of-pi-part-4-daniel-reiser.csl.json,https://files.jcrt.org/citations/religioustheory/tsimtsum-in-life-of-pi-part-4-daniel-reiser.csl.json
tsimtsum-in-life-of-pi-part-4-daniel-reiser.ris,https://files.jcrt.org/citations/religioustheory/tsimtsum-in-life-of-pi-part-4-daniel-reiser.ris
untimely-meditations-on-techno-theology-and-theo-poetics-part-1-john-panteleimon-manoussakis.csl.json,https://files.jcrt.org/citations/religioustheory/untimely-meditations-on-techno-theology-and-theo-poetics-part-1-john-panteleimon-manoussakis.csl.json
untimely-meditations-on-techno-theology-and-theo-poetics-part-1-john-panteleimon-manoussakis.ris,https://files.jcrt.org/citations/religioustheory/untimely-meditations-on-techno-theology-and-theo-poetics-part-1-john-panteleimon-manoussakis.ris
untimely-meditations-on-techno-theology-and-theo-poetics-part-2-john-panteleimon-manoussakis.csl.json,https://files.jcrt.org/citations/religioustheory/untimely-meditations-on-techno-theology-and-theo-poetics-part-2-john-panteleimon-manoussakis.csl.json
untimely-meditations-on-techno-theology-and-theo-poetics-part-2-john-panteleimon-manoussakis.ris,https://files.jcrt.org/citations/religioustheory/untimely-meditations-on-techno-theology-and-theo-poetics-part-2-john-panteleimon-manoussakis.ris
upcoming-conferences-call-for-papers.csl.json,https://files.jcrt.org/citations/religioustheory/upcoming-conferences-call-for-papers.csl.json
upcoming-conferences-call-for-papers.ris,https://files.jcrt.org/citations/religioustheory/upcoming-conferences-call-for-papers.ris
what-black-disabled-bodies-can-teach-us-about-environmental-justice-robert-monson.csl.json,https://files.jcrt.org/citations/religioustheory/what-black-disabled-bodies-can-teach-us-about-environmental-justice-robert-monson.csl.json
what-black-disabled-bodies-can-teach-us-about-environmental-justice-robert-monson.ris,https://files.jcrt.org/citations/religioustheory/what-black-disabled-bodies-can-teach-us-about-environmental-justice-robert-monson.ris
what-do-we-mean-by-decoloniality-a-conversation.csl.json,https://files.jcrt.org/citations/religioustheory/what-do-we-mean-by-decoloniality-a-conversation.csl.json
what-do-we-mean-by-decoloniality-a-conversation.ris,https://files.jcrt.org/citations/religioustheory/what-do-we-mean-by-decoloniality-a-conversation.ris
what-do-we-mean-by-decoloniality-a-discussion-part-2.csl.json,https://files.jcrt.org/citations/religioustheory/what-do-we-mean-by-decoloniality-a-discussion-part-2.csl.json
what-do-we-mean-by-decoloniality-a-discussion-part-2.ris,https://files.jcrt.org/citations/religioustheory/what-do-we-mean-by-decoloniality-a-discussion-part-2.ris
what-egypt-really-means-for-the-theory-of-religion.csl.json,https://files.jcrt.org/citations/religioustheory/what-egypt-really-means-for-the-theory-of-religion.csl.json
what-egypt-really-means-for-the-theory-of-religion.ris,https://files.jcrt.org/citations/religioustheory/what-egypt-really-means-for-the-theory-of-religion.ris
what-exactly-is-postmodernism-and-how-did-it-change-the-landscape-of-religious-studies-part-1-carl-raschke.csl.json,https://files.jcrt.org/citations/religioustheory/what-exactly-is-postmodernism-and-how-did-it-change-the-landscape-of-religious-studies-part-1-carl-raschke.csl.json
what-exactly-is-postmodernism-and-how-did-it-change-the-landscape-of-religious-studies-part-1-carl-raschke.ris,https://files.jcrt.org/citations/religioustheory/what-exactly-is-postmodernism-and-how-did-it-change-the-landscape-of-religious-studies-part-1-carl-raschke.ris
what-exactly-is-postmodernism-and-how-did-it-change-the-landscape-of-religious-studies-part-2-carl-raschke.csl.json,https://files.jcrt.org/citations/religioustheory/what-exactly-is-postmodernism-and-how-did-it-change-the-landscape-of-religious-studies-part-2-carl-raschke.csl.json
what-exactly-is-postmodernism-and-how-did-it-change-the-landscape-of-religious-studies-part-2-carl-raschke.ris,https://files.jcrt.org/citations/religioustheory/what-exactly-is-postmodernism-and-how-did-it-change-the-landscape-of-religious-studies-part-2-carl-raschke.ris
what-is-a-dispositif-part-1.csl.json,https://files.jcrt.org/citations/religioustheory/what-is-a-dispositif-part-1.csl.json
what-is-a-dispositif-part-1.ris,https://files.jcrt.org/citations/religioustheory/what-is-a-dispositif-part-1.ris
what-is-a-dispositif-part-2.csl.json,https://files.jcrt.org/citations/religioustheory/what-is-a-dispositif-part-2.csl.json
what-is-a-dispositif-part-2.ris,https://files.jcrt.org/citations/religioustheory/what-is-a-dispositif-part-2.ris
zombie-aesthetics-part-1-vituperation.csl.json,https://files.jcrt.org/citations/religioustheory/zombie-aesthetics-part-1-vituperation.csl.json
zombie-aesthetics-part-1-vituperation.ris,https://files.jcrt.org/citations/religioustheory/zombie-aesthetics-part-1-vituperation.ris
Abstracts.pdf,https://files.jcrt.org/docs/Abstracts.pdf
Akhtar.pdf,https://files.jcrt.org/docs/Akhtar.pdf
Barbour.pdf,https://files.jcrt.org/docs/Barbour.pdf
Bios.pdf,https://files.jcrt.org/docs/Bios.pdf
Burn_In_USA_Exhibitions.pdf,https://files.jcrt.org/docs/Burn_In_USA_Exhibitions.pdf
CFP- Civic_Humanities.pdf,https://files.jcrt.org/docs/CFP-%20Civic_Humanities.pdf
CFP-American_Music.pdf,https://files.jcrt.org/docs/CFP-American_Music.pdf
CFP_GP.pdf,https://files.jcrt.org/docs/CFP_GP.pdf
Durante.pdf,https://files.jcrt.org/docs/Durante.pdf
Grane.pdf,https://files.jcrt.org/docs/Grane.pdf
HC-Biblio.pdf,https://files.jcrt.org/docs/HC-Biblio.pdf
Hujing.pdf,https://files.jcrt.org/docs/Hujing.pdf
Jarnot.pdf,https://files.jcrt.org/docs/Jarnot.pdf
Johnson.pdf,https://files.jcrt.org/docs/Johnson.pdf
Jorgenson.pdf,https://files.jcrt.org/docs/Jorgenson.pdf
Kaur.pdf,https://files.jcrt.org/docs/Kaur.pdf
Massaro.pdf,https://files.jcrt.org/docs/Massaro.pdf
Mather.pdf,https://files.jcrt.org/docs/Mather.pdf
McKanan.pdf,https://files.jcrt.org/docs/McKanan.pdf
Medvedeva.pdf,https://files.jcrt.org/docs/Medvedeva.pdf
Pope.pdf,https://files.jcrt.org/docs/Pope.pdf
Prewitt-Davis.pdf,https://files.jcrt.org/docs/Prewitt-Davis.pdf
Reading_List.pdf,https://files.jcrt.org/docs/Reading_List.pdf
References.pdf,https://files.jcrt.org/docs/References.pdf
WC052120.pdf,https://files.jcrt.org/docs/WC052120.pdf
book-review-guidelines.pdf,https://files.jcrt.org/docs/book-review-guidelines.pdf
SP1_2017.pdf,https://files.jcrt.org/docs/ptt/SP1_2017.pdf
WC052120.pdf,https://files.jcrt.org/docs/ptt/WC052120.pdf
submission-guidelines-jcrt-stylesheet.pdf,https://files.jcrt.org/docs/submission-guidelines-jcrt-stylesheet.pdf
7f14b0c7c5239a03f1a7276099348434.webp,https://files.jcrt.org/images/2016/01/7f14b0c7c5239a03f1a7276099348434.webp
adam.webp,https://files.jcrt.org/images/2016/01/adam.webp
book-review-cartoon.webp,https://files.jcrt.org/images/2016/01/book-review-cartoon.webp
cropped-cropped-cropped-img-2603.webp,https://files.jcrt.org/images/2016/01/cropped-cropped-cropped-img-2603.webp
cropped-cropped-img-2603-1.webp,https://files.jcrt.org/images/2016/01/cropped-cropped-img-2603-1.webp
cropped-cropped-img-2603-2.webp,https://files.jcrt.org/images/2016/01/cropped-cropped-img-2603-2.webp
cropped-cropped-img-2603.webp,https://files.jcrt.org/images/2016/01/cropped-cropped-img-2603.webp
cropped-img-2603-1.webp,https://files.jcrt.org/images/2016/01/cropped-img-2603-1.webp
cropped-img-2603-2.webp,https://files.jcrt.org/images/2016/01/cropped-img-2603-2.webp
cropped-img-2603-3.webp,https://files.jcrt.org/images/2016/01/cropped-img-2603-3.webp
cropped-img-2603.webp,https://files.jcrt.org/images/2016/01/cropped-img-2603.webp
faust-illustration.webp,https://files.jcrt.org/images/2016/01/faust-illustration.webp
img-2603.webp,https://files.jcrt.org/images/2016/01/img-2603.webp
img-5092-med-hr.webp,https://files.jcrt.org/images/2016/01/img-5092-med-hr.webp
951986-stock-photo-music-notes-on-old-paper-sheet-to-use-for-the-background-1.webp,https://files.jcrt.org/images/2016/02/951986-stock-photo-music-notes-on-old-paper-sheet-to-use-for-the-background-1.webp
951986-stock-photo-music-notes-on-old-paper-sheet-to-use-for-the-background-2.webp,https://files.jcrt.org/images/2016/02/951986-stock-photo-music-notes-on-old-paper-sheet-to-use-for-the-background-2.webp
951986-stock-photo-music-notes-on-old-paper-sheet-to-use-for-the-background.webp,https://files.jcrt.org/images/2016/02/951986-stock-photo-music-notes-on-old-paper-sheet-to-use-for-the-background.webp
951986_stock-photo-music-notes-on-old-paper-sheet-to-use-for-the-background-2.webp,https://files.jcrt.org/images/2016/02/951986_stock-photo-music-notes-on-old-paper-sheet-to-use-for-the-background-2.webp
adam-1.webp,https://files.jcrt.org/images/2016/02/adam-1.webp
adam.webp,https://files.jcrt.org/images/2016/02/adam.webp
antonio-quinet.webp,https://files.jcrt.org/images/2016/02/antonio-quinet.webp
book-review-cartoon-1.webp,https://files.jcrt.org/images/2016/02/book-review-cartoon-1.webp
book-review-cartoon.webp,https://files.jcrt.org/images/2016/02/book-review-cartoon.webp
cezanne-still-life-with-flower-holder-1905-trivium-art-history.webp,https://files.jcrt.org/images/2016/02/cezanne-still-life-with-flower-holder-1905-trivium-art-history.webp
cropped-cropped-img-2603-1-3.webp,https://files.jcrt.org/images/2016/02/cropped-cropped-img-2603-1-3.webp
cropped-img-2603-1-1.webp,https://files.jcrt.org/images/2016/02/cropped-img-2603-1-1.webp
cropped-img-2603-1-2.webp,https://files.jcrt.org/images/2016/02/cropped-img-2603-1-2.webp
cropped-img-2603-1-3.webp,https://files.jcrt.org/images/2016/02/cropped-img-2603-1-3.webp
cropped-img-2603-1.webp,https://files.jcrt.org/images/2016/02/cropped-img-2603-1.webp
cropped-img-2603.webp,https://files.jcrt.org/images/2016/02/cropped-img-2603.webp
faust-illustration-1.webp,https://files.jcrt.org/images/2016/02/faust-illustration-1.webp
faust-illustration.webp,https://files.jcrt.org/images/2016/02/faust-illustration.webp
gabriel-lombardi.webp,https://files.jcrt.org/images/2016/02/gabriel-lombardi.webp
img-0554.webp,https://files.jcrt.org/images/2016/02/img-0554.webp
img-1580.webp,https://files.jcrt.org/images/2016/02/img-1580.webp
img-2603-1.webp,https://files.jcrt.org/images/2016/02/img-2603-1.webp
img-2603.webp,https://files.jcrt.org/images/2016/02/img-2603.webp
img-5092-med-hr-1.webp,https://files.jcrt.org/images/2016/02/img-5092-med-hr-1.webp
img-5092-med-hr.webp,https://files.jcrt.org/images/2016/02/img-5092-med-hr.webp
img_0554.webp,https://files.jcrt.org/images/2016/02/img_0554.webp
jcrt-logo.webp,https://files.jcrt.org/images/2016/02/jcrt-logo.webp
notebook-ruled-paper-filofax-1.webp,https://files.jcrt.org/images/2016/02/notebook-ruled-paper-filofax-1.webp
notebook-ruled-paper-filofax-2.webp,https://files.jcrt.org/images/2016/02/notebook-ruled-paper-filofax-2.webp
notebook-ruled-paper-filofax.webp,https://files.jcrt.org/images/2016/02/notebook-ruled-paper-filofax.webp
william-pynchon.webp,https://files.jcrt.org/images/2016/02/william-pynchon.webp
20120503nw1179.webp,https://files.jcrt.org/images/2016/03/20120503nw1179.webp
5881742015-bdb16ec209.webp,https://files.jcrt.org/images/2016/03/5881742015-bdb16ec209.webp
andalou1.webp,https://files.jcrt.org/images/2016/03/andalou1.webp
illustrations-to-dantes-divine-comedy-object-44-butlin-812-42-the-baffled-devils-fighting.webp,https://files.jcrt.org/images/2016/03/illustrations-to-dantes-divine-comedy-object-44-butlin-812-42-the-baffled-devils-fighting.webp
illustrations_to_dantes_divine_comedy_object_44_butlin_812-42_the_baffled_devils_fighting.webp,https://files.jcrt.org/images/2016/03/illustrations_to_dantes_divine_comedy_object_44_butlin_812-42_the_baffled_devils_fighting.webp
open-6.webp,https://files.jcrt.org/images/2016/03/open-6.webp
peter-sloterdijk.webp,https://files.jcrt.org/images/2016/03/peter-sloterdijk.webp
refugee-march-hungary-2015-09-04-02.webp,https://files.jcrt.org/images/2016/03/refugee-march-hungary-2015-09-04-02.webp
refugee_march_hungary_2015-09-04_02.webp,https://files.jcrt.org/images/2016/03/refugee_march_hungary_2015-09-04_02.webp
satan-comedy.gif,https://files.jcrt.org/images/2016/03/satan-comedy.gif
syrian-refugees.webp,https://files.jcrt.org/images/2016/03/syrian-refugees.webp
389558-10150548602640996-12-med-hr.webp,https://files.jcrt.org/images/2016/04/389558-10150548602640996-12-med-hr.webp
749-20-2.webp,https://files.jcrt.org/images/2016/04/749-20-2.webp
749_20_2.webp,https://files.jcrt.org/images/2016/04/749_20_2.webp
catharsis.webp,https://files.jcrt.org/images/2016/04/catharsis.webp
festival.webp,https://files.jcrt.org/images/2016/04/festival.webp
freud-and-clutter.webp,https://files.jcrt.org/images/2016/04/freud-and-clutter.webp
hamlets-ghost.webp,https://files.jcrt.org/images/2016/04/hamlets-ghost.webp
ilaiah.webp,https://files.jcrt.org/images/2016/04/ilaiah.webp
kandinsky-comp-7.webp,https://files.jcrt.org/images/2016/04/kandinsky-comp-7.webp
lightning-strikes-volcano.webp,https://files.jcrt.org/images/2016/04/lightning-strikes-volcano.webp
lightning_strikes_volcano.webp,https://files.jcrt.org/images/2016/04/lightning_strikes_volcano.webp
open-no09-djong-02-walkingcity.webp,https://files.jcrt.org/images/2016/04/open-no09-djong-02-walkingcity.webp
open_no09_djong_02_walkingcity.webp,https://files.jcrt.org/images/2016/04/open_no09_djong_02_walkingcity.webp
2-5.webp,https://files.jcrt.org/images/2016/05/2-5.webp
2695143708-9c14536ec7.webp,https://files.jcrt.org/images/2016/05/2695143708-9c14536ec7.webp
54jhj4hjk3.webp,https://files.jcrt.org/images/2016/05/54jhj4hjk3.webp
badiou-photo-thumb-large.webp,https://files.jcrt.org/images/2016/05/badiou-photo-thumb-large.webp
brain-facs.webp,https://files.jcrt.org/images/2016/05/brain-facs.webp
buddhistprayerflagsinnepalatopstupawithbuddhawisdomeyesbykarnevilflickr.webp,https://files.jcrt.org/images/2016/05/buddhistprayerflagsinnepalatopstupawithbuddhawisdomeyesbykarnevilflickr.webp
california-ghost-town.webp,https://files.jcrt.org/images/2016/05/california-ghost-town.webp
cropped-carl-schmitt-photo.webp,https://files.jcrt.org/images/2016/05/cropped-carl-schmitt-photo.webp
cropped-jcrt-logo.webp,https://files.jcrt.org/images/2016/05/cropped-jcrt-logo.webp
forget-him-autobiographical-memory-public.webp,https://files.jcrt.org/images/2016/05/forget-him-autobiographical-memory-public.webp
gordon-2-100914.webp,https://files.jcrt.org/images/2016/05/gordon-2-100914.webp
jcrt-logo.webp,https://files.jcrt.org/images/2016/05/jcrt-logo.webp
jesus-walking-on-sea.webp,https://files.jcrt.org/images/2016/05/jesus-walking-on-sea.webp
mammon-and-his-slave.webp,https://files.jcrt.org/images/2016/05/mammon-and-his-slave.webp
mammon_and_his_slave.webp,https://files.jcrt.org/images/2016/05/mammon_and_his_slave.webp
new-york-stock-exchange-public-domain.webp,https://files.jcrt.org/images/2016/05/new-york-stock-exchange-public-domain.webp
revolution-fist.webp,https://files.jcrt.org/images/2016/05/revolution-fist.webp
sipa-ap21450348-000002.webp,https://files.jcrt.org/images/2016/05/sipa-ap21450348-000002.webp
top-of-ovoo-mongolia.webp,https://files.jcrt.org/images/2016/05/top-of-ovoo-mongolia.webp
woman-silhouette-public-domain.webp,https://files.jcrt.org/images/2016/05/woman-silhouette-public-domain.webp
yoga-657051-960-720.webp,https://files.jcrt.org/images/2016/05/yoga-657051-960-720.webp
zgenthe2.webp,https://files.jcrt.org/images/2016/05/zgenthe2.webp
1418.webp,https://files.jcrt.org/images/2016/06/1418.webp
156076-160224.webp,https://files.jcrt.org/images/2016/06/156076-160224.webp
black-dakini.webp,https://files.jcrt.org/images/2016/06/black-dakini.webp
busy-fall.webp,https://files.jcrt.org/images/2016/06/busy-fall.webp
chod-ritual.webp,https://files.jcrt.org/images/2016/06/chod-ritual.webp
dec-18-the-tank-robots-0108.webp,https://files.jcrt.org/images/2016/06/dec-18-the-tank-robots-0108.webp
dec_18_the-tank-robots_0108.webp,https://files.jcrt.org/images/2016/06/dec_18_the-tank-robots_0108.webp
figure3-heere-philipiiassolomon.webp,https://files.jcrt.org/images/2016/06/figure3-heere-philipiiassolomon.webp
himalayas.webp,https://files.jcrt.org/images/2016/06/himalayas.webp
immanuel-kant-painted-portrait.webp,https://files.jcrt.org/images/2016/06/immanuel-kant-painted-portrait.webp
maxresdefault.webp,https://files.jcrt.org/images/2016/06/maxresdefault.webp
music-director-alex-lacamoire-and-actor-composer-lin-manuel-miranda-and-cast-of-hamilton-celebrat.webp,https://files.jcrt.org/images/2016/06/music-director-alex-lacamoire-and-actor-composer-lin-manuel-miranda-and-cast-of-hamilton-celebrat.webp
nasa-space-colony-11.webp,https://files.jcrt.org/images/2016/06/nasa-space-colony-11.webp
oliver-cromwell-by-samuel-cooper.webp,https://files.jcrt.org/images/2016/06/oliver-cromwell-by-samuel-cooper.webp
outdoorhub-beginners-guide-american-machine-gun-ownership-2015-03-24-14-59-13.webp,https://files.jcrt.org/images/2016/06/outdoorhub-beginners-guide-american-machine-gun-ownership-2015-03-24-14-59-13.webp
riverside-the-mandrake-1979-2.webp,https://files.jcrt.org/images/2016/06/riverside-the-mandrake-1979-2.webp
shiba-kokan-lohan.webp,https://files.jcrt.org/images/2016/06/shiba-kokan-lohan.webp
storytelling.webp,https://files.jcrt.org/images/2016/06/storytelling.webp
temple-kyauk-taw-gyi-pagoda-yangon-myanmar-burma-public-domain-treasure-buddhism-famous-place-57957848.webp,https://files.jcrt.org/images/2016/06/temple-kyauk-taw-gyi-pagoda-yangon-myanmar-burma-public-domain-treasure-buddhism-famous-place-57957848.webp
xuanyuan-temple-in-yanan-shaanxi-1.webp,https://files.jcrt.org/images/2016/06/xuanyuan-temple-in-yanan-shaanxi-1.webp
14979666-psychedelic-rosette-digital-abstract-image-with-a-circular-psychedelic-design-in-green-blue-purple-a-stock-photo.webp,https://files.jcrt.org/images/2016/07/14979666-psychedelic-rosette-digital-abstract-image-with-a-circular-psychedelic-design-in-green-blue-purple-a-stock-photo.webp
23218465551-a70d44f5f9-b-1.webp,https://files.jcrt.org/images/2016/07/23218465551-a70d44f5f9-b-1.webp
25669501743-f164cf1f45-o.webp,https://files.jcrt.org/images/2016/07/25669501743-f164cf1f45-o.webp
682px-thumbnail.webp,https://files.jcrt.org/images/2016/07/682px-thumbnail.webp
ae06959d61bbc46ed0549d00a2b87f21.webp,https://files.jcrt.org/images/2016/07/ae06959d61bbc46ed0549d00a2b87f21.webp
apparatus.webp,https://files.jcrt.org/images/2016/07/apparatus.webp
arendt-hannah.webp,https://files.jcrt.org/images/2016/07/arendt-hannah.webp
blanchotbest.webp,https://files.jcrt.org/images/2016/07/blanchotbest.webp
buddhabrot.webp,https://files.jcrt.org/images/2016/07/buddhabrot.webp
cherry-cherries-fruit.webp,https://files.jcrt.org/images/2016/07/cherry-cherries-fruit.webp
dark-deleuze.webp,https://files.jcrt.org/images/2016/07/dark-deleuze.webp
david-music21.webp,https://files.jcrt.org/images/2016/07/david-music21.webp
davidfosterwallace1.webp,https://files.jcrt.org/images/2016/07/davidfosterwallace1.webp
dragon-slayer.webp,https://files.jcrt.org/images/2016/07/dragon-slayer.webp
ecce-homo-by-antonio-ciseri-1.webp,https://files.jcrt.org/images/2016/07/ecce-homo-by-antonio-ciseri-1.webp
foucaults-pendulum.webp,https://files.jcrt.org/images/2016/07/foucaults-pendulum.webp
franz-rosenzweig1917.webp,https://files.jcrt.org/images/2016/07/franz-rosenzweig1917.webp
gilles-deleuze-dr.webp,https://files.jcrt.org/images/2016/07/gilles-deleuze-dr.webp
goethe.webp,https://files.jcrt.org/images/2016/07/goethe.webp
internet-handshake.webp,https://files.jcrt.org/images/2016/07/internet-handshake.webp
no10-vangogh.webp,https://files.jcrt.org/images/2016/07/no10-vangogh.webp
pontius-pilate.webp,https://files.jcrt.org/images/2016/07/pontius-pilate.webp
psychedelic-therapy.webp,https://files.jcrt.org/images/2016/07/psychedelic-therapy.webp
public-domain.webp,https://files.jcrt.org/images/2016/07/public-domain.webp
string-theory.webp,https://files.jcrt.org/images/2016/07/string-theory.webp
the-young-heidegger.webp,https://files.jcrt.org/images/2016/07/the-young-heidegger.webp
transcendence.webp,https://files.jcrt.org/images/2016/07/transcendence.webp
487px-caravaggio-conversione-di-san-paolo-odescalchi.webp,https://files.jcrt.org/images/2016/08/487px-caravaggio-conversione-di-san-paolo-odescalchi.webp
487px-caravaggio_-_conversione_di_san_paolo_odescalchi.webp,https://files.jcrt.org/images/2016/08/487px-caravaggio_-_conversione_di_san_paolo_odescalchi.webp
6298481712-2cb32ef931-o-1.webp,https://files.jcrt.org/images/2016/08/6298481712-2cb32ef931-o-1.webp
agamben.webp,https://files.jcrt.org/images/2016/08/agamben.webp
badiou.webp,https://files.jcrt.org/images/2016/08/badiou.webp
benjamins-angel-of-history.webp,https://files.jcrt.org/images/2016/08/benjamins-angel-of-history.webp
debt-slave.webp,https://files.jcrt.org/images/2016/08/debt-slave.webp
digital-computer-graphic-abstract-surreal-art.webp,https://files.jcrt.org/images/2016/08/digital-computer-graphic-abstract-surreal-art.webp
foucault.webp,https://files.jcrt.org/images/2016/08/foucault.webp
freedom-of-speech-public-domain-national-archive-records-administration-photo-750.webp,https://files.jcrt.org/images/2016/08/freedom-of-speech-public-domain-national-archive-records-administration-photo-750.webp
friedrich-hegel-mit-studenten-lithographie-f-kugler.webp,https://files.jcrt.org/images/2016/08/friedrich-hegel-mit-studenten-lithographie-f-kugler.webp
gershom-scholem.webp,https://files.jcrt.org/images/2016/08/gershom-scholem.webp
john-maynard-keynes.webp,https://files.jcrt.org/images/2016/08/john-maynard-keynes.webp
karl-marx.webp,https://files.jcrt.org/images/2016/08/karl-marx.webp
malabon-city.webp,https://files.jcrt.org/images/2016/08/malabon-city.webp
mcmumms-pd.webp,https://files.jcrt.org/images/2016/08/mcmumms-pd.webp
open.webp,https://files.jcrt.org/images/2016/08/open.webp
phenomenological-psychology.webp,https://files.jcrt.org/images/2016/08/phenomenological-psychology.webp
robot-public-domain.webp,https://files.jcrt.org/images/2016/08/robot-public-domain.webp
schrijvers.webp,https://files.jcrt.org/images/2016/08/schrijvers.webp
st-paul-ephesus.webp,https://files.jcrt.org/images/2016/08/st-paul-ephesus.webp
stasis.webp,https://files.jcrt.org/images/2016/08/stasis.webp
thomas-abel-prior-queen-victoria-opening-the-1851-universal-exhibition-at-the-crystal-palace-in-london-google-art-project.webp,https://files.jcrt.org/images/2016/08/thomas-abel-prior-queen-victoria-opening-the-1851-universal-exhibition-at-the-crystal-palace-in-london-google-art-project.webp
thomas_abel_prior_-_queen_victoria_opening_the_1851_universal_exhibition_at_the_crystal_palace_in_london_-_google_art_project.webp,https://files.jcrt.org/images/2016/08/thomas_abel_prior_-_queen_victoria_opening_the_1851_universal_exhibition_at_the_crystal_palace_in_london_-_google_art_project.webp
welborn.webp,https://files.jcrt.org/images/2016/08/welborn.webp
working-class-russia.webp,https://files.jcrt.org/images/2016/08/working-class-russia.webp
2372811afe1e42b1667303a92fb82cfd.webp,https://files.jcrt.org/images/2016/09/2372811afe1e42b1667303a92fb82cfd.webp
3.webp,https://files.jcrt.org/images/2016/09/3.webp
360px-marx-and-engels.webp,https://files.jcrt.org/images/2016/09/360px-marx-and-engels.webp
600px-francesco-botticini-the-assumption-of-the-virgin.webp,https://files.jcrt.org/images/2016/09/600px-francesco-botticini-the-assumption-of-the-virgin.webp
7fd9fcc1c4d2179d1a16383f6da91aaf.webp,https://files.jcrt.org/images/2016/09/7fd9fcc1c4d2179d1a16383f6da91aaf.webp
a93598b7efde81732407e2924060f6e0.webp,https://files.jcrt.org/images/2016/09/a93598b7efde81732407e2924060f6e0.webp
absalom-jones-peale.webp,https://files.jcrt.org/images/2016/09/absalom-jones-peale.webp
absalom-jones_peale.webp,https://files.jcrt.org/images/2016/09/absalom-jones_peale.webp
african-american-women.webp,https://files.jcrt.org/images/2016/09/african-american-women.webp
aristotle-4.webp,https://files.jcrt.org/images/2016/09/aristotle-4.webp
aztec-warriors.webp,https://files.jcrt.org/images/2016/09/aztec-warriors.webp
cat11.webp,https://files.jcrt.org/images/2016/09/cat11.webp
child-labour-children-slavery-demonstration-protest.webp,https://files.jcrt.org/images/2016/09/child-labour-children-slavery-demonstration-protest.webp
david-hume-1754.webp,https://files.jcrt.org/images/2016/09/david-hume-1754.webp
diagram-of-transatlantic-slave-ship.webp,https://files.jcrt.org/images/2016/09/diagram-of-transatlantic-slave-ship.webp
dragon.webp,https://files.jcrt.org/images/2016/09/dragon.webp
dubois-web.webp,https://files.jcrt.org/images/2016/09/dubois-web.webp
forest.webp,https://files.jcrt.org/images/2016/09/forest.webp
giotto-angels-weeping.webp,https://files.jcrt.org/images/2016/09/giotto-angels-weeping.webp
god2-sistine-chapel.webp,https://files.jcrt.org/images/2016/09/god2-sistine-chapel.webp
great-chain-of-being-2.webp,https://files.jcrt.org/images/2016/09/great-chain-of-being-2.webp
hajj.webp,https://files.jcrt.org/images/2016/09/hajj.webp
hegel.webp,https://files.jcrt.org/images/2016/09/hegel.webp
img-0058.webp,https://files.jcrt.org/images/2016/09/img-0058.webp
img-2066.webp,https://files.jcrt.org/images/2016/09/img-2066.webp
jacques-lacan.webp,https://files.jcrt.org/images/2016/09/jacques-lacan.webp
kant.webp,https://files.jcrt.org/images/2016/09/kant.webp
love-and-marriage-public-domain.webp,https://files.jcrt.org/images/2016/09/love-and-marriage-public-domain.webp
migrant-boat.webp,https://files.jcrt.org/images/2016/09/migrant-boat.webp
migrant.webp,https://files.jcrt.org/images/2016/09/migrant.webp
mumbett702.webp,https://files.jcrt.org/images/2016/09/mumbett702.webp
muses.webp,https://files.jcrt.org/images/2016/09/muses.webp
pia19133-0-1.webp,https://files.jcrt.org/images/2016/09/pia19133-0-1.webp
plotinus.webp,https://files.jcrt.org/images/2016/09/plotinus.webp
pompei.webp,https://files.jcrt.org/images/2016/09/pompei.webp
pope-paul-iii.webp,https://files.jcrt.org/images/2016/09/pope-paul-iii.webp
public-domain-images-free-stock-photos-black-white-vintage-suitcase-girl-railroadtracks-walking-1.webp,https://files.jcrt.org/images/2016/09/public-domain-images-free-stock-photos-black-white-vintage-suitcase-girl-railroadtracks-walking-1.webp
public-domain-images-free-stock-photos-wedding-dress-outdoors-green-grass-wisteria-vines.webp,https://files.jcrt.org/images/2016/09/public-domain-images-free-stock-photos-wedding-dress-outdoors-green-grass-wisteria-vines.webp
screen-shot-2016-09-04-at-1-13-29-pm.webp,https://files.jcrt.org/images/2016/09/screen-shot-2016-09-04-at-1-13-29-pm.webp
slave-trade.webp,https://files.jcrt.org/images/2016/09/slave-trade.webp
tyranny.webp,https://files.jcrt.org/images/2016/09/tyranny.webp
vegetal-being.webp,https://files.jcrt.org/images/2016/09/vegetal-being.webp
vortex-in-draining-bottle-of-water.webp,https://files.jcrt.org/images/2016/09/vortex-in-draining-bottle-of-water.webp
18392092606-7a140fc31a-c.webp,https://files.jcrt.org/images/2016/10/18392092606-7a140fc31a-c.webp
bryan.webp,https://files.jcrt.org/images/2016/10/bryan.webp
charles-baudelaire-by-julanna.webp,https://files.jcrt.org/images/2016/10/charles-baudelaire-by-julanna.webp
cioran.webp,https://files.jcrt.org/images/2016/10/cioran.webp
cosmic-pessimism-thacker-cvr-350.webp,https://files.jcrt.org/images/2016/10/cosmic-pessimism-thacker-cvr-350.webp
crowd-of-faces-1421158572jpo.webp,https://files.jcrt.org/images/2016/10/crowd-of-faces-1421158572jpo.webp
drugs.webp,https://files.jcrt.org/images/2016/10/drugs.webp
emerson.webp,https://files.jcrt.org/images/2016/10/emerson.webp
folly.webp,https://files.jcrt.org/images/2016/10/folly.webp
image.webp,https://files.jcrt.org/images/2016/10/image.webp
paul.webp,https://files.jcrt.org/images/2016/10/paul.webp
peirce.webp,https://files.jcrt.org/images/2016/10/peirce.webp
posthumanism.webp,https://files.jcrt.org/images/2016/10/posthumanism.webp
proudhon-children.webp,https://files.jcrt.org/images/2016/10/proudhon-children.webp
robotics.webp,https://files.jcrt.org/images/2016/10/robotics.webp
sherry-turkle.webp,https://files.jcrt.org/images/2016/10/sherry-turkle.webp
sigmund-freud-by-max-halberstadt.webp,https://files.jcrt.org/images/2016/10/sigmund-freud-by-max-halberstadt.webp
sorrowing-old-man-psilocybin-depression.webp,https://files.jcrt.org/images/2016/10/sorrowing-old-man-psilocybin-depression.webp
tansey.webp,https://files.jcrt.org/images/2016/10/tansey.webp
tillich.webp,https://files.jcrt.org/images/2016/10/tillich.webp
white-hidden-god.webp,https://files.jcrt.org/images/2016/10/white-hidden-god.webp
wide-image.webp,https://files.jcrt.org/images/2016/10/wide-image.webp
15091085181-8c704d4eef-c.webp,https://files.jcrt.org/images/2016/11/15091085181-8c704d4eef-c.webp
4f605a6b840e52959cb1b8a51e863bf5.webp,https://files.jcrt.org/images/2016/11/4f605a6b840e52959cb1b8a51e863bf5.webp
62a826964061859a2e3bdb7a1c78b4fd.webp,https://files.jcrt.org/images/2016/11/62a826964061859a2e3bdb7a1c78b4fd.webp
anxiety.webp,https://files.jcrt.org/images/2016/11/anxiety.webp
bd7ff1a1c6e460bf8e87a4fa0ee90199.webp,https://files.jcrt.org/images/2016/11/bd7ff1a1c6e460bf8e87a4fa0ee90199.webp
bigimpct.webp,https://files.jcrt.org/images/2016/11/bigimpct.webp
double-vac-line-front-view.webp,https://files.jcrt.org/images/2016/11/double-vac-line-front-view.webp
double_vac_line_front_view.webp,https://files.jcrt.org/images/2016/11/double_vac_line_front_view.webp
gilles-deleuze.webp,https://files.jcrt.org/images/2016/11/gilles-deleuze.webp
herbert-marcuse.webp,https://files.jcrt.org/images/2016/11/herbert-marcuse.webp
katherine-cornell-the-age-of-innocence.webp,https://files.jcrt.org/images/2016/11/katherine-cornell-the-age-of-innocence.webp
laruelle.webp,https://files.jcrt.org/images/2016/11/laruelle.webp
middle-passage.webp,https://files.jcrt.org/images/2016/11/middle-passage.webp
moby-dick-p510-illustration.webp,https://files.jcrt.org/images/2016/11/moby-dick-p510-illustration.webp
nation-of-islam-public-domain.webp,https://files.jcrt.org/images/2016/11/nation-of-islam-public-domain.webp
public-domain-installation.webp,https://files.jcrt.org/images/2016/11/public-domain-installation.webp
schelling-1848.webp,https://files.jcrt.org/images/2016/11/schelling-1848.webp
the-exorcist.webp,https://files.jcrt.org/images/2016/11/the-exorcist.webp
tillich.webp,https://files.jcrt.org/images/2016/11/tillich.webp
victims.webp,https://files.jcrt.org/images/2016/11/victims.webp
william-blake-the-shepherd-from-songs-of-innocence-google-art-project.webp,https://files.jcrt.org/images/2016/11/william-blake-the-shepherd-from-songs-of-innocence-google-art-project.webp
william_blake_-_the_shepherd_from_songs_of_innocence_-_google_art_project.webp,https://files.jcrt.org/images/2016/11/william_blake_-_the_shepherd_from_songs_of_innocence_-_google_art_project.webp
1bcfbe43d47f61ff34644a12053e8b15.webp,https://files.jcrt.org/images/2016/12/1bcfbe43d47f61ff34644a12053e8b15.webp
283f036e4a31383bb7b7c01c420b47d7.webp,https://files.jcrt.org/images/2016/12/283f036e4a31383bb7b7c01c420b47d7.webp
643ae368272c32e67a1ebe800d42622a.webp,https://files.jcrt.org/images/2016/12/643ae368272c32e67a1ebe800d42622a.webp
70208aed022875306c7d1c075490bd33.webp,https://files.jcrt.org/images/2016/12/70208aed022875306c7d1c075490bd33.webp
capitalism-0.webp,https://files.jcrt.org/images/2016/12/capitalism-0.webp
capitalism_0.webp,https://files.jcrt.org/images/2016/12/capitalism_0.webp
clock.webp,https://files.jcrt.org/images/2016/12/clock.webp
coliseum.webp,https://files.jcrt.org/images/2016/12/coliseum.webp
devil-fall.webp,https://files.jcrt.org/images/2016/12/devil-fall.webp
earthquake.webp,https://files.jcrt.org/images/2016/12/earthquake.webp
eternity.webp,https://files.jcrt.org/images/2016/12/eternity.webp
gvcfoaqx.webp,https://files.jcrt.org/images/2016/12/gvcfoaqx.webp
hell.webp,https://files.jcrt.org/images/2016/12/hell.webp
images.webp,https://files.jcrt.org/images/2016/12/images.webp
img-0632.webp,https://files.jcrt.org/images/2016/12/img-0632.webp
img_0632.webp,https://files.jcrt.org/images/2016/12/img_0632.webp
jean-paul-sartre-fp.webp,https://files.jcrt.org/images/2016/12/jean-paul-sartre-fp.webp
jnnocence1094.webp,https://files.jcrt.org/images/2016/12/jnnocence1094.webp
karl-marx.webp,https://files.jcrt.org/images/2016/12/karl-marx.webp
les-contretemps.webp,https://files.jcrt.org/images/2016/12/les-contretemps.webp
paris-1968.webp,https://files.jcrt.org/images/2016/12/paris-1968.webp
plotinus.webp,https://files.jcrt.org/images/2016/12/plotinus.webp
satanjobboils-blake.webp,https://files.jcrt.org/images/2016/12/satanjobboils-blake.webp
selfport.webp,https://files.jcrt.org/images/2016/12/selfport.webp
tesla.webp,https://files.jcrt.org/images/2016/12/tesla.webp
the-prince-of-this-world.webp,https://files.jcrt.org/images/2016/12/the-prince-of-this-world.webp
20897035259-73d12d6fb3-b.webp,https://files.jcrt.org/images/2017/01/20897035259-73d12d6fb3-b.webp
20897035259_73d12d6fb3_b.webp,https://files.jcrt.org/images/2017/01/20897035259_73d12d6fb3_b.webp
anselmcanterbury2.webp,https://files.jcrt.org/images/2017/01/anselmcanterbury2.webp
atonement-lg.webp,https://files.jcrt.org/images/2017/01/atonement-lg.webp
bildnis-einer-jungen-fraui-alessandro-botticelli-1476-1480-dcedit.webp,https://files.jcrt.org/images/2017/01/bildnis-einer-jungen-fraui-alessandro-botticelli-1476-1480-dcedit.webp
butler-cover.webp,https://files.jcrt.org/images/2017/01/butler-cover.webp
clarke-firstimage.webp,https://files.jcrt.org/images/2017/01/clarke-firstimage.webp
hell.webp,https://files.jcrt.org/images/2017/01/hell.webp
homeless-man-public-domain.webp,https://files.jcrt.org/images/2017/01/homeless-man-public-domain.webp
jacques-derrida.webp,https://files.jcrt.org/images/2017/01/jacques-derrida.webp
jewish-1159704-1920.webp,https://files.jcrt.org/images/2017/01/jewish-1159704-1920.webp
jewish-1159704_1920.webp,https://files.jcrt.org/images/2017/01/jewish-1159704_1920.webp
levinas1.webp,https://files.jcrt.org/images/2017/01/levinas1.webp
martha-nussbaum.webp,https://files.jcrt.org/images/2017/01/martha-nussbaum.webp
ransom-theory.webp,https://files.jcrt.org/images/2017/01/ransom-theory.webp
solomons-temple.webp,https://files.jcrt.org/images/2017/01/solomons-temple.webp
spinzoa.webp,https://files.jcrt.org/images/2017/01/spinzoa.webp
sren-kierkegaard-1813-1855-9645353110.webp,https://files.jcrt.org/images/2017/01/sren-kierkegaard-1813-1855-9645353110.webp
web-istock-74804569-large.webp,https://files.jcrt.org/images/2017/01/web-istock-74804569-large.webp
1280px-still-life-with-a-stoneware-jug-berkemeyer-and-smoking-utensils-pieter-claesz-indianapolis-museum-of-art-dsc00700.webp,https://files.jcrt.org/images/2017/02/1280px-still-life-with-a-stoneware-jug-berkemeyer-and-smoking-utensils-pieter-claesz-indianapolis-museum-of-art-dsc00700.webp
agamben-c2.webp,https://files.jcrt.org/images/2017/02/agamben-c2.webp
ancient-alexandria-public-domain-photo.webp,https://files.jcrt.org/images/2017/02/ancient-alexandria-public-domain-photo.webp
art-communion.webp,https://files.jcrt.org/images/2017/02/art-communion.webp
art-geometry-circle-district-disc-target-black.webp,https://files.jcrt.org/images/2017/02/art-geometry-circle-district-disc-target-black.webp
badiou.webp,https://files.jcrt.org/images/2017/02/badiou.webp
black.webp,https://files.jcrt.org/images/2017/02/black.webp
broken-body.webp,https://files.jcrt.org/images/2017/02/broken-body.webp
charles-hope-thatcher-tina.webp,https://files.jcrt.org/images/2017/02/charles-hope-thatcher-tina.webp
charles_hope-thatcher_tina.webp,https://files.jcrt.org/images/2017/02/charles_hope-thatcher_tina.webp
ct-cm-photo-wendybrown.webp,https://files.jcrt.org/images/2017/02/ct-cm-photo-wendybrown.webp
dd.webp,https://files.jcrt.org/images/2017/02/dd.webp
intensity.webp,https://files.jcrt.org/images/2017/02/intensity.webp
oedipus-rex.webp,https://files.jcrt.org/images/2017/02/oedipus-rex.webp
reagan-thatcher.webp,https://files.jcrt.org/images/2017/02/reagan-thatcher.webp
the-thing-max-res.webp,https://files.jcrt.org/images/2017/02/the-thing-max-res.webp
undoing-the-demos.webp,https://files.jcrt.org/images/2017/02/undoing-the-demos.webp
walter-benjamin-vers-1928.webp,https://files.jcrt.org/images/2017/02/walter-benjamin-vers-1928.webp
anabaptist-martyrs-ghent-big.webp,https://files.jcrt.org/images/2017/03/anabaptist-martyrs-ghent-big.webp
bell-jar-cover.webp,https://files.jcrt.org/images/2017/03/bell-jar-cover.webp
bruce-book.webp,https://files.jcrt.org/images/2017/03/bruce-book.webp
corsets.webp,https://files.jcrt.org/images/2017/03/corsets.webp
deus-ex-machina.webp,https://files.jcrt.org/images/2017/03/deus-ex-machina.webp
deus-ex-machine.webp,https://files.jcrt.org/images/2017/03/deus-ex-machine.webp
fml.webp,https://files.jcrt.org/images/2017/03/fml.webp
image.webp,https://files.jcrt.org/images/2017/03/image.webp
lukacs-and-woman.webp,https://files.jcrt.org/images/2017/03/lukacs-and-woman.webp
lukacs-comisario-alimentos-hungria-outlawsdiary02tormuoft-e1493090487541.webp,https://files.jcrt.org/images/2017/03/lukacs-comisario-alimentos-hungria-outlawsdiary02tormuoft-e1493090487541.webp
lukacs-comisario-alimentos-hungria-outlawsdiary02tormuoft.webp,https://files.jcrt.org/images/2017/03/lukacs-comisario-alimentos-hungria-outlawsdiary02tormuoft.webp
m-foucault.webp,https://files.jcrt.org/images/2017/03/m-foucault.webp
mesopotamia.webp,https://files.jcrt.org/images/2017/03/mesopotamia.webp
prometheus.webp,https://files.jcrt.org/images/2017/03/prometheus.webp
qumran-drawing.webp,https://files.jcrt.org/images/2017/03/qumran-drawing.webp
random-magic-sparks-image-public-domain-pixabay.webp,https://files.jcrt.org/images/2017/03/random-magic-sparks-image-public-domain-pixabay.webp
red-guard-vulkan-factory-public-domain.webp,https://files.jcrt.org/images/2017/03/red-guard-vulkan-factory-public-domain.webp
santeria-cover.webp,https://files.jcrt.org/images/2017/03/santeria-cover.webp
seven-orishas.webp,https://files.jcrt.org/images/2017/03/seven-orishas.webp
theory-of-reification.webp,https://files.jcrt.org/images/2017/03/theory-of-reification.webp
young-bruce.webp,https://files.jcrt.org/images/2017/03/young-bruce.webp
1788519-f520.webp,https://files.jcrt.org/images/2017/04/1788519-f520.webp
20897046879-6fe2f8731b-c.webp,https://files.jcrt.org/images/2017/04/20897046879-6fe2f8731b-c.webp
50780476.webp,https://files.jcrt.org/images/2017/04/50780476.webp
6222400489-896549e00e-o.webp,https://files.jcrt.org/images/2017/04/6222400489-896549e00e-o.webp
6222400489_896549e00e_o.webp,https://files.jcrt.org/images/2017/04/6222400489_896549e00e_o.webp
905ce1279b7a732cf8edf321d1d33ddb.webp,https://files.jcrt.org/images/2017/04/905ce1279b7a732cf8edf321d1d33ddb.webp
99a970b01dd7c36f7cffa67b7ae5845b.webp,https://files.jcrt.org/images/2017/04/99a970b01dd7c36f7cffa67b7ae5845b.webp
a-stranger-thought.webp,https://files.jcrt.org/images/2017/04/a-stranger-thought.webp
bonhoeffer-01.webp,https://files.jcrt.org/images/2017/04/bonhoeffer-01.webp
ekstasis.webp,https://files.jcrt.org/images/2017/04/ekstasis.webp
feature-accelerationism.webp,https://files.jcrt.org/images/2017/04/feature-accelerationism.webp
fluorescence6-preview.webp,https://files.jcrt.org/images/2017/04/fluorescence6-preview.webp
img-1066.webp,https://files.jcrt.org/images/2017/04/img-1066.webp
img-1220.webp,https://files.jcrt.org/images/2017/04/img-1220.webp
img-1221.webp,https://files.jcrt.org/images/2017/04/img-1221.webp
locke3.webp,https://files.jcrt.org/images/2017/04/locke3.webp
the-insurrection.webp,https://files.jcrt.org/images/2017/04/the-insurrection.webp
under-den-linden.webp,https://files.jcrt.org/images/2017/04/under-den-linden.webp
urban-art.webp,https://files.jcrt.org/images/2017/04/urban-art.webp
woman-face-in-shadow.webp,https://files.jcrt.org/images/2017/04/woman-face-in-shadow.webp
51jksz0rzwl-sy346.webp,https://files.jcrt.org/images/2017/05/51jksz0rzwl-sy346.webp
8ff38ec147286a86949fe70761e2005c.webp,https://files.jcrt.org/images/2017/05/8ff38ec147286a86949fe70761e2005c.webp
anticatholicriots.webp,https://files.jcrt.org/images/2017/05/anticatholicriots.webp
aristotle-metaphysics.webp,https://files.jcrt.org/images/2017/05/aristotle-metaphysics.webp
brown-lady-ghost-raymon-hall.webp,https://files.jcrt.org/images/2017/05/brown-lady-ghost-raymon-hall.webp
bust-of-parmenides-1.webp,https://files.jcrt.org/images/2017/05/bust-of-parmenides-1.webp
constitutionalism.webp,https://files.jcrt.org/images/2017/05/constitutionalism.webp
download.webp,https://files.jcrt.org/images/2017/05/download.webp
ghost-story.webp,https://files.jcrt.org/images/2017/05/ghost-story.webp
hendrik-ter-brugghen-democritus.webp,https://files.jcrt.org/images/2017/05/hendrik-ter-brugghen-democritus.webp
img-1275.webp,https://files.jcrt.org/images/2017/05/img-1275.webp
img-1354.webp,https://files.jcrt.org/images/2017/05/img-1354.webp
img-1444.webp,https://files.jcrt.org/images/2017/05/img-1444.webp
img-1445.webp,https://files.jcrt.org/images/2017/05/img-1445.webp
img_1275.webp,https://files.jcrt.org/images/2017/05/img_1275.webp
img_1354.webp,https://files.jcrt.org/images/2017/05/img_1354.webp
img_1444.webp,https://files.jcrt.org/images/2017/05/img_1444.webp
img_1445.webp,https://files.jcrt.org/images/2017/05/img_1445.webp
jerry-falwell.webp,https://files.jcrt.org/images/2017/05/jerry-falwell.webp
ontic-flows.webp,https://files.jcrt.org/images/2017/05/ontic-flows.webp
origins.webp,https://files.jcrt.org/images/2017/05/origins.webp
public-domain.webp,https://files.jcrt.org/images/2017/05/public-domain.webp
4125h4r5xhl-sr600315-piwhitestripbottomleft035-piamznprimebottomleft0-5-pistarratingfivebottomleft360-6-sr600315-sclzzzzzzz.webp,https://files.jcrt.org/images/2017/06/4125h4r5xhl-sr600315-piwhitestripbottomleft035-piamznprimebottomleft0-5-pistarratingfivebottomleft360-6-sr600315-sclzzzzzzz.webp
churches-of-the-world.webp,https://files.jcrt.org/images/2017/06/churches-of-the-world.webp
e-and-m.webp,https://files.jcrt.org/images/2017/06/e-and-m.webp
img-1518.webp,https://files.jcrt.org/images/2017/06/img-1518.webp
img-1525.webp,https://files.jcrt.org/images/2017/06/img-1525.webp
img-1533.webp,https://files.jcrt.org/images/2017/06/img-1533.webp
img_1533.webp,https://files.jcrt.org/images/2017/06/img_1533.webp
rivera.webp,https://files.jcrt.org/images/2017/06/rivera.webp
t-henry.webp,https://files.jcrt.org/images/2017/06/t-henry.webp
b-stiegler.webp,https://files.jcrt.org/images/2017/07/b-stiegler.webp
blake-jacobsladder.webp,https://files.jcrt.org/images/2017/07/blake-jacobsladder.webp
blake-red-dragon.webp,https://files.jcrt.org/images/2017/07/blake-red-dragon.webp
blake_jacobsladder.webp,https://files.jcrt.org/images/2017/07/blake_jacobsladder.webp
c3991bb2cfd9febacdde5120616f152a.webp,https://files.jcrt.org/images/2017/07/c3991bb2cfd9febacdde5120616f152a.webp
download.webp,https://files.jcrt.org/images/2017/07/download.webp
hamlet-performance-1.webp,https://files.jcrt.org/images/2017/07/hamlet-performance-1.webp
hamlet-performance.webp,https://files.jcrt.org/images/2017/07/hamlet-performance.webp
hoelderlin.webp,https://files.jcrt.org/images/2017/07/hoelderlin.webp
image-1-1.webp,https://files.jcrt.org/images/2017/07/image-1-1.webp
image-1.webp,https://files.jcrt.org/images/2017/07/image-1.webp
img-1521.webp,https://files.jcrt.org/images/2017/07/img-1521.webp
img-1578.webp,https://files.jcrt.org/images/2017/07/img-1578.webp
img-1588.webp,https://files.jcrt.org/images/2017/07/img-1588.webp
img_1588.webp,https://files.jcrt.org/images/2017/07/img_1588.webp
montgolfiere-1783.webp,https://files.jcrt.org/images/2017/07/montgolfiere-1783.webp
pda44.webp,https://files.jcrt.org/images/2017/07/pda44.webp
wh-auden-pangur.webp,https://files.jcrt.org/images/2017/07/wh-auden-pangur.webp
csm-appel-eaebf91152.webp,https://files.jcrt.org/images/2017/08/csm-appel-eaebf91152.webp
huvb.webp,https://files.jcrt.org/images/2017/08/huvb.webp
img-1747.webp,https://files.jcrt.org/images/2017/08/img-1747.webp
ow.webp,https://files.jcrt.org/images/2017/08/ow.webp
style-ghf-drip-painting.webp,https://files.jcrt.org/images/2017/08/style-ghf-drip-painting.webp
style-img-7932-kanagawa-0-4mp.webp,https://files.jcrt.org/images/2017/08/style-img-7932-kanagawa-0-4mp.webp
style-img_7932-kanagawa-0-4mp.webp,https://files.jcrt.org/images/2017/08/style-img_7932-kanagawa-0-4mp.webp
the-sea.webp,https://files.jcrt.org/images/2017/08/the-sea.webp
the_sea.webp,https://files.jcrt.org/images/2017/08/the_sea.webp
1348545606876760279sufi-by-wardany-d4g569g.webp,https://files.jcrt.org/images/2017/09/1348545606876760279sufi-by-wardany-d4g569g.webp
213.webp,https://files.jcrt.org/images/2017/09/213.webp
7e40f143e74c385ee290c7e279d9897f.webp,https://files.jcrt.org/images/2017/09/7e40f143e74c385ee290c7e279d9897f.webp
9159544900-5b8a9bb3e7-o.webp,https://files.jcrt.org/images/2017/09/9159544900-5b8a9bb3e7-o.webp
abstract-with-cattle-by-franz-marc.webp,https://files.jcrt.org/images/2017/09/abstract-with-cattle-by-franz-marc.webp
arichards.webp,https://files.jcrt.org/images/2017/09/arichards.webp
images.webp,https://files.jcrt.org/images/2017/09/images.webp
preformation.webp,https://files.jcrt.org/images/2017/09/preformation.webp
1532494-shiva-and-parvati-on-bull-images-sculptures-on-hindu-temple-gopura-tower-menakshi-temple-madurai-tamil-nadu-india.webp,https://files.jcrt.org/images/2017/10/1532494-shiva-and-parvati-on-bull-images-sculptures-on-hindu-temple-gopura-tower-menakshi-temple-madurai-tamil-nadu-india.webp
afterlife.webp,https://files.jcrt.org/images/2017/10/afterlife.webp
ahura-mazda.webp,https://files.jcrt.org/images/2017/10/ahura-mazda.webp
angel-heaven.webp,https://files.jcrt.org/images/2017/10/angel-heaven.webp
appalachian-snakehandling.webp,https://files.jcrt.org/images/2017/10/appalachian-snakehandling.webp
blake-angel-of-revelation.webp,https://files.jcrt.org/images/2017/10/blake-angel-of-revelation.webp
british-colonialism.webp,https://files.jcrt.org/images/2017/10/british-colonialism.webp
carl-jung.webp,https://files.jcrt.org/images/2017/10/carl-jung.webp
catholic-mass.webp,https://files.jcrt.org/images/2017/10/catholic-mass.webp
collective-unconscious.webp,https://files.jcrt.org/images/2017/10/collective-unconscious.webp
confucius-and-his-students2.webp,https://files.jcrt.org/images/2017/10/confucius-and-his-students2.webp
currier-ives-arkansas-traveller.webp,https://files.jcrt.org/images/2017/10/currier-ives-arkansas-traveller.webp
denali-national-park-1733313-1280-uncharted-territory.webp,https://files.jcrt.org/images/2017/10/denali-national-park-1733313-1280-uncharted-territory.webp
denali-national-park-1733313_1280-uncharted-territory.webp,https://files.jcrt.org/images/2017/10/denali-national-park-1733313_1280-uncharted-territory.webp
faith-in-supreme-power.webp,https://files.jcrt.org/images/2017/10/faith-in-supreme-power.webp
first-world-ethnography.webp,https://files.jcrt.org/images/2017/10/first-world-ethnography.webp
genrich-ippolitovich-semiradsky-roma-1889.webp,https://files.jcrt.org/images/2017/10/genrich-ippolitovich-semiradsky-roma-1889.webp
genrich_ippolitovich_semiradsky_-_roma_1889.webp,https://files.jcrt.org/images/2017/10/genrich_ippolitovich_semiradsky_-_roma_1889.webp
gilgamesh.webp,https://files.jcrt.org/images/2017/10/gilgamesh.webp
hates-abduction.webp,https://files.jcrt.org/images/2017/10/hates-abduction.webp
hell.webp,https://files.jcrt.org/images/2017/10/hell.webp
hercules-and-the-hydra-antonio-del-pollaiolo.webp,https://files.jcrt.org/images/2017/10/hercules-and-the-hydra-antonio-del-pollaiolo.webp
img-2030.webp,https://files.jcrt.org/images/2017/10/img-2030.webp
inferno.webp,https://files.jcrt.org/images/2017/10/inferno.webp
julia-kristeva.webp,https://files.jcrt.org/images/2017/10/julia-kristeva.webp
luang-por-dhammajayo-guiding-meditation.webp,https://files.jcrt.org/images/2017/10/luang-por-dhammajayo-guiding-meditation.webp
master-and-scholars-1464-limage-du-monde-2.webp,https://files.jcrt.org/images/2017/10/master-and-scholars-1464-limage-du-monde-2.webp
necromancy.webp,https://files.jcrt.org/images/2017/10/necromancy.webp
pastors-daughter.webp,https://files.jcrt.org/images/2017/10/pastors-daughter.webp
pdr.webp,https://files.jcrt.org/images/2017/10/pdr.webp
religion-vs-irreligious.webp,https://files.jcrt.org/images/2017/10/religion-vs-irreligious.webp
religious-pluralism.webp,https://files.jcrt.org/images/2017/10/religious-pluralism.webp
three-navajo-men-proceeding-as-war-gods-wellcome-v0038486.webp,https://files.jcrt.org/images/2017/10/three-navajo-men-proceeding-as-war-gods-wellcome-v0038486.webp
wordcloud.webp,https://files.jcrt.org/images/2017/10/wordcloud.webp
world-religions.webp,https://files.jcrt.org/images/2017/10/world-religions.webp
220px-nb-pinacoteca-stieler-friedrich-wilhelm-joseph-von-schelling.webp,https://files.jcrt.org/images/2017/11/220px-nb-pinacoteca-stieler-friedrich-wilhelm-joseph-von-schelling.webp
220px-nb_pinacoteca_stieler_friedrich_wilhelm_joseph_von_schelling.webp,https://files.jcrt.org/images/2017/11/220px-nb_pinacoteca_stieler_friedrich_wilhelm_joseph_von_schelling.webp
623529446-aefb3892c3-b.webp,https://files.jcrt.org/images/2017/11/623529446-aefb3892c3-b.webp
brian-massum-public-domain.webp,https://files.jcrt.org/images/2017/11/brian-massum-public-domain.webp
elettra-stimilli.webp,https://files.jcrt.org/images/2017/11/elettra-stimilli.webp
img-2543.webp,https://files.jcrt.org/images/2017/11/img-2543.webp
picassoguernica.webp,https://files.jcrt.org/images/2017/11/picassoguernica.webp
1024px-nuremberg-chronicles-basilea.webp,https://files.jcrt.org/images/2018/01/1024px-nuremberg-chronicles-basilea.webp
24054189-a75190ba-640.webp,https://files.jcrt.org/images/2018/01/24054189-a75190ba-640.webp
3454425607-ae45b1abb4-b.webp,https://files.jcrt.org/images/2018/01/3454425607-ae45b1abb4-b.webp
a867c350-b8ad-4896-b926-f0b71c0cb1f8.webp,https://files.jcrt.org/images/2018/01/a867c350-b8ad-4896-b926-f0b71c0cb1f8.webp
an-epitaph-of-a-nestorian-christian.webp,https://files.jcrt.org/images/2018/01/an-epitaph-of-a-nestorian-christian.webp
baptism-of-christ.webp,https://files.jcrt.org/images/2018/01/baptism-of-christ.webp
bloch-sermononthemount.webp,https://files.jcrt.org/images/2018/01/bloch-sermononthemount.webp
burning-bush.webp,https://files.jcrt.org/images/2018/01/burning-bush.webp
christ-breaking-bread.webp,https://files.jcrt.org/images/2018/01/christ-breaking-bread.webp
crucifixion-christian-cross-with-crucified-jesus-christ-statue-on-jesus-full-hd-images.webp,https://files.jcrt.org/images/2018/01/crucifixion-christian-cross-with-crucified-jesus-christ-statue-on-jesus-full-hd-images.webp
cyrus-ii-le-grand-et-les-hebreux.webp,https://files.jcrt.org/images/2018/01/cyrus-ii-le-grand-et-les-hebreux.webp
eucharist.webp,https://files.jcrt.org/images/2018/01/eucharist.webp
existential-religion.webp,https://files.jcrt.org/images/2018/01/existential-religion.webp
glory-of-the-new-born-christ-annakirche-vienna.webp,https://files.jcrt.org/images/2018/01/glory-of-the-new-born-christ-annakirche-vienna.webp
god-the-father.webp,https://files.jcrt.org/images/2018/01/god-the-father.webp
gospel-of-mark-chapter-1-3-bible-illustrations-by-sweet-media.webp,https://files.jcrt.org/images/2018/01/gospel-of-mark-chapter-1-3-bible-illustrations-by-sweet-media.webp
hand-488080-1280.webp,https://files.jcrt.org/images/2018/01/hand-488080-1280.webp
icon-st-cyril-of-alexandria.webp,https://files.jcrt.org/images/2018/01/icon-st-cyril-of-alexandria.webp
ira-giotto.webp,https://files.jcrt.org/images/2018/01/ira-giotto.webp
ira_giotto.webp,https://files.jcrt.org/images/2018/01/ira_giotto.webp
john-of-damascus-01.webp,https://files.jcrt.org/images/2018/01/john-of-damascus-01.webp
kingdom-of-heaven-icon-19-c-s-peterburg.webp,https://files.jcrt.org/images/2018/01/kingdom-of-heaven-icon-19-c-s-peterburg.webp
law-and-justice-concept.webp,https://files.jcrt.org/images/2018/01/law-and-justice-concept.webp
luther-at-the-diet-of-worms.webp,https://files.jcrt.org/images/2018/01/luther-at-the-diet-of-worms.webp
luther95theses.webp,https://files.jcrt.org/images/2018/01/luther95theses.webp
lutheran-book-of-concord.webp,https://files.jcrt.org/images/2018/01/lutheran-book-of-concord.webp
paul-feyerabend-berkeley.webp,https://files.jcrt.org/images/2018/01/paul-feyerabend-berkeley.webp
petropolis-holy-trinity-circles-symbol-stained-glass-window.webp,https://files.jcrt.org/images/2018/01/petropolis-holy-trinity-circles-symbol-stained-glass-window.webp
prayer.webp,https://files.jcrt.org/images/2018/01/prayer.webp
praying-hands-2534461-1280.webp,https://files.jcrt.org/images/2018/01/praying-hands-2534461-1280.webp
richard-dawkins-addressing.webp,https://files.jcrt.org/images/2018/01/richard-dawkins-addressing.webp
richard-kearny.webp,https://files.jcrt.org/images/2018/01/richard-kearny.webp
sacrament-church-window-glass-window-baptism-1016443.webp,https://files.jcrt.org/images/2018/01/sacrament-church-window-glass-window-baptism-1016443.webp
saint-john-the-baptist-in-the-wilderness-lacma-47-8-29.webp,https://files.jcrt.org/images/2018/01/saint-john-the-baptist-in-the-wilderness-lacma-47-8-29.webp
saint-john-the-baptist-preaching-to-the-masses-in-the-wilderness-oil-on-oak-panel-by-pieter-brueghel-the-younger.webp,https://files.jcrt.org/images/2018/01/saint-john-the-baptist-preaching-to-the-masses-in-the-wilderness-oil-on-oak-panel-by-pieter-brueghel-the-younger.webp
style-head-of-saint-john-the-baptist-by-an-anonymous-spanish-painter-c-1600-1650-cleveland-museum-of-art-ballpoint-0-4mp.webp,https://files.jcrt.org/images/2018/01/style-head-of-saint-john-the-baptist-by-an-anonymous-spanish-painter-c-1600-1650-cleveland-museum-of-art-ballpoint-0-4mp.webp
style-head_of_saint_john_the_baptist_by_an_anonymous_spanish_painter_c-_1600-1650_cleveland_museum_of_art-ballpoint-0-4mp.webp,https://files.jcrt.org/images/2018/01/style-head_of_saint_john_the_baptist_by_an_anonymous_spanish_painter_c-_1600-1650_cleveland_museum_of_art-ballpoint-0-4mp.webp
the-praying-jew.webp,https://files.jcrt.org/images/2018/01/the-praying-jew.webp
unanswered-prayers.webp,https://files.jcrt.org/images/2018/01/unanswered-prayers.webp
702px-john-calvin-by-holbein.webp,https://files.jcrt.org/images/2018/02/702px-john-calvin-by-holbein.webp
9780231181617.webp,https://files.jcrt.org/images/2018/02/9780231181617.webp
9781474423649.webp,https://files.jcrt.org/images/2018/02/9781474423649.webp
agamben-portrait.webp,https://files.jcrt.org/images/2018/02/agamben-portrait.webp
belief.webp,https://files.jcrt.org/images/2018/02/belief.webp
bible-christian-religious-worship-christianity-1948778.webp,https://files.jcrt.org/images/2018/02/bible-christian-religious-worship-christianity-1948778.webp
bible-paper.webp,https://files.jcrt.org/images/2018/02/bible-paper.webp
biblical-hermeneutics.webp,https://files.jcrt.org/images/2018/02/biblical-hermeneutics.webp
creation-796252-1280.webp,https://files.jcrt.org/images/2018/02/creation-796252-1280.webp
demonic.webp,https://files.jcrt.org/images/2018/02/demonic.webp
disappointment-statue.webp,https://files.jcrt.org/images/2018/02/disappointment-statue.webp
disappointment.webp,https://files.jcrt.org/images/2018/02/disappointment.webp
divinely-inspired.webp,https://files.jcrt.org/images/2018/02/divinely-inspired.webp
img-0502.webp,https://files.jcrt.org/images/2018/02/img-0502.webp
img-0604.webp,https://files.jcrt.org/images/2018/02/img-0604.webp
img_0502.webp,https://files.jcrt.org/images/2018/02/img_0502.webp
jacques-derrida.webp,https://files.jcrt.org/images/2018/02/jacques-derrida.webp
jcrt-logo-150.webp,https://files.jcrt.org/images/2018/02/jcrt-logo-150.webp
jean-luc-marion.webp,https://files.jcrt.org/images/2018/02/jean-luc-marion.webp
jeroboams-idolatry-bible-card.webp,https://files.jcrt.org/images/2018/02/jeroboams-idolatry-bible-card.webp
style-8022831138-b3bf36a30d-b-wavy-lines-0-4mp.webp,https://files.jcrt.org/images/2018/02/style-8022831138-b3bf36a30d-b-wavy-lines-0-4mp.webp
style-8022831138_b3bf36a30d_b-wavy-lines-0-4mp.webp,https://files.jcrt.org/images/2018/02/style-8022831138_b3bf36a30d_b-wavy-lines-0-4mp.webp
wh-auden.webp,https://files.jcrt.org/images/2018/02/wh-auden.webp
william-blake-satan-smiting-job-with-sore-boils-google-art-project.webp,https://files.jcrt.org/images/2018/02/william-blake-satan-smiting-job-with-sore-boils-google-art-project.webp
william_blake_-_satan_smiting_job_with_sore_boils_-_google_art_project.webp,https://files.jcrt.org/images/2018/02/william_blake_-_satan_smiting_job_with_sore_boils_-_google_art_project.webp
11932077953-0f5e07d6f2-b.webp,https://files.jcrt.org/images/2018/03/11932077953-0f5e07d6f2-b.webp
11932077953_0f5e07d6f2_b.webp,https://files.jcrt.org/images/2018/03/11932077953_0f5e07d6f2_b.webp
3486918378-c21bf0bc70-z.webp,https://files.jcrt.org/images/2018/03/3486918378-c21bf0bc70-z.webp
378618-10-o.webp,https://files.jcrt.org/images/2018/03/378618-10-o.webp
800px-christ-the-savior-cathedral-moscow.webp,https://files.jcrt.org/images/2018/03/800px-christ-the-savior-cathedral-moscow.webp
8498814456-e9d86033df-b.webp,https://files.jcrt.org/images/2018/03/8498814456-e9d86033df-b.webp
897px-nesterov-florensky-bulgakov.webp,https://files.jcrt.org/images/2018/03/897px-nesterov-florensky-bulgakov.webp
alexej-von-jawlensky-the-old-jew-1893.webp,https://files.jcrt.org/images/2018/03/alexej-von-jawlensky-the-old-jew-1893.webp
alexej_von_jawlensky_-_the_old_jew_1893.webp,https://files.jcrt.org/images/2018/03/alexej_von_jawlensky_-_the_old_jew_1893.webp
amanhecer-no-vale-do-jaborandi.webp,https://files.jcrt.org/images/2018/03/amanhecer-no-vale-do-jaborandi.webp
candomble.webp,https://files.jcrt.org/images/2018/03/candomble.webp
consciousness.webp,https://files.jcrt.org/images/2018/03/consciousness.webp
contrast-light-from-a-window.webp,https://files.jcrt.org/images/2018/03/contrast-light-from-a-window.webp
dp.webp,https://files.jcrt.org/images/2018/03/dp.webp
image.webp,https://files.jcrt.org/images/2018/03/image.webp
img-0719.webp,https://files.jcrt.org/images/2018/03/img-0719.webp
img-5030.webp,https://files.jcrt.org/images/2018/03/img-5030.webp
img-5702.webp,https://files.jcrt.org/images/2018/03/img-5702.webp
iskcon-temple-bhubaneswar-lord-jagannath-balabhadra-subhadra.webp,https://files.jcrt.org/images/2018/03/iskcon-temple-bhubaneswar-lord-jagannath-balabhadra-subhadra.webp
iskcon_temple_bhubaneswar_lord_jagannath_balabhadra_subhadra.webp,https://files.jcrt.org/images/2018/03/iskcon_temple_bhubaneswar_lord_jagannath_balabhadra_subhadra.webp
jbcol.webp,https://files.jcrt.org/images/2018/03/jbcol.webp
midrash-tehillim-30.webp,https://files.jcrt.org/images/2018/03/midrash-tehillim-30.webp
n-gogol-by-f-moller-1840-tretyakov-gallery.webp,https://files.jcrt.org/images/2018/03/n-gogol-by-f-moller-1840-tretyakov-gallery.webp
rabbis2a.webp,https://files.jcrt.org/images/2018/03/rabbis2a.webp
screen-shot-2018-03-16-at-9-29-50-am.webp,https://files.jcrt.org/images/2018/03/screen-shot-2018-03-16-at-9-29-50-am.webp
style-img-0868-oil-painting-0-4mp.webp,https://files.jcrt.org/images/2018/03/style-img-0868-oil-painting-0-4mp.webp
the-bible-inspired-of-god.webp,https://files.jcrt.org/images/2018/03/the-bible-inspired-of-god.webp
umbanda-e-declarada-patrimonio-imaterial-do-rio-de-janeiro-30867828775.webp,https://files.jcrt.org/images/2018/03/umbanda-e-declarada-patrimonio-imaterial-do-rio-de-janeiro-30867828775.webp
umberto-boccioni-1913-dynamism-of-a-cyclist-dinamismo-di-un-ciclista-oil-on-canvas-70-x-95-cm-gianni-mattioli-collection-on-long-term-loan-to-the-peggy-gugg.webp,https://files.jcrt.org/images/2018/03/umberto-boccioni-1913-dynamism-of-a-cyclist-dinamismo-di-un-ciclista-oil-on-canvas-70-x-95-cm-gianni-mattioli-collection-on-long-term-loan-to-the-peggy-gugg.webp
umberto_boccioni_1913_dynamism_of_a_cyclist_dinamismo_di_un_ciclista_oil_on_canvas_70_x_95_cm_gianni_mattioli_collection_on_long-term_loan_to_the_peggy_gugg.webp,https://files.jcrt.org/images/2018/03/umberto_boccioni_1913_dynamism_of_a_cyclist_dinamismo_di_un_ciclista_oil_on_canvas_70_x_95_cm_gianni_mattioli_collection_on_long-term_loan_to_the_peggy_gugg.webp
unnamed-14.webp,https://files.jcrt.org/images/2018/03/unnamed-14.webp
800px-michelangelo-moses-1.webp,https://files.jcrt.org/images/2018/04/800px-michelangelo-moses-1.webp
800px-michelangelo-moses.webp,https://files.jcrt.org/images/2018/04/800px-michelangelo-moses.webp
800px-michelangelo_moses-1.webp,https://files.jcrt.org/images/2018/04/800px-michelangelo_moses-1.webp
horror.webp,https://files.jcrt.org/images/2018/04/horror.webp
hqdefault.webp,https://files.jcrt.org/images/2018/04/hqdefault.webp
larger.webp,https://files.jcrt.org/images/2018/04/larger.webp
madmen-poster.webp,https://files.jcrt.org/images/2018/04/madmen-poster.webp
main-qimg-b5309b1968d7cc8717d1ffaf6ef4a50d-c.webp,https://files.jcrt.org/images/2018/04/main-qimg-b5309b1968d7cc8717d1ffaf6ef4a50d-c.webp
tenniel-nursery-tea-party-d-2407.webp,https://files.jcrt.org/images/2018/04/tenniel-nursery-tea-party-d-2407.webp
vasnetsov-samolet.webp,https://files.jcrt.org/images/2018/04/vasnetsov-samolet.webp
vasnetsov_samolet.webp,https://files.jcrt.org/images/2018/04/vasnetsov_samolet.webp
christian-mosaic.webp,https://files.jcrt.org/images/2018/05/christian-mosaic.webp
images.webp,https://files.jcrt.org/images/2018/05/images.webp
img-0921-1.webp,https://files.jcrt.org/images/2018/05/img-0921-1.webp
img-0921.webp,https://files.jcrt.org/images/2018/05/img-0921.webp
img-0946.webp,https://files.jcrt.org/images/2018/05/img-0946.webp
img_0921-1.webp,https://files.jcrt.org/images/2018/05/img_0921-1.webp
img_0946.webp,https://files.jcrt.org/images/2018/05/img_0946.webp
karl-barth.webp,https://files.jcrt.org/images/2018/05/karl-barth.webp
style-img-1047-pencil-drawing-0-4mp.webp,https://files.jcrt.org/images/2018/05/style-img-1047-pencil-drawing-0-4mp.webp
style-img-1091-finger-painting-0-4mp.webp,https://files.jcrt.org/images/2018/05/style-img-1091-finger-painting-0-4mp.webp
unknown-artist-agnus-dei-lamb-of-god-cappella-di-san-zenone-basilica-di-santa-prassede-all-esquillino-roma-italy-9th-century.webp,https://files.jcrt.org/images/2018/05/unknown-artist-agnus-dei-lamb-of-god-cappella-di-san-zenone-basilica-di-santa-prassede-all-esquillino-roma-italy-9th-century.webp
unnamed-1.webp,https://files.jcrt.org/images/2018/05/unnamed-1.webp
img-0310.webp,https://files.jcrt.org/images/2018/06/img-0310.webp
img_0310.webp,https://files.jcrt.org/images/2018/06/img_0310.webp
jacques-derrida.webp,https://files.jcrt.org/images/2018/06/jacques-derrida.webp
ludwig-feuerbach.webp,https://files.jcrt.org/images/2018/06/ludwig-feuerbach.webp
max-weber.webp,https://files.jcrt.org/images/2018/06/max-weber.webp
img-1464-1.webp,https://files.jcrt.org/images/2018/07/img-1464-1.webp
img-1638.webp,https://files.jcrt.org/images/2018/07/img-1638.webp
img_1464-1.webp,https://files.jcrt.org/images/2018/07/img_1464-1.webp
img_1638.webp,https://files.jcrt.org/images/2018/07/img_1638.webp
praghaus.webp,https://files.jcrt.org/images/2018/07/praghaus.webp
style-meditation-state-colorful-world-0-4mp.webp,https://files.jcrt.org/images/2018/07/style-meditation-state-colorful-world-0-4mp.webp
the-cow-pock.webp,https://files.jcrt.org/images/2018/07/the-cow-pock.webp
thumb-img-2156-1024.webp,https://files.jcrt.org/images/2018/07/thumb-img-2156-1024.webp
thumb_img_2156_1024.webp,https://files.jcrt.org/images/2018/07/thumb_img_2156_1024.webp
611992272.webp,https://files.jcrt.org/images/2018/08/611992272.webp
img-1270.webp,https://files.jcrt.org/images/2018/08/img-1270.webp
img-2603.webp,https://files.jcrt.org/images/2018/08/img-2603.webp
img_1270.webp,https://files.jcrt.org/images/2018/08/img_1270.webp
img_2603.webp,https://files.jcrt.org/images/2018/08/img_2603.webp
jacques-lacan-photo.webp,https://files.jcrt.org/images/2018/08/jacques-lacan-photo.webp
keys-to-the-kingdom.webp,https://files.jcrt.org/images/2018/08/keys-to-the-kingdom.webp
microchip-religion-593447879.webp,https://files.jcrt.org/images/2018/08/microchip-religion-593447879.webp
munch-the-scream.webp,https://files.jcrt.org/images/2018/08/munch-the-scream.webp
neurons-in-the-cosmos.webp,https://files.jcrt.org/images/2018/08/neurons-in-the-cosmos.webp
pope-neuroscience.webp,https://files.jcrt.org/images/2018/08/pope-neuroscience.webp
screen-shot-2018-08-07-at-9-41-37-pm.webp,https://files.jcrt.org/images/2018/08/screen-shot-2018-08-07-at-9-41-37-pm.webp
st-john-of-the-cross.webp,https://files.jcrt.org/images/2018/08/st-john-of-the-cross.webp
the-red-tower.webp,https://files.jcrt.org/images/2018/08/the-red-tower.webp
dervish-ceremony.webp,https://files.jcrt.org/images/2018/09/dervish-ceremony.webp
img-0497.webp,https://files.jcrt.org/images/2018/09/img-0497.webp
img-2675.webp,https://files.jcrt.org/images/2018/09/img-2675.webp
img_0497.webp,https://files.jcrt.org/images/2018/09/img_0497.webp
img_2675.webp,https://files.jcrt.org/images/2018/09/img_2675.webp
anna-sahlsten-passage-1.webp,https://files.jcrt.org/images/2018/10/anna-sahlsten-passage-1.webp
anna_sahlsten_-_passage-1.webp,https://files.jcrt.org/images/2018/10/anna_sahlsten_-_passage-1.webp
carlson.webp,https://files.jcrt.org/images/2018/10/carlson.webp
entry-of-jesus.webp,https://files.jcrt.org/images/2018/10/entry-of-jesus.webp
entry_of_jesus.webp,https://files.jcrt.org/images/2018/10/entry_of_jesus.webp
hb-58-87-1.webp,https://files.jcrt.org/images/2018/10/hb-58-87-1.webp
hb_58-87-1.webp,https://files.jcrt.org/images/2018/10/hb_58-87-1.webp
indigenous-peoples-4.webp,https://files.jcrt.org/images/2018/10/indigenous-peoples-4.webp
the-ruins-of-time.webp,https://files.jcrt.org/images/2018/11/the-ruins-of-time.webp
img-3597.webp,https://files.jcrt.org/images/2018/12/img-3597.webp
img_3597.webp,https://files.jcrt.org/images/2018/12/img_3597.webp
55c1056e-0b10-4b38-9128-b51fd8fbb1e3.webp,https://files.jcrt.org/images/2019/02/55c1056e-0b10-4b38-9128-b51fd8fbb1e3.webp
dewang-gupta-636342-unsplash.webp,https://files.jcrt.org/images/2019/02/dewang-gupta-636342-unsplash.webp
dhruv-weaver-618958-unsplash.webp,https://files.jcrt.org/images/2019/02/dhruv-weaver-618958-unsplash.webp
1600px-thumbnail.webp,https://files.jcrt.org/images/2019/03/1600px-thumbnail.webp
creek-war-treaty-1814.webp,https://files.jcrt.org/images/2019/03/creek-war-treaty-1814.webp
creek_war_treaty_1814.webp,https://files.jcrt.org/images/2019/03/creek_war_treaty_1814.webp
native-american-statue.webp,https://files.jcrt.org/images/2019/03/native-american-statue.webp
800px-holy-trinity-column-top.webp,https://files.jcrt.org/images/2019/04/800px-holy-trinity-column-top.webp
800px-holy_trinity_column_-_top.webp,https://files.jcrt.org/images/2019/04/800px-holy_trinity_column_-_top.webp
gauguin-christ-in-garden.webp,https://files.jcrt.org/images/2019/04/gauguin-christ-in-garden.webp
holderlin.webp,https://files.jcrt.org/images/2019/04/holderlin.webp
j-edwards.webp,https://files.jcrt.org/images/2019/04/j-edwards.webp
kirsh-1-071014.webp,https://files.jcrt.org/images/2019/04/kirsh-1-071014.webp
kirsh_1-071014.webp,https://files.jcrt.org/images/2019/04/kirsh_1-071014.webp
ludwig-wittgenstein.webp,https://files.jcrt.org/images/2019/04/ludwig-wittgenstein.webp
1920px-la-campina-romana1639-claude-lorrain.webp,https://files.jcrt.org/images/2019/05/1920px-la-campina-romana1639-claude-lorrain.webp
1920px-la_campina_romana1639_claude_lorrain.webp,https://files.jcrt.org/images/2019/05/1920px-la_campina_romana1639_claude_lorrain.webp
hegel-by-kugler-retouched.webp,https://files.jcrt.org/images/2019/05/hegel-by-kugler-retouched.webp
hegel_by_kugler_retouched.webp,https://files.jcrt.org/images/2019/05/hegel_by_kugler_retouched.webp
img-4233.webp,https://files.jcrt.org/images/2019/05/img-4233.webp
img_4233.webp,https://files.jcrt.org/images/2019/05/img_4233.webp
slavoj-zizek-2011.webp,https://files.jcrt.org/images/2019/05/slavoj-zizek-2011.webp
slavoj_zizek_2011.webp,https://files.jcrt.org/images/2019/05/slavoj_zizek_2011.webp
img-4448.webp,https://files.jcrt.org/images/2019/06/img-4448.webp
img_4448.webp,https://files.jcrt.org/images/2019/06/img_4448.webp
jewish-woman-free-image.webp,https://files.jcrt.org/images/2019/06/jewish-woman-free-image.webp
1599px-jewish-star-star-of-david-6002048043.webp,https://files.jcrt.org/images/2019/07/1599px-jewish-star-star-of-david-6002048043.webp
1599px-jewish_star_star_of_david_6002048043.webp,https://files.jcrt.org/images/2019/07/1599px-jewish_star_star_of_david_6002048043.webp
fetiche-ewe-togo-2.webp,https://files.jcrt.org/images/2019/07/fetiche-ewe-togo-2.webp
fetiche_ewe-togo_2.webp,https://files.jcrt.org/images/2019/07/fetiche_ewe-togo_2.webp
lome-fetish-market1.webp,https://files.jcrt.org/images/2019/07/lome-fetish-market1.webp
lome_fetish_market1.webp,https://files.jcrt.org/images/2019/07/lome_fetish_market1.webp
1571px-erastus-salisbury-field-the-garden-of-eden.webp,https://files.jcrt.org/images/2019/08/1571px-erastus-salisbury-field-the-garden-of-eden.webp
786px-allisvanity.webp,https://files.jcrt.org/images/2019/08/786px-allisvanity.webp
964px-angel-of-the-divine-presence-bringing-eve-to-adam-the-creation-of-eve-and-she-shall-be-called-woman-recto-sketch-for-the-same-verso-met-dp805381.webp,https://files.jcrt.org/images/2019/08/964px-angel-of-the-divine-presence-bringing-eve-to-adam-the-creation-of-eve-and-she-shall-be-called-woman-recto-sketch-for-the-same-verso-met-dp805381.webp
964px-angel_of_the_divine_presence_bringing_eve_to_adam_the_creation_of_eve-__and_she_shall_be_called_woman_recto_sketch_for_the_same_verso_met_dp805381.webp,https://files.jcrt.org/images/2019/08/964px-angel_of_the_divine_presence_bringing_eve_to_adam_the_creation_of_eve-__and_she_shall_be_called_woman_recto_sketch_for_the_same_verso_met_dp805381.webp
city-square.webp,https://files.jcrt.org/images/2019/08/city-square.webp
vassily-kandinsky-1923-composition-8-huile-sur-toile-140-cm-x-201-cm-musee-guggenheim-new-york.webp,https://files.jcrt.org/images/2019/08/vassily-kandinsky-1923-composition-8-huile-sur-toile-140-cm-x-201-cm-musee-guggenheim-new-york.webp
vassily_kandinsky_1923_-_composition_8_huile_sur_toile_140_cm_x_201_cm_musee_guggenheim_new_york.webp,https://files.jcrt.org/images/2019/08/vassily_kandinsky_1923_-_composition_8_huile_sur_toile_140_cm_x_201_cm_musee_guggenheim_new_york.webp
752px-carle-hessay-the-dark-riders-1971.webp,https://files.jcrt.org/images/2019/09/752px-carle-hessay-the-dark-riders-1971.webp
jesus-window.webp,https://files.jcrt.org/images/2019/09/jesus-window.webp
paolo-uccello-cacciata-dal-paradiso-terrestre-e-storie-di-caino-e-abele-1430-40-ca-09-caino-e-abele-bambini.webp,https://files.jcrt.org/images/2019/09/paolo-uccello-cacciata-dal-paradiso-terrestre-e-storie-di-caino-e-abele-1430-40-ca-09-caino-e-abele-bambini.webp
paolo_uccello_cacciata_dal_paradiso_terrestre_e_storie_di_caino_e_abele_1430-40_ca-_09_caino_e_abele_bambini.webp,https://files.jcrt.org/images/2019/09/paolo_uccello_cacciata_dal_paradiso_terrestre_e_storie_di_caino_e_abele_1430-40_ca-_09_caino_e_abele_bambini.webp
psychotrauma.webp,https://files.jcrt.org/images/2019/10/psychotrauma.webp
dali-graffiti.webp,https://files.jcrt.org/images/2019/11/dali-graffiti.webp
1436px-mosaic-with-lambs-and-excerpts-from-the-psalms-c-1910.webp,https://files.jcrt.org/images/2019/12/1436px-mosaic-with-lambs-and-excerpts-from-the-psalms-c-1910.webp
1600px-jonas-burgert-painting-admirers-at-denver-museum-of-contemporary-art.webp,https://files.jcrt.org/images/2019/12/1600px-jonas-burgert-painting-admirers-at-denver-museum-of-contemporary-art.webp
2560px-albert-bierstadt-a-storm-in-the-rocky-mountains-mt-rosalie-google-art-project-1.webp,https://files.jcrt.org/images/2019/12/2560px-albert-bierstadt-a-storm-in-the-rocky-mountains-mt-rosalie-google-art-project-1.webp
img-5442.webp,https://files.jcrt.org/images/2019/12/img-5442.webp
img-5550.webp,https://files.jcrt.org/images/2019/12/img-5550.webp
ossuary-bones.webp,https://files.jcrt.org/images/2019/12/ossuary-bones.webp
prayer.webp,https://files.jcrt.org/images/2019/12/prayer.webp
adoua-1.webp,https://files.jcrt.org/images/2020/01/adoua-1.webp
adoua_1.webp,https://files.jcrt.org/images/2020/01/adoua_1.webp
buchcover-1572453224d0o.webp,https://files.jcrt.org/images/2020/01/buchcover-1572453224d0o.webp
lacanja-burn-crop.webp,https://files.jcrt.org/images/2020/01/lacanja-burn-crop.webp
lacanja_burn_crop.webp,https://files.jcrt.org/images/2020/01/lacanja_burn_crop.webp
zapatismo-picture-marcos.webp,https://files.jcrt.org/images/2020/01/zapatismo-picture-marcos.webp
zapatismo_picture_marcos.webp,https://files.jcrt.org/images/2020/01/zapatismo_picture_marcos.webp
1599px-ethiopian-mothers-with-babies.webp,https://files.jcrt.org/images/2020/02/1599px-ethiopian-mothers-with-babies.webp
1599px-ethiopian_mothers_with_babies.webp,https://files.jcrt.org/images/2020/02/1599px-ethiopian_mothers_with_babies.webp
doctor-who-experience-3998731216.webp,https://files.jcrt.org/images/2020/02/doctor-who-experience-3998731216.webp
doctor_who_experience_3998731216.webp,https://files.jcrt.org/images/2020/02/doctor_who_experience_3998731216.webp
syrian-immigrants.webp,https://files.jcrt.org/images/2020/02/syrian-immigrants.webp
1280px-last-judgement-michelangelo.webp,https://files.jcrt.org/images/2020/03/1280px-last-judgement-michelangelo.webp
1280px-last_judgement_michelangelo.webp,https://files.jcrt.org/images/2020/03/1280px-last_judgement_michelangelo.webp
apocalypse-albert-goodwin.webp,https://files.jcrt.org/images/2020/03/apocalypse-albert-goodwin.webp
apocalypse-albert_goodwin.webp,https://files.jcrt.org/images/2020/03/apocalypse-albert_goodwin.webp
catholicism-benedictine-monastery-god-christ-jesus-virgin-mary-christianity-569944.webp,https://files.jcrt.org/images/2020/03/catholicism-benedictine-monastery-god-christ-jesus-virgin-mary-christianity-569944.webp
catholicism_benedictine_monastery_god_christ_jesus_virgin_mary_christianity-569944.webp,https://files.jcrt.org/images/2020/03/catholicism_benedictine_monastery_god_christ_jesus_virgin_mary_christianity-569944.webp
deployment.webp,https://files.jcrt.org/images/2020/04/deployment.webp
download.webp,https://files.jcrt.org/images/2020/04/download.webp
eisa-shikawi.webp,https://files.jcrt.org/images/2020/04/eisa-shikawi.webp
eisa_shikawi.webp,https://files.jcrt.org/images/2020/04/eisa_shikawi.webp
scheler-max.webp,https://files.jcrt.org/images/2020/04/scheler-max.webp
scheler_max.webp,https://files.jcrt.org/images/2020/04/scheler_max.webp
876px-s-ren_kierkegaard_1813-1855_-_9645353110.webp,https://files.jcrt.org/images/2020/05/876px-s-ren_kierkegaard_1813-1855_-_9645353110.webp
876px-sren-kierkegaard-1813-1855-9645353110.webp,https://files.jcrt.org/images/2020/05/876px-sren-kierkegaard-1813-1855-9645353110.webp
img-4260.webp,https://files.jcrt.org/images/2020/05/img-4260.webp
img-4279.webp,https://files.jcrt.org/images/2020/05/img-4279.webp
img-6506.webp,https://files.jcrt.org/images/2020/05/img-6506.webp
img_4260.webp,https://files.jcrt.org/images/2020/05/img_4260.webp
img_4279.webp,https://files.jcrt.org/images/2020/05/img_4279.webp
img_6506.webp,https://files.jcrt.org/images/2020/05/img_6506.webp
hieroglyphics-in-an-egyptian-temple.webp,https://files.jcrt.org/images/2020/06/hieroglyphics-in-an-egyptian-temple.webp
hieroglyphics_in_an_egyptian_temple.webp,https://files.jcrt.org/images/2020/06/hieroglyphics_in_an_egyptian_temple.webp
img-6566.webp,https://files.jcrt.org/images/2020/06/img-6566.webp
img_6566.webp,https://files.jcrt.org/images/2020/06/img_6566.webp
screen-shot-2020-06-08-at-9-34-57-pm.webp,https://files.jcrt.org/images/2020/06/screen-shot-2020-06-08-at-9-34-57-pm.webp
shonka-sabe.webp,https://files.jcrt.org/images/2020/06/shonka-sabe.webp
shonka_sabe.webp,https://files.jcrt.org/images/2020/06/shonka_sabe.webp
the-osage-council-with-other-osage-indians-who-came-to-washington-in-connection-with-gas-and-mineral-rights-on-the-osage-nation-in-oklahoma-commissioner-of-indian-affairs-cato-sells-lccn93515475-1.webp,https://files.jcrt.org/images/2020/06/the-osage-council-with-other-osage-indians-who-came-to-washington-in-connection-with-gas-and-mineral-rights-on-the-osage-nation-in-oklahoma-commissioner-of-indian-affairs-cato-sells-lccn93515475-1.webp
the-osage-council-with-other-osage-indians-who-came-to-washington-in-connection-with-gas-and-mineral-rights-on-the-osage-nation-in-oklahoma-commissioner-of-indian-affairs-cato-sells-lccn93515475.webp,https://files.jcrt.org/images/2020/06/the-osage-council-with-other-osage-indians-who-came-to-washington-in-connection-with-gas-and-mineral-rights-on-the-osage-nation-in-oklahoma-commissioner-of-indian-affairs-cato-sells-lccn93515475.webp
allan-ramsay-david-hume-1711-1776-historian-and-philosopher-google-art-project.webp,https://files.jcrt.org/images/2020/07/allan-ramsay-david-hume-1711-1776-historian-and-philosopher-google-art-project.webp
allan_ramsay_-_david_hume_1711_-_1776-_historian_and_philosopher_-_google_art_project.webp,https://files.jcrt.org/images/2020/07/allan_ramsay_-_david_hume_1711_-_1776-_historian_and_philosopher_-_google_art_project.webp
images.webp,https://files.jcrt.org/images/2020/07/images.webp
img-5428.webp,https://files.jcrt.org/images/2020/07/img-5428.webp
img-6855.webp,https://files.jcrt.org/images/2020/07/img-6855.webp
img_6855.webp,https://files.jcrt.org/images/2020/07/img_6855.webp
milagros.webp,https://files.jcrt.org/images/2020/07/milagros.webp
rubens-les-miracles-de-saint-benoit.webp,https://files.jcrt.org/images/2020/07/rubens-les-miracles-de-saint-benoit.webp
rubens-les_miracles_de_saint_benoit.webp,https://files.jcrt.org/images/2020/07/rubens-les_miracles_de_saint_benoit.webp
the-conquest-of-tenochtitlan.webp,https://files.jcrt.org/images/2020/07/the-conquest-of-tenochtitlan.webp
the_conquest_of_tenochtitlan.webp,https://files.jcrt.org/images/2020/07/the_conquest_of_tenochtitlan.webp
dietrich-bonhoeffer-und-wilhelm-rott-um-1938.webp,https://files.jcrt.org/images/2020/08/dietrich-bonhoeffer-und-wilhelm-rott-um-1938.webp
dietrich_bonhoeffer_und_wilhelm_rott_um_1938.webp,https://files.jcrt.org/images/2020/08/dietrich_bonhoeffer_und_wilhelm_rott_um_1938.webp
img-5070-1.webp,https://files.jcrt.org/images/2020/08/img-5070-1.webp
img-5070.webp,https://files.jcrt.org/images/2020/08/img-5070.webp
img_5070-1.webp,https://files.jcrt.org/images/2020/08/img_5070-1.webp
screen-shot-2020-08-17-at-5-00-03-pm.webp,https://files.jcrt.org/images/2020/08/screen-shot-2020-08-17-at-5-00-03-pm.webp
geographica-restituta-per-globi-trientes-norman-b-leventhal-map-center-at-the-bpl.webp,https://files.jcrt.org/images/2020/09/geographica-restituta-per-globi-trientes-norman-b-leventhal-map-center-at-the-bpl.webp
geographica_restituta_per_globi_trientes_-_norman_b-_leventhal_map_center_at_the_bpl.webp,https://files.jcrt.org/images/2020/09/geographica_restituta_per_globi_trientes_-_norman_b-_leventhal_map_center_at_the_bpl.webp
man-male-tshirt-fashion-1.webp,https://files.jcrt.org/images/2020/09/man-male-tshirt-fashion-1.webp
candi-ceto-lingam-and-yoni-1259.webp,https://files.jcrt.org/images/2020/10/candi-ceto-lingam-and-yoni-1259.webp
candi_ceto_lingam_and_yoni_1259.webp,https://files.jcrt.org/images/2020/10/candi_ceto_lingam_and_yoni_1259.webp
jaques-lacan.webp,https://files.jcrt.org/images/2020/10/jaques-lacan.webp
jaques_lacan.webp,https://files.jcrt.org/images/2020/10/jaques_lacan.webp
pair-of-mandarin-ducks.webp,https://files.jcrt.org/images/2020/10/pair-of-mandarin-ducks.webp
pair_of_mandarin_ducks.webp,https://files.jcrt.org/images/2020/10/pair_of_mandarin_ducks.webp
1600px-jones-point-park-boundary-markers-along-the-path.webp,https://files.jcrt.org/images/2020/11/1600px-jones-point-park-boundary-markers-along-the-path.webp
1600px-jones_point_park_-_boundary_markers_along_the_path.webp,https://files.jcrt.org/images/2020/11/1600px-jones_point_park_-_boundary_markers_along_the_path.webp
1600px-life-of-pi-30790302401.webp,https://files.jcrt.org/images/2020/11/1600px-life-of-pi-30790302401.webp
1600px-life_of_pi_30790302401.webp,https://files.jcrt.org/images/2020/11/1600px-life_of_pi_30790302401.webp
black-background-close-up-dark-face-fashion-female-girl-lady-1560227.webp,https://files.jcrt.org/images/2020/11/black-background-close-up-dark-face-fashion-female-girl-lady-1560227.webp
black_background_close_up_dark_face_fashion_female_girl_lady-1560227.webp,https://files.jcrt.org/images/2020/11/black_background_close_up_dark_face_fashion_female_girl_lady-1560227.webp
crisis-city.webp,https://files.jcrt.org/images/2020/11/crisis-city.webp
cropped-black-background-close-up-dark-face-fashion-female-girl-lady-1560227.webp,https://files.jcrt.org/images/2020/11/cropped-black-background-close-up-dark-face-fashion-female-girl-lady-1560227.webp
legend.webp,https://files.jcrt.org/images/2020/11/legend.webp
toni-morrison-2008-2.webp,https://files.jcrt.org/images/2020/11/toni-morrison-2008-2.webp
toni_morrison_2008-2.webp,https://files.jcrt.org/images/2020/11/toni_morrison_2008-2.webp
albert-bierstadt-farallon-island-1887-oil-on-canvas.webp,https://files.jcrt.org/images/2020/12/albert-bierstadt-farallon-island-1887-oil-on-canvas.webp
albert_bierstadt_farallon_island_1887_oil_on_canvas.webp,https://files.jcrt.org/images/2020/12/albert_bierstadt_farallon_island_1887_oil_on_canvas.webp
rabbi-pinchas-hakohen-lintup.webp,https://files.jcrt.org/images/2020/12/rabbi-pinchas-hakohen-lintup.webp
rabbi_pinchas_hakohen_lintup.webp,https://files.jcrt.org/images/2020/12/rabbi_pinchas_hakohen_lintup.webp
scheme-of-christian-kabbalism-from-heinrich-khunrath-amphiteatrum-sapientiae-aeternae-met-dp820686-1.webp,https://files.jcrt.org/images/2020/12/scheme-of-christian-kabbalism-from-heinrich-khunrath-amphiteatrum-sapientiae-aeternae-met-dp820686-1.webp
scheme-of-christian-kabbalism-from-heinrich-khunrath-amphiteatrum-sapientiae-aeternae-met-dp820686.webp,https://files.jcrt.org/images/2020/12/scheme-of-christian-kabbalism-from-heinrich-khunrath-amphiteatrum-sapientiae-aeternae-met-dp820686.webp
scheme_of_christian_kabbalism_from_heinrich_khunrath_amphiteatrum_sapientiae_aeternae_met_dp820686-1.webp,https://files.jcrt.org/images/2020/12/scheme_of_christian_kabbalism_from_heinrich_khunrath_amphiteatrum_sapientiae_aeternae_met_dp820686-1.webp
wmignolo.webp,https://files.jcrt.org/images/2020/12/wmignolo.webp
1133px-1949-hudson-mound-builders-2831253030.webp,https://files.jcrt.org/images/2021/01/1133px-1949-hudson-mound-builders-2831253030.webp
1133px-1949_hudson_mound_builders_2831253030.webp,https://files.jcrt.org/images/2021/01/1133px-1949_hudson_mound_builders_2831253030.webp
1600px-machu-picchu-the-lost-city-of-the-inca-empire.webp,https://files.jcrt.org/images/2021/01/1600px-machu-picchu-the-lost-city-of-the-inca-empire.webp
1600px-machu_picchu_the_lost_city_of_the_inca_empire.webp,https://files.jcrt.org/images/2021/01/1600px-machu_picchu_the_lost_city_of_the_inca_empire.webp
1600px-bible-illustrations-01-genesis-01-02-sweet-publishing.webp,https://files.jcrt.org/images/2021/02/1600px-bible-illustrations-01-genesis-01-02-sweet-publishing.webp
1600px-bible_illustrations_01_genesis_01_02_sweet_publishing.webp,https://files.jcrt.org/images/2021/02/1600px-bible_illustrations_01_genesis_01_02_sweet_publishing.webp
god-by-gabe-alberro.webp,https://files.jcrt.org/images/2021/02/god-by-gabe-alberro.webp
god_by_gabe_alberro.webp,https://files.jcrt.org/images/2021/02/god_by_gabe_alberro.webp
img-7446-1.webp,https://files.jcrt.org/images/2021/03/img-7446-1.webp
img-7446.webp,https://files.jcrt.org/images/2021/03/img-7446.webp
img_7446-1.webp,https://files.jcrt.org/images/2021/03/img_7446-1.webp
inuit-kleidung-1.webp,https://files.jcrt.org/images/2021/03/inuit-kleidung-1.webp
inuit-kleidung_1.webp,https://files.jcrt.org/images/2021/03/inuit-kleidung_1.webp
janus.webp,https://files.jcrt.org/images/2021/03/janus.webp
machu-picchu-peru.webp,https://files.jcrt.org/images/2021/03/machu-picchu-peru.webp
machu_picchu_peru.webp,https://files.jcrt.org/images/2021/03/machu_picchu_peru.webp
sikoslingmuit-eskimo-woman-southern-baffin-island-copper-plate-engraving-17459827988.webp,https://files.jcrt.org/images/2021/03/sikoslingmuit-eskimo-woman-southern-baffin-island-copper-plate-engraving-17459827988.webp
sikoslingmuit_eskimo_woman-_southern_baffin_island-_copper-plate_engraving_17459827988.webp,https://files.jcrt.org/images/2021/03/sikoslingmuit_eskimo_woman-_southern_baffin_island-_copper-plate_engraving_17459827988.webp
2014-08-25-simoneweilcroquis-byth-rioult.webp,https://files.jcrt.org/images/2021/05/2014-08-25-simoneweilcroquis-byth-rioult.webp
800px-la-conquista-del-colorado.webp,https://files.jcrt.org/images/2021/05/800px-la-conquista-del-colorado.webp
800px-la_conquista_del_colorado.webp,https://files.jcrt.org/images/2021/05/800px-la_conquista_del_colorado.webp
aamidor-on-chuck-taylor-image-2.webp,https://files.jcrt.org/images/2021/05/aamidor-on-chuck-taylor-image-2.webp
cropped-2014-08-25-simoneweilcroquis-byth-rioult.webp,https://files.jcrt.org/images/2021/05/cropped-2014-08-25-simoneweilcroquis-byth-rioult.webp
fishing-pole.webp,https://files.jcrt.org/images/2021/05/fishing-pole.webp
tikal-mayan-ruins-2009.webp,https://files.jcrt.org/images/2021/05/tikal-mayan-ruins-2009.webp
tikal_mayan_ruins_2009.webp,https://files.jcrt.org/images/2021/05/tikal_mayan_ruins_2009.webp
bancnotes.webp,https://files.jcrt.org/images/2021/06/bancnotes.webp
nama-man-greeting-us-3693359757.webp,https://files.jcrt.org/images/2021/06/nama-man-greeting-us-3693359757.webp
nama_man_greeting_us_3693359757.webp,https://files.jcrt.org/images/2021/06/nama_man_greeting_us_3693359757.webp
speakers-latino.webp,https://files.jcrt.org/images/2021/06/speakers-latino.webp
speakers_latino.webp,https://files.jcrt.org/images/2021/06/speakers_latino.webp
the-kiss-klimt-1.webp,https://files.jcrt.org/images/2021/06/the-kiss-klimt-1.webp
the_kiss_klimt-1.webp,https://files.jcrt.org/images/2021/06/the_kiss_klimt-1.webp
800px-modern-art-gallery.webp,https://files.jcrt.org/images/2021/07/800px-modern-art-gallery.webp
800px-modern_art_gallery.webp,https://files.jcrt.org/images/2021/07/800px-modern_art_gallery.webp
dd-l.webp,https://files.jcrt.org/images/2021/07/dd-l.webp
img-8685-1.webp,https://files.jcrt.org/images/2021/07/img-8685-1.webp
img_8685-1.webp,https://files.jcrt.org/images/2021/07/img_8685-1.webp
online-ma-1.webp,https://files.jcrt.org/images/2021/07/online-ma-1.webp
screen-shot-2021-07-14-at-11-56-23-am.webp,https://files.jcrt.org/images/2021/07/screen-shot-2021-07-14-at-11-56-23-am.webp
800px-bororo004.webp,https://files.jcrt.org/images/2021/08/800px-bororo004.webp
dd-l-1.webp,https://files.jcrt.org/images/2021/08/dd-l-1.webp
hagiasophia-dome-pixinn-net.webp,https://files.jcrt.org/images/2021/08/hagiasophia-dome-pixinn-net.webp
hagiasophia_dome_pixinn-net.webp,https://files.jcrt.org/images/2021/08/hagiasophia_dome_pixinn-net.webp
menina-da-etnia-terena-1.webp,https://files.jcrt.org/images/2021/08/menina-da-etnia-terena-1.webp
menina_da_etnia_terena-1.webp,https://files.jcrt.org/images/2021/08/menina_da_etnia_terena-1.webp
race.webp,https://files.jcrt.org/images/2021/08/race.webp
whiteshift.webp,https://files.jcrt.org/images/2021/08/whiteshift.webp
800px-faith-fides-from-the-virtues-met-dp818312.webp,https://files.jcrt.org/images/2021/09/800px-faith-fides-from-the-virtues-met-dp818312.webp
800px-faith_fides_from_the_virtues_met_dp818312.webp,https://files.jcrt.org/images/2021/09/800px-faith_fides_from_the_virtues_met_dp818312.webp
edward-howell-vltjdp8zy1c-unsplash-e1631911473205.webp,https://files.jcrt.org/images/2021/09/edward-howell-vltjdp8zy1c-unsplash-e1631911473205.webp
edward-howell-vltjdp8zy1c-unsplash.webp,https://files.jcrt.org/images/2021/09/edward-howell-vltjdp8zy1c-unsplash.webp
haley-lawrence-ewyga88k0yg-unsplash-1-e1631557653881.webp,https://files.jcrt.org/images/2021/09/haley-lawrence-ewyga88k0yg-unsplash-1-e1631557653881.webp
haley-lawrence-ewyga88k0yg-unsplash-1.webp,https://files.jcrt.org/images/2021/09/haley-lawrence-ewyga88k0yg-unsplash-1.webp
the-theological-virtues-faith-charity-hope-met-dt7354.webp,https://files.jcrt.org/images/2021/09/the-theological-virtues-faith-charity-hope-met-dt7354.webp
the_theological_virtues-_faith_charity_hope_met_dt7354.webp,https://files.jcrt.org/images/2021/09/the_theological_virtues-_faith_charity_hope_met_dt7354.webp
elliotm-v9x4-acapus-unsplash-1.webp,https://files.jcrt.org/images/2021/10/elliotm-v9x4-acapus-unsplash-1.webp
elliotm-v9x4-acapus-unsplash.webp,https://files.jcrt.org/images/2021/10/elliotm-v9x4-acapus-unsplash.webp
screen-shot-2021-10-21-at-9-57-51-pm.webp,https://files.jcrt.org/images/2021/10/screen-shot-2021-10-21-at-9-57-51-pm.webp
800px-wandbild-portrait-george-floyd-von-eme-street-art-im-mauerpark-berlin.webp,https://files.jcrt.org/images/2021/11/800px-wandbild-portrait-george-floyd-von-eme-street-art-im-mauerpark-berlin.webp
800px-wandbild_portrait_george_floyd_von_eme_street_art_im_mauerpark_berlin.webp,https://files.jcrt.org/images/2021/11/800px-wandbild_portrait_george_floyd_von_eme_street_art_im_mauerpark_berlin.webp
abrahams-sacrifice-the-sacrifice-of-isaac-met-dp888579.webp,https://files.jcrt.org/images/2021/11/abrahams-sacrifice-the-sacrifice-of-isaac-met-dp888579.webp
abrahams_sacrifice_the_sacrifice_of_isaac_met_dp888579-1119x642.webp,https://files.jcrt.org/images/2021/11/abrahams_sacrifice_the_sacrifice_of_isaac_met_dp888579-1119x642.webp
800px-apophysis-cyclone.webp,https://files.jcrt.org/images/2021/12/800px-apophysis-cyclone.webp
800px-apophysis_cyclone.webp,https://files.jcrt.org/images/2021/12/800px-apophysis_cyclone.webp
visnow-example-visualization-molecular-electrostatics.webp,https://files.jcrt.org/images/2021/12/visnow-example-visualization-molecular-electrostatics.webp
visnow_example_visualization_-_molecular_electrostatics.webp,https://files.jcrt.org/images/2021/12/visnow_example_visualization_-_molecular_electrostatics.webp
clouds-and-water-met-dp236116.webp,https://files.jcrt.org/images/2022/01/clouds-and-water-met-dp236116.webp
clouds_and_water_met_dp236116.webp,https://files.jcrt.org/images/2022/01/clouds_and_water_met_dp236116.webp
irish-ruins.webp,https://files.jcrt.org/images/2022/01/irish-ruins.webp
seabirds.webp,https://files.jcrt.org/images/2022/01/seabirds.webp
abraham-abulafia-artwork.webp,https://files.jcrt.org/images/2022/02/abraham-abulafia-artwork.webp
abraham-abulafia_artwork.webp,https://files.jcrt.org/images/2022/02/abraham-abulafia_artwork.webp
allee-jacques-derrida-paris-vi-fr75-2021-07-29-1.webp,https://files.jcrt.org/images/2022/02/allee-jacques-derrida-paris-vi-fr75-2021-07-29-1.webp
allee_jacques_derrida_-_paris_vi_fr75_-_2021-07-29_-_1-1200x642.webp,https://files.jcrt.org/images/2022/02/allee_jacques_derrida_-_paris_vi_fr75_-_2021-07-29_-_1-1200x642.webp
holsweg.webp,https://files.jcrt.org/images/2022/02/holsweg.webp
crack-3364707-1280.webp,https://files.jcrt.org/images/2022/03/crack-3364707-1280.webp
crack-3364707_1280.webp,https://files.jcrt.org/images/2022/03/crack-3364707_1280.webp
guernica-museum-sofia-queen-on-july-2018-rotated.webp,https://files.jcrt.org/images/2022/03/guernica-museum-sofia-queen-on-july-2018-rotated.webp
guernica_museum_sofia_queen_on_july_2018-rotated.webp,https://files.jcrt.org/images/2022/03/guernica_museum_sofia_queen_on_july_2018-rotated.webp
800px-la-vision-de-tatutsi-xuweri-timaiweme-arte-del-pueblo-wixarika.webp,https://files.jcrt.org/images/2022/04/800px-la-vision-de-tatutsi-xuweri-timaiweme-arte-del-pueblo-wixarika.webp
800px-la_vision_de_tatutsi_xuweri_timaiweme_-_arte_del_pueblo_wixarika.webp,https://files.jcrt.org/images/2022/04/800px-la_vision_de_tatutsi_xuweri_timaiweme_-_arte_del_pueblo_wixarika.webp
dassanech-girl-omerate-ethiopia-21073880372-1.webp,https://files.jcrt.org/images/2022/05/dassanech-girl-omerate-ethiopia-21073880372-1.webp
dassanech-girl-omerate-ethiopia-21073880372.webp,https://files.jcrt.org/images/2022/05/dassanech-girl-omerate-ethiopia-21073880372.webp
dassanech_girl_omerate_ethiopia_21073880372-1.webp,https://files.jcrt.org/images/2022/05/dassanech_girl_omerate_ethiopia_21073880372-1.webp
gudina-tumsas-grav.webp,https://files.jcrt.org/images/2022/05/gudina-tumsas-grav.webp
gudina_tumsas_grav.webp,https://files.jcrt.org/images/2022/05/gudina_tumsas_grav.webp
aboriginal-sovereignty-panoramio.webp,https://files.jcrt.org/images/2022/06/aboriginal-sovereignty-panoramio.webp
aboriginal_sovereignty_-_panoramio.webp,https://files.jcrt.org/images/2022/06/aboriginal_sovereignty_-_panoramio.webp
charles-h-long.webp,https://files.jcrt.org/images/2022/06/charles-h-long.webp
leviathan-hobbes-leviathan-1651-title-page-bl.webp,https://files.jcrt.org/images/2022/06/leviathan-hobbes-leviathan-1651-title-page-bl.webp
leviathan_-_hobbes_leviathan_1651_title_page_-_bl.webp,https://files.jcrt.org/images/2022/06/leviathan_-_hobbes_leviathan_1651_title_page_-_bl.webp
tigray-near-yeha-ethiopia.webp,https://files.jcrt.org/images/2022/06/tigray-near-yeha-ethiopia.webp
tigray_near_yeha_ethiopia.webp,https://files.jcrt.org/images/2022/06/tigray_near_yeha_ethiopia.webp
800px-haitian-vodou-altar-to-petwo-rada-and-gede-spirits-november-5-2010.webp,https://files.jcrt.org/images/2022/08/800px-haitian-vodou-altar-to-petwo-rada-and-gede-spirits-november-5-2010.webp
800px-haitian_vodou_altar_to_petwo_rada_and_gede_spirits_november_5_2010.webp,https://files.jcrt.org/images/2022/08/800px-haitian_vodou_altar_to_petwo_rada_and_gede_spirits_november_5_2010.webp
iaptdbras.webp,https://files.jcrt.org/images/2022/08/iaptdbras.webp
img-0123-2.webp,https://files.jcrt.org/images/2022/08/img-0123-2.webp
img_0123-2.webp,https://files.jcrt.org/images/2022/08/img_0123-2.webp
quran-inscriptions-on-wall-lodhi-gardens-delhi.webp,https://files.jcrt.org/images/2022/08/quran-inscriptions-on-wall-lodhi-gardens-delhi.webp
quran_inscriptions_on_wall_lodhi_gardens_delhi.webp,https://files.jcrt.org/images/2022/08/quran_inscriptions_on_wall_lodhi_gardens_delhi.webp
willmette-how.webp,https://files.jcrt.org/images/2022/08/willmette-how.webp
willmette_how.webp,https://files.jcrt.org/images/2022/08/willmette_how.webp
worship-band.webp,https://files.jcrt.org/images/2022/08/worship-band.webp
august-labicana-massimo-inv56230-n2.webp,https://files.jcrt.org/images/2022/10/august-labicana-massimo-inv56230-n2.webp
august_labicana_massimo_inv56230_n2.webp,https://files.jcrt.org/images/2022/10/august_labicana_massimo_inv56230_n2.webp
isabella-whiteford.webp,https://files.jcrt.org/images/2022/10/isabella-whiteford.webp
isabella_whiteford.webp,https://files.jcrt.org/images/2022/10/isabella_whiteford.webp
tellus-ara-pacis.webp,https://files.jcrt.org/images/2022/10/tellus-ara-pacis.webp
tellus_-_ara_pacis.webp,https://files.jcrt.org/images/2022/10/tellus_-_ara_pacis.webp
1600px-john-wesley-preaching-to-native-american-indians-engraving-wellcome-v0006867.webp,https://files.jcrt.org/images/2022/11/1600px-john-wesley-preaching-to-native-american-indians-engraving-wellcome-v0006867.webp
1600px-john_wesley_preaching_to_native_american_indians-_engraving-_wellcome_v0006867-1210x642.webp,https://files.jcrt.org/images/2022/11/1600px-john_wesley_preaching_to_native_american_indians-_engraving-_wellcome_v0006867-1210x642.webp
indian-picture.webp,https://files.jcrt.org/images/2022/11/indian-picture.webp
native-american-women.webp,https://files.jcrt.org/images/2022/11/native-american-women.webp
1600px-platos-symposium-met-dp888791.webp,https://files.jcrt.org/images/2022/12/1600px-platos-symposium-met-dp888791.webp
1600px-platos_symposium_met_dp888791.webp,https://files.jcrt.org/images/2022/12/1600px-platos_symposium_met_dp888791.webp
retro-futurism.webp,https://files.jcrt.org/images/2022/12/retro-futurism.webp
rodin-the-thinker-p1070090.webp,https://files.jcrt.org/images/2022/12/rodin-the-thinker-p1070090.webp
rodin_the_thinker_p1070090.webp,https://files.jcrt.org/images/2022/12/rodin_the_thinker_p1070090.webp
american-flag-spanish-mission.webp,https://files.jcrt.org/images/2023/02/american-flag-spanish-mission.webp
hegel-042.webp,https://files.jcrt.org/images/2023/02/hegel-042.webp
hegel-dancing.webp,https://files.jcrt.org/images/2023/02/hegel-dancing.webp
hegel_042.webp,https://files.jcrt.org/images/2023/02/hegel_042.webp
satan2.webp,https://files.jcrt.org/images/2023/02/satan2.webp
socrates-statue-at-the-louvre-8-april-2013.webp,https://files.jcrt.org/images/2023/02/socrates-statue-at-the-louvre-8-april-2013.webp
socrates_statue_at_the_louvre_8_april_2013.webp,https://files.jcrt.org/images/2023/02/socrates_statue_at_the_louvre_8_april_2013.webp
800px-mongol-shaman-just-before-rituals.webp,https://files.jcrt.org/images/2023/04/800px-mongol-shaman-just-before-rituals.webp
800px-mongol_shaman_just_before_rituals.webp,https://files.jcrt.org/images/2023/04/800px-mongol_shaman_just_before_rituals.webp
800px-volute-krater-wedding-purifying-b-lucania-roccanova-painter-350-325-bc-prague-nm-h10-4759-151621.webp,https://files.jcrt.org/images/2023/04/800px-volute-krater-wedding-purifying-b-lucania-roccanova-painter-350-325-bc-prague-nm-h10-4759-151621.webp
800px-volute_krater_wedding_purifying_b_lucania_roccanova_painter_350-325_bc_prague_nm-h10_4759_151621.webp,https://files.jcrt.org/images/2023/04/800px-volute_krater_wedding_purifying_b_lucania_roccanova_painter_350-325_bc_prague_nm-h10_4759_151621.webp
screenshot-2023-04-09-at-10-45-25-pm.webp,https://files.jcrt.org/images/2023/04/screenshot-2023-04-09-at-10-45-25-pm.webp
homosexuality-in-khajuraho-sculpture.webp,https://files.jcrt.org/images/2023/05/homosexuality-in-khajuraho-sculpture.webp
homosexuality_in_khajuraho_sculpture.webp,https://files.jcrt.org/images/2023/05/homosexuality_in_khajuraho_sculpture.webp
jerusalem-gay-pride-parade-05-1.webp,https://files.jcrt.org/images/2023/05/jerusalem-gay-pride-parade-05-1.webp
jerusalem-gay-pride-parade-05.webp,https://files.jcrt.org/images/2023/05/jerusalem-gay-pride-parade-05.webp
jerusalem_gay_pride_parade_05-1.webp,https://files.jcrt.org/images/2023/05/jerusalem_gay_pride_parade_05-1.webp
stellen.webp,https://files.jcrt.org/images/2023/05/stellen.webp
1024px-hofmann-lehrbuch-brain-gunshot.webp,https://files.jcrt.org/images/2023/07/1024px-hofmann-lehrbuch-brain-gunshot.webp
1024px-hofmann_lehrbuch_brain_gunshot.webp,https://files.jcrt.org/images/2023/07/1024px-hofmann_lehrbuch_brain_gunshot.webp
emmanuel-levinas-cropped.webp,https://files.jcrt.org/images/2023/07/emmanuel-levinas-cropped.webp
emmanuel_levinas_cropped.webp,https://files.jcrt.org/images/2023/07/emmanuel_levinas_cropped.webp
ta-prohm-iii.webp,https://files.jcrt.org/images/2023/07/ta-prohm-iii.webp
ta_prohm_iii.webp,https://files.jcrt.org/images/2023/07/ta_prohm_iii.webp
baruch-spinoza-plaque-budapest07-cropped.webp,https://files.jcrt.org/images/2023/08/baruch-spinoza-plaque-budapest07-cropped.webp
baruch_spinoza_plaque_budapest07_cropped.webp,https://files.jcrt.org/images/2023/08/baruch_spinoza_plaque_budapest07_cropped.webp
joan-miro-dona-i-ocell-2.webp,https://files.jcrt.org/images/2023/08/joan-miro-dona-i-ocell-2.webp
joan_miro_-_dona_i_ocell_2.webp,https://files.jcrt.org/images/2023/08/joan_miro_-_dona_i_ocell_2.webp
screenshot-2023-08-11-at-11-35-37-am.webp,https://files.jcrt.org/images/2023/08/screenshot-2023-08-11-at-11-35-37-am.webp
albert-niemeyer-2016-andy-warhol.webp,https://files.jcrt.org/images/2023/09/albert-niemeyer-2016-andy-warhol.webp
albert-niemeyer-2016_andy_warhol.webp,https://files.jcrt.org/images/2023/09/albert-niemeyer-2016_andy_warhol.webp
keller.webp,https://files.jcrt.org/images/2023/09/keller.webp
viewing-robert-smithsons-spiral-jetty-on-june-18th-2018.webp,https://files.jcrt.org/images/2023/09/viewing-robert-smithsons-spiral-jetty-on-june-18th-2018.webp
viewing_robert_smithsons_spiral_jetty_on_june_18th_2018-1200x642.webp,https://files.jcrt.org/images/2023/09/viewing_robert_smithsons_spiral_jetty_on_june_18th_2018-1200x642.webp
img-1693.webp,https://files.jcrt.org/images/2023/12/img-1693.webp
img-1797.webp,https://files.jcrt.org/images/2023/12/img-1797.webp
img_1693.webp,https://files.jcrt.org/images/2023/12/img_1693.webp
img_1797.webp,https://files.jcrt.org/images/2023/12/img_1797.webp
screenshot-2023-12-25-at-5-56-48-pm.webp,https://files.jcrt.org/images/2023/12/screenshot-2023-12-25-at-5-56-48-pm.webp
st-peter-and-st-john-healing-the-cripple-1841-wellcome-l0000122.webp,https://files.jcrt.org/images/2023/12/st-peter-and-st-john-healing-the-cripple-1841-wellcome-l0000122.webp
st_peter_and_st_john_healing_the_cripple_1841_wellcome_l0000122-1210x642.webp,https://files.jcrt.org/images/2023/12/st_peter_and_st_john_healing_the_cripple_1841_wellcome_l0000122-1210x642.webp
golden-temple-sikhism.webp,https://files.jcrt.org/images/2024/02/golden-temple-sikhism.webp
golden_temple_sikhism.webp,https://files.jcrt.org/images/2024/02/golden_temple_sikhism.webp
peace-symposium-between-sikhs-muslims-of-pakistan.webp,https://files.jcrt.org/images/2024/02/peace-symposium-between-sikhs-muslims-of-pakistan.webp
peace_symposium_between_sikhs_muslims_of_pakistan.webp,https://files.jcrt.org/images/2024/02/peace_symposium_between_sikhs_muslims_of_pakistan.webp
sikh-man-agra-10.webp,https://files.jcrt.org/images/2024/02/sikh-man-agra-10.webp
sikh_man_agra_10.webp,https://files.jcrt.org/images/2024/02/sikh_man_agra_10.webp
disabled-bipoc-in-front-of-pride-flag.webp,https://files.jcrt.org/images/2024/07/disabled-bipoc-in-front-of-pride-flag.webp
disabled_bipoc_in_front_of_pride_flag.webp,https://files.jcrt.org/images/2024/07/disabled_bipoc_in_front_of_pride_flag.webp
107202997-jpg-gallery.webp,https://files.jcrt.org/images/2024/09/107202997-jpg-gallery.webp
15448438025-31e8467aa3-b.webp,https://files.jcrt.org/images/2024/09/15448438025-31e8467aa3-b.webp
15448438025_31e8467aa3_b.webp,https://files.jcrt.org/images/2024/09/15448438025_31e8467aa3_b.webp
2018-09-06-riseclimate-421.webp,https://files.jcrt.org/images/2024/09/2018-09-06-riseclimate-421.webp
2018-09-06_riseclimate-421.webp,https://files.jcrt.org/images/2024/09/2018-09-06_riseclimate-421.webp
20210225-104958-clear-cut-forests-eugene-or-webextent0106.webp,https://files.jcrt.org/images/2024/09/20210225-104958-clear-cut-forests-eugene-or-webextent0106.webp
20210225-104958-clear-cut-forests_eugene-or_webextent0106.webp,https://files.jcrt.org/images/2024/09/20210225-104958-clear-cut-forests_eugene-or_webextent0106.webp
3318-1.webp,https://files.jcrt.org/images/2024/09/3318-1.webp
3318.webp,https://files.jcrt.org/images/2024/09/3318.webp
3725.webp,https://files.jcrt.org/images/2024/09/3725.webp
4537954501-6aa8869549-b.webp,https://files.jcrt.org/images/2024/09/4537954501-6aa8869549-b.webp
4537954501_6aa8869549_b.webp,https://files.jcrt.org/images/2024/09/4537954501_6aa8869549_b.webp
b5a75528a934d63fd2648d2f78c3c408.webp,https://files.jcrt.org/images/2024/09/b5a75528a934d63fd2648d2f78c3c408.webp
eckelrade-wegkruis-linderweg-eckelraderweg.webp,https://files.jcrt.org/images/2024/09/eckelrade-wegkruis-linderweg-eckelraderweg.webp
eckelrade-wegkruis_linderweg-eckelraderweg.webp,https://files.jcrt.org/images/2024/09/eckelrade-wegkruis_linderweg-eckelraderweg.webp
how-art-therapy-can-help-with-depression.webp,https://files.jcrt.org/images/2024/09/how-art-therapy-can-help-with-depression.webp
human-genome.webp,https://files.jcrt.org/images/2024/09/human-genome.webp
human_genome.webp,https://files.jcrt.org/images/2024/09/human_genome.webp
picture1.webp,https://files.jcrt.org/images/2024/09/picture1.webp
screenshot-2024-09-25-130826.webp,https://files.jcrt.org/images/2024/09/screenshot-2024-09-25-130826.webp
screenshot-2024-09-25-140644.webp,https://files.jcrt.org/images/2024/09/screenshot-2024-09-25-140644.webp
thomas-cole-the-garden-of-eden-1828-1.webp,https://files.jcrt.org/images/2024/09/thomas-cole-the-garden-of-eden-1828-1.webp
thomas-cole-the-garden-of-eden-1828.webp,https://files.jcrt.org/images/2024/09/thomas-cole-the-garden-of-eden-1828.webp
thomas_cole_-_the_garden_of_eden_1828.webp,https://files.jcrt.org/images/2024/09/thomas_cole_-_the_garden_of_eden_1828.webp
unknown.webp,https://files.jcrt.org/images/2024/09/unknown.webp
rockymountainnps-1.webp,https://files.jcrt.org/images/2024/10/rockymountainnps-1.webp
rockymountainnps_1.webp,https://files.jcrt.org/images/2024/10/rockymountainnps_1.webp
800px-biotechnology-research-3617772958.webp,https://files.jcrt.org/images/2025/02/800px-biotechnology-research-3617772958.webp
800px-biotechnology_research_3617772958.webp,https://files.jcrt.org/images/2025/02/800px-biotechnology_research_3617772958.webp
bundesarchiv-bild-183-1989-1106-405-plauen-demonstration-vor-dem-rathaus.webp,https://files.jcrt.org/images/2025/04/bundesarchiv-bild-183-1989-1106-405-plauen-demonstration-vor-dem-rathaus.webp
bundesarchiv_bild_183-1989-1106-405_plauen_demonstration_vor_dem_rathaus.webp,https://files.jcrt.org/images/2025/04/bundesarchiv_bild_183-1989-1106-405_plauen_demonstration_vor_dem_rathaus.webp
image.webp,https://files.jcrt.org/images/2025/09/image.webp
24.2-cover-connie-castro.webp,https://files.jcrt.org/images/24.2-cover-connie-castro.webp
24.2-cover-connie-castro_tn.webp,https://files.jcrt.org/images/24.2-cover-connie-castro_tn.webp
25.2-cover-bhautik-patel.webp,https://files.jcrt.org/images/25.2-cover-bhautik-patel.webp
25.2-cover-bhautik-patel_tn.webp,https://files.jcrt.org/images/25.2-cover-bhautik-patel_tn.webp
Open_Access_logo_PLoS_transparent.svg,https://files.jcrt.org/images/Open_Access_logo_PLoS_transparent.svg
"Open_Access_logo_with_dark_text_for_contrast,_on_transparent_background.png",https://files.jcrt.org/images/Open_Access_logo_with_dark_text_for_contrast%2C_on_transparent_background.png
adam-eve.webp,https://files.jcrt.org/images/adam-eve.webp
beach.webp,https://files.jcrt.org/images/beach.webp
beach_tn.webp,https://files.jcrt.org/images/beach_tn.webp
bench.webp,https://files.jcrt.org/images/bench.webp
bhautik-patel-m-yAg03XdOk-unsplash.webp,https://files.jcrt.org/images/bhautik-patel-m-yAg03XdOk-unsplash.webp
bhutan-3639580_960_720.webp,https://files.jcrt.org/images/bhutan-3639580_960_720.webp
bimi.svg,https://files.jcrt.org/images/bimi.svg
blurry.webp,https://files.jcrt.org/images/blurry.webp
boxes.webp,https://files.jcrt.org/images/boxes.webp
boxes_tn.webp,https://files.jcrt.org/images/boxes_tn.webp
canal.webp,https://files.jcrt.org/images/canal.webp
cathedral.webp,https://files.jcrt.org/images/cathedral.webp
charles-long.webp,https://files.jcrt.org/images/charles-long.webp
church.webp,https://files.jcrt.org/images/church.webp
clocks.webp,https://files.jcrt.org/images/clocks.webp
cottage.webp,https://files.jcrt.org/images/cottage.webp
2012books-lardbucket-org-dde15d9dccb73a8f916c0e3409a1761f-deaeef96d4.webp,https://files.jcrt.org/images/external/2012books-lardbucket-org-dde15d9dccb73a8f916c0e3409a1761f-deaeef96d4.webp
external-image-unavailable.webp,https://files.jcrt.org/images/external/external-image-unavailable.webp
i-pinimg-com-bf246c185641e6298b38afa2858cf68d-a5bc32636e.webp,https://files.jcrt.org/images/external/i-pinimg-com-bf246c185641e6298b38afa2858cf68d-a5bc32636e.webp
orcid-org-orcid-logo-icon-30cf5199eb.webp,https://files.jcrt.org/images/external/orcid-org-orcid-logo-icon-30cf5199eb.webp
philosophermouseofthehedge-wordpress-com-las-meninas-1656-velazquez-1599-1660pradous-public-domain-reprod-of-pd-artartist-life100commons-wikimedia-org-1d67a9a76a.webp,https://files.jcrt.org/images/external/philosophermouseofthehedge-wordpress-com-las-meninas-1656-velazquez-1599-1660pradous-public-domain-reprod-of-pd-artartist-life100commons-wikimedia-org-1d67a9a76a.webp
s3-amazonaws-com-090210-iht-2af680e765.webp,https://files.jcrt.org/images/external/s3-amazonaws-com-090210-iht-2af680e765.webp
theeconomiccollapseblog-com-dollar-spiral-public-domain-460x296-a9f964903a.webp,https://files.jcrt.org/images/external/theeconomiccollapseblog-com-dollar-spiral-public-domain-460x296-a9f964903a.webp
theheavensdeclare-net-499px-hans-thoma-jupiter-wikipedia-public-domain-fd2672e983.webp,https://files.jcrt.org/images/external/theheavensdeclare-net-499px-hans-thoma-jupiter-wikipedia-public-domain-fd2672e983.webp
thewhitestonefoundation-org-whitestone-logo-55bdba91c4.webp,https://files.jcrt.org/images/external/thewhitestonefoundation-org-whitestone-logo-55bdba91c4.webp
upload-wikimedia-org-m-c3-b6bius-strip-9a592bbc76.webp,https://files.jcrt.org/images/external/upload-wikimedia-org-m-c3-b6bius-strip-9a592bbc76.webp
upload-wikimedia-org-simeon-stylites-stepping-down-c42150cedc.webp,https://files.jcrt.org/images/external/upload-wikimedia-org-simeon-stylites-stepping-down-c42150cedc.webp
upload-wikimedia-org-the-conversion-of-saint-paul-caravaggio-28c-1600-1-29-e7d5e7b431.webp,https://files.jcrt.org/images/external/upload-wikimedia-org-the-conversion-of-saint-paul-caravaggio-28c-1600-1-29-e7d5e7b431.webp
www-brandedgirls-com-handsome-omar-borkan-500x500-eada2bec33.webp,https://files.jcrt.org/images/external/www-brandedgirls-com-handsome-omar-borkan-500x500-eada2bec33.webp
faces.webp,https://files.jcrt.org/images/faces.webp
freeway.webp,https://files.jcrt.org/images/freeway.webp
hanna-may-ORehLWGSZ4s-unsplash.jpg,https://files.jcrt.org/images/hanna-may-ORehLWGSZ4s-unsplash.jpg
header.webp,https://files.jcrt.org/images/header.webp
header_tn.webp,https://files.jcrt.org/images/header_tn.webp
house.webp,https://files.jcrt.org/images/house.webp
images.webp,https://files.jcrt.org/images/images.webp
jajs.webp,https://files.jcrt.org/images/jajs.webp
jcrt-doi.png,https://files.jcrt.org/images/jcrt-doi.png
jcrt-doi.webp,https://files.jcrt.org/images/jcrt-doi.webp
jcrt-open-graph.webp,https://files.jcrt.org/images/jcrt-open-graph.webp
jcrt-open-graph_tn.jpg,https://files.jcrt.org/images/jcrt-open-graph_tn.jpg
jcrt-open-graph_tn.webp,https://files.jcrt.org/images/jcrt-open-graph_tn.webp
jcrt.svg,https://files.jcrt.org/images/jcrt.svg
legs.webp,https://files.jcrt.org/images/legs.webp
JCRT.svg,https://files.jcrt.org/images/logos/JCRT.svg
favicon.ico,https://files.jcrt.org/images/logos/favicon.ico
favicon.svg,https://files.jcrt.org/images/logos/favicon.svg
favicon.webp,https://files.jcrt.org/images/logos/favicon.webp
logo.svg,https://files.jcrt.org/images/logos/logo.svg
site.webmanifest,https://files.jcrt.org/images/logos/site.webmanifest
selfportrait.webp,https://files.jcrt.org/images/selfportrait.webp
tnp.webp,https://files.jcrt.org/images/tnp.webp
tnpj.webp,https://files.jcrt.org/images/tnpj.webp
metadata.json,https://files.jcrt.org/metadata/archives/01.1/crockett/metadata.json
metadata.json,https://files.jcrt.org/metadata/archives/01.1/kavka/metadata.json
metadata.json,https://files.jcrt.org/metadata/archives/01.1/lambert/metadata.json
metadata.json,https://files.jcrt.org/metadata/archives/01.1/lee/metadata.json
metadata.json,https://files.jcrt.org/metadata/archives/01.1/raschke/metadata.json
metadata.json,https://files.jcrt.org/metadata/archives/01.1/reinhard_lupton/metadata.json
metadata.json,https://files.jcrt.org/metadata/archives/01.1/vahanian/metadata.json
metadata.json,https://files.jcrt.org/metadata/archives/01.1/winquist/metadata.json
metadata.json,https://files.jcrt.org/metadata/archives/01.1/young/metadata.json
metadata.json,https://files.jcrt.org/metadata/archives/01.2/adcock/metadata.json
metadata.json,https://files.jcrt.org/metadata/archives/01.2/canning/metadata.json
metadata.json,https://files.jcrt.org/metadata/archives/01.2/long/metadata.json
metadata.json,https://files.jcrt.org/metadata/archives/01.2/lorentzen/metadata.json
metadata.json,https://files.jcrt.org/metadata/archives/01.2/nvahanian/metadata.json
metadata.json,https://files.jcrt.org/metadata/archives/01.2/ruf/metadata.json
metadata.json,https://files.jcrt.org/metadata/archives/01.2/smith/metadata.json
metadata.json,https://files.jcrt.org/metadata/archives/01.2/taylor/metadata.json
metadata.json,https://files.jcrt.org/metadata/archives/01.2/wyschogrod_raschke/metadata.json
metadata.json,https://files.jcrt.org/metadata/archives/01.3/caputo/metadata.json
metadata.json,https://files.jcrt.org/metadata/archives/01.3/carpenter/metadata.json
metadata.json,https://files.jcrt.org/metadata/archives/01.3/crockett/metadata.json
metadata.json,https://files.jcrt.org/metadata/archives/01.3/dicenso/metadata.json
metadata.json,https://files.jcrt.org/metadata/archives/01.3/game/metadata.json
metadata.json,https://files.jcrt.org/metadata/archives/01.3/kosky/metadata.json
metadata.json,https://files.jcrt.org/metadata/archives/01.3/metcalfe/metadata.json
metadata.json,https://files.jcrt.org/metadata/archives/01.3/richard/metadata.json
metadata.json,https://files.jcrt.org/metadata/archives/01.3/strysick/metadata.json
metadata.json,https://files.jcrt.org/metadata/archives/01.3/weiss/metadata.json
metadata.json,https://files.jcrt.org/metadata/archives/02.1/halpern/metadata.json
metadata.json,https://files.jcrt.org/metadata/archives/02.1/lambert/metadata.json
metadata.json,https://files.jcrt.org/metadata/archives/02.1/lupton/metadata.json
metadata.json,https://files.jcrt.org/metadata/archives/02.1/ochs/metadata.json
metadata.json,https://files.jcrt.org/metadata/archives/02.1/raschke/metadata.json
metadata.json,https://files.jcrt.org/metadata/archives/02.1/reinhard_lupton/metadata.json
metadata.json,https://files.jcrt.org/metadata/archives/02.1/sugimoto/metadata.json
metadata.json,https://files.jcrt.org/metadata/archives/02.1/taylor/metadata.json
metadata.json,https://files.jcrt.org/metadata/archives/02.2/altizer/metadata.json
metadata.json,https://files.jcrt.org/metadata/archives/02.2/arnold/metadata.json
metadata.json,https://files.jcrt.org/metadata/archives/02.2/elias/metadata.json
metadata.json,https://files.jcrt.org/metadata/archives/02.2/majer/metadata.json
metadata.json,https://files.jcrt.org/metadata/archives/02.2/robbins/metadata.json
metadata.json,https://files.jcrt.org/metadata/archives/02.2/tatusko/metadata.json
metadata.json,https://files.jcrt.org/metadata/archives/02.2/taylor/metadata.json
metadata.json,https://files.jcrt.org/metadata/archives/02.2/taylor_raschke/metadata.json
metadata.json,https://files.jcrt.org/metadata/archives/02.3/cha/metadata.json
metadata.json,https://files.jcrt.org/metadata/archives/02.3/crockett/metadata.json
metadata.json,https://files.jcrt.org/metadata/archives/02.3/hale/metadata.json
metadata.json,https://files.jcrt.org/metadata/archives/02.3/katchen/metadata.json
metadata.json,https://files.jcrt.org/metadata/archives/02.3/lakeland/metadata.json
metadata.json,https://files.jcrt.org/metadata/archives/02.3/magee/metadata.json
metadata.json,https://files.jcrt.org/metadata/archives/02.3/mccullough/metadata.json
metadata.json,https://files.jcrt.org/metadata/archives/02.3/ronan/metadata.json
metadata.json,https://files.jcrt.org/metadata/archives/02.3/takim/metadata.json
metadata.json,https://files.jcrt.org/metadata/archives/02.3/weiss/metadata.json
metadata.json,https://files.jcrt.org/metadata/archives/03.1/anderson/metadata.json
metadata.json,https://files.jcrt.org/metadata/archives/03.1/dean/metadata.json
metadata.json,https://files.jcrt.org/metadata/archives/03.1/gooch/metadata.json
metadata.json,https://files.jcrt.org/metadata/archives/03.1/keuss/metadata.json
metadata.json,https://files.jcrt.org/metadata/archives/03.1/maccammon/metadata.json
metadata.json,https://files.jcrt.org/metadata/archives/03.1/raschke/metadata.json
metadata.json,https://files.jcrt.org/metadata/archives/03.1/stone/metadata.json
metadata.json,https://files.jcrt.org/metadata/archives/03.2/caputo_raschke/metadata.json
metadata.json,https://files.jcrt.org/metadata/archives/03.2/grimshaw/metadata.json
metadata.json,https://files.jcrt.org/metadata/archives/03.2/hale/metadata.json
metadata.json,https://files.jcrt.org/metadata/archives/03.2/hyman/metadata.json
metadata.json,https://files.jcrt.org/metadata/archives/03.2/katz/metadata.json
metadata.json,https://files.jcrt.org/metadata/archives/03.2/lee/metadata.json
metadata.json,https://files.jcrt.org/metadata/archives/03.2/metcalf/metadata.json
metadata.json,https://files.jcrt.org/metadata/archives/03.2/parmenter/metadata.json
metadata.json,https://files.jcrt.org/metadata/archives/03.2/taylor/metadata.json
metadata.json,https://files.jcrt.org/metadata/archives/03.2/winquist/metadata.json
metadata.json,https://files.jcrt.org/metadata/archives/03.3/crockett/metadata.json
metadata.json,https://files.jcrt.org/metadata/archives/03.3/druen/metadata.json
metadata.json,https://files.jcrt.org/metadata/archives/03.3/flato/metadata.json
metadata.json,https://files.jcrt.org/metadata/archives/03.3/iyer/metadata.json
metadata.json,https://files.jcrt.org/metadata/archives/03.3/putt/metadata.json
metadata.json,https://files.jcrt.org/metadata/archives/03.3/rashkover/metadata.json
metadata.json,https://files.jcrt.org/metadata/archives/03.3/reinhart/metadata.json
metadata.json,https://files.jcrt.org/metadata/archives/03.3/scott/metadata.json
metadata.json,https://files.jcrt.org/metadata/archives/03.3/taylor/metadata.json
metadata.json,https://files.jcrt.org/metadata/archives/03.3/weiss/metadata.json
metadata.json,https://files.jcrt.org/metadata/archives/03.3/zerbe/metadata.json
metadata.json,https://files.jcrt.org/metadata/archives/04.1/bennett-carpenter/metadata.json
metadata.json,https://files.jcrt.org/metadata/archives/04.1/blundell/metadata.json
metadata.json,https://files.jcrt.org/metadata/archives/04.1/egginton/metadata.json
metadata.json,https://files.jcrt.org/metadata/archives/04.1/hamner/metadata.json
metadata.json,https://files.jcrt.org/metadata/archives/04.1/index2/metadata.json
metadata.json,https://files.jcrt.org/metadata/archives/04.1/kosky/metadata.json
metadata.json,https://files.jcrt.org/metadata/archives/04.1/lokensgard/metadata.json
metadata.json,https://files.jcrt.org/metadata/archives/04.1/markmanolopoulos/metadata.json
metadata.json,https://files.jcrt.org/metadata/archives/04.1/mcgrath/metadata.json
metadata.json,https://files.jcrt.org/metadata/archives/04.1/raschke/metadata.json
metadata.json,https://files.jcrt.org/metadata/archives/04.2/caputo/metadata.json
metadata.json,https://files.jcrt.org/metadata/archives/04.2/flaxman/metadata.json
metadata.json,https://files.jcrt.org/metadata/archives/04.2/lambert-taylor.intro/metadata.json
metadata.json,https://files.jcrt.org/metadata/archives/04.2/lambert/metadata.json
metadata.json,https://files.jcrt.org/metadata/archives/04.2/nichols/metadata.json
metadata.json,https://files.jcrt.org/metadata/archives/04.2/pecora/metadata.json
metadata.json,https://files.jcrt.org/metadata/archives/04.2/rabate-lambert/metadata.json
metadata.json,https://files.jcrt.org/metadata/archives/04.2/saper/metadata.json
metadata.json,https://files.jcrt.org/metadata/archives/04.2/taylor/metadata.json
metadata.json,https://files.jcrt.org/metadata/archives/04.2/williams/metadata.json
metadata.json,https://files.jcrt.org/metadata/archives/04.3/atchley/metadata.json
metadata.json,https://files.jcrt.org/metadata/archives/04.3/azari/metadata.json
metadata.json,https://files.jcrt.org/metadata/archives/04.3/caputo/metadata.json
metadata.json,https://files.jcrt.org/metadata/archives/04.3/crockett/metadata.json
metadata.json,https://files.jcrt.org/metadata/archives/04.3/livingston/metadata.json
metadata.json,https://files.jcrt.org/metadata/archives/04.3/lokensgard/metadata.json
metadata.json,https://files.jcrt.org/metadata/archives/04.3/macri/metadata.json
metadata.json,https://files.jcrt.org/metadata/archives/04.3/michaud/metadata.json
metadata.json,https://files.jcrt.org/metadata/archives/04.3/ream/metadata.json
metadata.json,https://files.jcrt.org/metadata/archives/04.3/rennie/metadata.json
metadata.json,https://files.jcrt.org/metadata/archives/04.3/saldino/metadata.json
metadata.json,https://files.jcrt.org/metadata/archives/04.3/snyder/metadata.json
metadata.json,https://files.jcrt.org/metadata/archives/04.3/thompson/metadata.json
metadata.json,https://files.jcrt.org/metadata/archives/04.3/york/metadata.json
metadata.json,https://files.jcrt.org/metadata/archives/05.1/bain-selbo/metadata.json
metadata.json,https://files.jcrt.org/metadata/archives/05.1/fasching/metadata.json
metadata.json,https://files.jcrt.org/metadata/archives/05.1/hale/metadata.json
metadata.json,https://files.jcrt.org/metadata/archives/05.1/iyer/metadata.json
metadata.json,https://files.jcrt.org/metadata/archives/05.1/juschka/metadata.json
metadata.json,https://files.jcrt.org/metadata/archives/05.1/lee/metadata.json
metadata.json,https://files.jcrt.org/metadata/archives/05.1/meeks/metadata.json
metadata.json,https://files.jcrt.org/metadata/archives/05.1/putt/metadata.json
metadata.json,https://files.jcrt.org/metadata/archives/05.1/raschke/metadata.json
metadata.json,https://files.jcrt.org/metadata/archives/05.1/siebers/metadata.json
metadata.json,https://files.jcrt.org/metadata/archives/05.1/tate/metadata.json
metadata.json,https://files.jcrt.org/metadata/archives/05.2/caputo/metadata.json
metadata.json,https://files.jcrt.org/metadata/archives/05.2/conroy/metadata.json
metadata.json,https://files.jcrt.org/metadata/archives/05.2/crockett/metadata.json
metadata.json,https://files.jcrt.org/metadata/archives/05.2/goodchild/metadata.json
metadata.json,https://files.jcrt.org/metadata/archives/05.2/iyer/metadata.json
metadata.json,https://files.jcrt.org/metadata/archives/05.2/lambert/metadata.json
metadata.json,https://files.jcrt.org/metadata/archives/05.2/lambrianou/metadata.json
metadata.json,https://files.jcrt.org/metadata/archives/05.2/raschke/metadata.json
metadata.json,https://files.jcrt.org/metadata/archives/05.2/ream/metadata.json
metadata.json,https://files.jcrt.org/metadata/archives/05.2/robbins/metadata.json
metadata.json,https://files.jcrt.org/metadata/archives/05.2/rodkey/metadata.json
metadata.json,https://files.jcrt.org/metadata/archives/05.2/taylor/metadata.json
metadata.json,https://files.jcrt.org/metadata/archives/05.2/ware/metadata.json
metadata.json,https://files.jcrt.org/metadata/archives/05.2/weislogel/metadata.json
metadata.json,https://files.jcrt.org/metadata/archives/05.2/woodard/metadata.json
metadata.json,https://files.jcrt.org/metadata/archives/05.3/biles/metadata.json
metadata.json,https://files.jcrt.org/metadata/archives/05.3/biondo/metadata.json
metadata.json,https://files.jcrt.org/metadata/archives/05.3/duke/metadata.json
metadata.json,https://files.jcrt.org/metadata/archives/05.3/flato/metadata.json
metadata.json,https://files.jcrt.org/metadata/archives/05.3/fodor/metadata.json
metadata.json,https://files.jcrt.org/metadata/archives/05.3/gilmour/metadata.json
metadata.json,https://files.jcrt.org/metadata/archives/05.3/igrek/metadata.json
metadata.json,https://files.jcrt.org/metadata/archives/05.3/keen/metadata.json
metadata.json,https://files.jcrt.org/metadata/archives/05.3/mcpherson/metadata.json
metadata.json,https://files.jcrt.org/metadata/archives/05.3/nayar/metadata.json
metadata.json,https://files.jcrt.org/metadata/archives/05.3/purcell/metadata.json
metadata.json,https://files.jcrt.org/metadata/archives/05.3/reinhart/metadata.json
metadata.json,https://files.jcrt.org/metadata/archives/05.3/robbins/metadata.json
metadata.json,https://files.jcrt.org/metadata/archives/05.3/rodkey/metadata.json
metadata.json,https://files.jcrt.org/metadata/archives/05.3/smith/metadata.json
metadata.json,https://files.jcrt.org/metadata/archives/05.3/urbanczyk/metadata.json
metadata.json,https://files.jcrt.org/metadata/archives/05.3/vahabzadeh/metadata.json
metadata.json,https://files.jcrt.org/metadata/archives/05.3/vahanian/metadata.json
metadata.json,https://files.jcrt.org/metadata/archives/06.1/blanton/metadata.json
metadata.json,https://files.jcrt.org/metadata/archives/06.1/brogan/metadata.json
metadata.json,https://files.jcrt.org/metadata/archives/06.1/caputo/metadata.json
metadata.json,https://files.jcrt.org/metadata/archives/06.1/clingerman/metadata.json
metadata.json,https://files.jcrt.org/metadata/archives/06.1/grieve-carlson/metadata.json
metadata.json,https://files.jcrt.org/metadata/archives/06.1/hoelzl/metadata.json
metadata.json,https://files.jcrt.org/metadata/archives/06.1/johnson/metadata.json
metadata.json,https://files.jcrt.org/metadata/archives/06.1/jones/metadata.json
metadata.json,https://files.jcrt.org/metadata/archives/06.1/michaud/metadata.json
metadata.json,https://files.jcrt.org/metadata/archives/06.1/taylor/metadata.json
metadata.json,https://files.jcrt.org/metadata/archives/06.1/vahanian/metadata.json
metadata.json,https://files.jcrt.org/metadata/archives/06.1/whiting/metadata.json
metadata.json,https://files.jcrt.org/metadata/archives/06.1/woodard/metadata.json
metadata.json,https://files.jcrt.org/metadata/archives/06.2/bain-selbo/metadata.json
metadata.json,https://files.jcrt.org/metadata/archives/06.2/crockett/metadata.json
metadata.json,https://files.jcrt.org/metadata/archives/06.2/fischer/metadata.json
metadata.json,https://files.jcrt.org/metadata/archives/06.2/igrek/metadata.json
metadata.json,https://files.jcrt.org/metadata/archives/06.2/kearney-taylor/metadata.json
metadata.json,https://files.jcrt.org/metadata/archives/06.2/larrey/metadata.json
metadata.json,https://files.jcrt.org/metadata/archives/06.2/raschke/metadata.json
metadata.json,https://files.jcrt.org/metadata/archives/06.2/reid/metadata.json
metadata.json,https://files.jcrt.org/metadata/archives/06.2/robbins/metadata.json
metadata.json,https://files.jcrt.org/metadata/archives/06.2/stanley/metadata.json
metadata.json,https://files.jcrt.org/metadata/archives/06.2/vahabzadeh/metadata.json
metadata.json,https://files.jcrt.org/metadata/archives/06.2/waggoner.art/metadata.json
metadata.json,https://files.jcrt.org/metadata/archives/06.2/waggoner/metadata.json
metadata.json,https://files.jcrt.org/metadata/archives/06.3/bain-selbo/metadata.json
metadata.json,https://files.jcrt.org/metadata/archives/06.3/benko/metadata.json
metadata.json,https://files.jcrt.org/metadata/archives/06.3/bowring/metadata.json
metadata.json,https://files.jcrt.org/metadata/archives/06.3/cauchi/metadata.json
metadata.json,https://files.jcrt.org/metadata/archives/06.3/grimshaw/metadata.json
metadata.json,https://files.jcrt.org/metadata/archives/06.3/harpham/metadata.json
metadata.json,https://files.jcrt.org/metadata/archives/06.3/hart/metadata.json
metadata.json,https://files.jcrt.org/metadata/archives/06.3/klink/metadata.json
metadata.json,https://files.jcrt.org/metadata/archives/06.3/kotsko/metadata.json
metadata.json,https://files.jcrt.org/metadata/archives/06.3/linck/metadata.json
metadata.json,https://files.jcrt.org/metadata/archives/06.3/lorentzen/metadata.json
metadata.json,https://files.jcrt.org/metadata/archives/06.3/nayar/metadata.json
metadata.json,https://files.jcrt.org/metadata/archives/06.3/neven/metadata.json
metadata.json,https://files.jcrt.org/metadata/archives/06.3/rodkey/metadata.json
metadata.json,https://files.jcrt.org/metadata/archives/06.3/shelton/metadata.json
metadata.json,https://files.jcrt.org/metadata/archives/06.3/smith/metadata.json
metadata.json,https://files.jcrt.org/metadata/archives/06.3/taylor/metadata.json
metadata.json,https://files.jcrt.org/metadata/archives/07.1/bell/metadata.json
metadata.json,https://files.jcrt.org/metadata/archives/07.1/buchanan/metadata.json
metadata.json,https://files.jcrt.org/metadata/archives/07.1/geroux/metadata.json
metadata.json,https://files.jcrt.org/metadata/archives/07.1/gilgen/metadata.json
metadata.json,https://files.jcrt.org/metadata/archives/07.1/holliday/metadata.json
metadata.json,https://files.jcrt.org/metadata/archives/07.1/janz/metadata.json
metadata.json,https://files.jcrt.org/metadata/archives/07.1/knowlton/metadata.json
metadata.json,https://files.jcrt.org/metadata/archives/07.1/lerner/metadata.json
metadata.json,https://files.jcrt.org/metadata/archives/07.1/lokensgard/metadata.json
metadata.json,https://files.jcrt.org/metadata/archives/07.1/magee/metadata.json
metadata.json,https://files.jcrt.org/metadata/archives/07.1/miller/metadata.json
metadata.json,https://files.jcrt.org/metadata/archives/07.1/segev/metadata.json
metadata.json,https://files.jcrt.org/metadata/archives/07.1/singh/metadata.json
metadata.json,https://files.jcrt.org/metadata/archives/07.1/taylor/metadata.json
metadata.json,https://files.jcrt.org/metadata/archives/07.1/vandeweg/metadata.json
metadata.json,https://files.jcrt.org/metadata/archives/07.2/bain-selbo/metadata.json
metadata.json,https://files.jcrt.org/metadata/archives/07.2/dahlgren/metadata.json
metadata.json,https://files.jcrt.org/metadata/archives/07.2/heltzel/metadata.json
metadata.json,https://files.jcrt.org/metadata/archives/07.2/kolarov/metadata.json
metadata.json,https://files.jcrt.org/metadata/archives/07.2/lupton/metadata.json
metadata.json,https://files.jcrt.org/metadata/archives/07.2/miller/metadata.json
metadata.json,https://files.jcrt.org/metadata/archives/07.2/robbins/metadata.json
metadata.json,https://files.jcrt.org/metadata/archives/07.2/saldino/metadata.json
metadata.json,https://files.jcrt.org/metadata/archives/07.2/siebers/metadata.json
metadata.json,https://files.jcrt.org/metadata/archives/07.2/simmons/metadata.json
metadata.json,https://files.jcrt.org/metadata/archives/07.2/taylor/metadata.json
metadata.json,https://files.jcrt.org/metadata/archives/07.2/turner/metadata.json
metadata.json,https://files.jcrt.org/metadata/archives/08.1/alvis/metadata.json
metadata.json,https://files.jcrt.org/metadata/archives/08.1/bowman/metadata.json
metadata.json,https://files.jcrt.org/metadata/archives/08.1/buckingham/metadata.json
metadata.json,https://files.jcrt.org/metadata/archives/08.1/burton/metadata.json
metadata.json,https://files.jcrt.org/metadata/archives/08.1/costoya/metadata.json
metadata.json,https://files.jcrt.org/metadata/archives/08.1/kotsko/metadata.json
metadata.json,https://files.jcrt.org/metadata/archives/08.1/kroesbergen/metadata.json
metadata.json,https://files.jcrt.org/metadata/archives/08.1/mejido/metadata.json
metadata.json,https://files.jcrt.org/metadata/archives/08.1/miller/metadata.json
metadata.json,https://files.jcrt.org/metadata/archives/08.1/nayar/metadata.json
metadata.json,https://files.jcrt.org/metadata/archives/08.1/nichols/metadata.json
metadata.json,https://files.jcrt.org/metadata/archives/08.1/oventile/metadata.json
metadata.json,https://files.jcrt.org/metadata/archives/08.1/raschke/metadata.json
metadata.json,https://files.jcrt.org/metadata/archives/08.1/ritchie/metadata.json
metadata.json,https://files.jcrt.org/metadata/archives/08.1/schmidt/metadata.json
metadata.json,https://files.jcrt.org/metadata/archives/08.1/simmons/metadata.json
metadata.json,https://files.jcrt.org/metadata/archives/08.1/turrell/metadata.json
metadata.json,https://files.jcrt.org/metadata/archives/08.1/vahanian/metadata.json
metadata.json,https://files.jcrt.org/metadata/archives/08.1/waggoner/metadata.json
metadata.json,https://files.jcrt.org/metadata/archives/08.1/wright/metadata.json
metadata.json,https://files.jcrt.org/metadata/archives/08.2/abraham/metadata.json
metadata.json,https://files.jcrt.org/metadata/archives/08.2/bell/metadata.json
metadata.json,https://files.jcrt.org/metadata/archives/08.2/bivins/metadata.json
metadata.json,https://files.jcrt.org/metadata/archives/08.2/costa/metadata.json
metadata.json,https://files.jcrt.org/metadata/archives/08.2/daponte/metadata.json
metadata.json,https://files.jcrt.org/metadata/archives/08.2/davis-hardt/metadata.json
metadata.json,https://files.jcrt.org/metadata/archives/08.2/grieve-carlson/metadata.json
metadata.json,https://files.jcrt.org/metadata/archives/08.2/johnson/metadata.json
metadata.json,https://files.jcrt.org/metadata/archives/08.2/little/metadata.json
metadata.json,https://files.jcrt.org/metadata/archives/08.2/phelps/metadata.json
metadata.json,https://files.jcrt.org/metadata/archives/08.2/robbins/metadata.json
metadata.json,https://files.jcrt.org/metadata/archives/08.2/roundtable/metadata.json
metadata.json,https://files.jcrt.org/metadata/archives/08.2/smith/metadata.json
metadata.json,https://files.jcrt.org/metadata/archives/08.2/stahlberg/metadata.json
metadata.json,https://files.jcrt.org/metadata/archives/08.2/vahabzadeh/metadata.json
metadata.json,https://files.jcrt.org/metadata/archives/08.3/ables/metadata.json
metadata.json,https://files.jcrt.org/metadata/archives/08.3/cake/metadata.json
metadata.json,https://files.jcrt.org/metadata/archives/08.3/eisenstadt/metadata.json
metadata.json,https://files.jcrt.org/metadata/archives/08.3/eisenstadt2/metadata.json
metadata.json,https://files.jcrt.org/metadata/archives/08.3/horowitz/metadata.json
metadata.json,https://files.jcrt.org/metadata/archives/08.3/hyman/metadata.json
metadata.json,https://files.jcrt.org/metadata/archives/08.3/jackson/metadata.json
metadata.json,https://files.jcrt.org/metadata/archives/08.3/keller/metadata.json
metadata.json,https://files.jcrt.org/metadata/archives/08.3/kottman/metadata.json
metadata.json,https://files.jcrt.org/metadata/archives/08.3/kunin/metadata.json
metadata.json,https://files.jcrt.org/metadata/archives/08.3/lupton/metadata.json
metadata.json,https://files.jcrt.org/metadata/archives/08.3/planinc/metadata.json
metadata.json,https://files.jcrt.org/metadata/archives/08.3/ramey/metadata.json
metadata.json,https://files.jcrt.org/metadata/archives/08.3/simmons/metadata.json
metadata.json,https://files.jcrt.org/metadata/archives/09.1/celermajer/metadata.json
metadata.json,https://files.jcrt.org/metadata/archives/09.1/grieve-carlson/metadata.json
metadata.json,https://files.jcrt.org/metadata/archives/09.1/hyman/metadata.json
metadata.json,https://files.jcrt.org/metadata/archives/09.1/igrek/metadata.json
metadata.json,https://files.jcrt.org/metadata/archives/09.1/large/metadata.json
metadata.json,https://files.jcrt.org/metadata/archives/09.1/malabou/metadata.json
metadata.json,https://files.jcrt.org/metadata/archives/09.1/negri/metadata.json
metadata.json,https://files.jcrt.org/metadata/archives/09.1/pound/metadata.json
metadata.json,https://files.jcrt.org/metadata/archives/09.1/raschke/metadata.json
metadata.json,https://files.jcrt.org/metadata/archives/09.1/rubenstein/metadata.json
metadata.json,https://files.jcrt.org/metadata/archives/09.1/smaw/metadata.json
metadata.json,https://files.jcrt.org/metadata/archives/09.2/bielik-robson/metadata.json
metadata.json,https://files.jcrt.org/metadata/archives/09.2/boer/metadata.json
metadata.json,https://files.jcrt.org/metadata/archives/09.2/crockett/metadata.json
metadata.json,https://files.jcrt.org/metadata/archives/09.2/d&apos;amato/metadata.json
metadata.json,https://files.jcrt.org/metadata/archives/09.2/fox/metadata.json
metadata.json,https://files.jcrt.org/metadata/archives/09.2/kotsko/metadata.json
metadata.json,https://files.jcrt.org/metadata/archives/09.2/leo/metadata.json
metadata.json,https://files.jcrt.org/metadata/archives/09.2/rodkey/metadata.json
metadata.json,https://files.jcrt.org/metadata/archives/09.3/bain-selbo/metadata.json
metadata.json,https://files.jcrt.org/metadata/archives/09.3/conroy/metadata.json
metadata.json,https://files.jcrt.org/metadata/archives/09.3/crockett/metadata.json
metadata.json,https://files.jcrt.org/metadata/archives/09.3/dickinson/metadata.json
metadata.json,https://files.jcrt.org/metadata/archives/09.3/gilmour/metadata.json
metadata.json,https://files.jcrt.org/metadata/archives/09.3/hilberg/metadata.json
metadata.json,https://files.jcrt.org/metadata/archives/09.3/hinshaw/metadata.json
metadata.json,https://files.jcrt.org/metadata/archives/09.3/kjellman/metadata.json
metadata.json,https://files.jcrt.org/metadata/archives/09.3/klink/metadata.json
metadata.json,https://files.jcrt.org/metadata/archives/09.3/lewis/metadata.json
metadata.json,https://files.jcrt.org/metadata/archives/09.3/martin/metadata.json
metadata.json,https://files.jcrt.org/metadata/archives/09.3/mccullough/metadata.json
metadata.json,https://files.jcrt.org/metadata/archives/09.3/miller/metadata.json
metadata.json,https://files.jcrt.org/metadata/archives/09.3/morehouse/metadata.json
metadata.json,https://files.jcrt.org/metadata/archives/09.3/powell/metadata.json
metadata.json,https://files.jcrt.org/metadata/archives/09.3/raschke/metadata.json
metadata.json,https://files.jcrt.org/metadata/archives/09.3/robbins/metadata.json
metadata.json,https://files.jcrt.org/metadata/archives/09.3/seitz/metadata.json
metadata.json,https://files.jcrt.org/metadata/archives/09.3/shoemaker/metadata.json
metadata.json,https://files.jcrt.org/metadata/archives/09.3/smith/metadata.json
metadata.json,https://files.jcrt.org/metadata/archives/10.1/cauchi/metadata.json
metadata.json,https://files.jcrt.org/metadata/archives/10.1/gangle/metadata.json
metadata.json,https://files.jcrt.org/metadata/archives/10.1/miller/metadata.json
metadata.json,https://files.jcrt.org/metadata/archives/10.1/mooney/metadata.json
metadata.json,https://files.jcrt.org/metadata/archives/10.1/robert/metadata.json
metadata.json,https://files.jcrt.org/metadata/archives/10.1/rodkey/metadata.json
metadata.json,https://files.jcrt.org/metadata/archives/10.1/simmons/metadata.json
metadata.json,https://files.jcrt.org/metadata/archives/10.1/steinmetz-jenkins/metadata.json
metadata.json,https://files.jcrt.org/metadata/archives/10.2/bibb/metadata.json
metadata.json,https://files.jcrt.org/metadata/archives/10.2/borsuk/metadata.json
metadata.json,https://files.jcrt.org/metadata/archives/10.2/cole/metadata.json
metadata.json,https://files.jcrt.org/metadata/archives/10.2/duncan-transcription/metadata.json
metadata.json,https://files.jcrt.org/metadata/archives/10.2/duncan/metadata.json
metadata.json,https://files.jcrt.org/metadata/archives/10.2/evans/metadata.json
metadata.json,https://files.jcrt.org/metadata/archives/10.2/mcnellis/metadata.json
metadata.json,https://files.jcrt.org/metadata/archives/10.2/mcrae/metadata.json
metadata.json,https://files.jcrt.org/metadata/archives/10.2/reid/metadata.json
metadata.json,https://files.jcrt.org/metadata/archives/10.2/scans/metadata.json
metadata.json,https://files.jcrt.org/metadata/archives/10.2/simon/metadata.json
metadata.json,https://files.jcrt.org/metadata/archives/10.2/transcription.notes/metadata.json
metadata.json,https://files.jcrt.org/metadata/archives/10.3/barber%26smith/metadata.json
metadata.json,https://files.jcrt.org/metadata/archives/10.3/barber/metadata.json
metadata.json,https://files.jcrt.org/metadata/archives/10.3/burkey/metadata.json
metadata.json,https://files.jcrt.org/metadata/archives/10.3/campbell/metadata.json
metadata.json,https://files.jcrt.org/metadata/archives/10.3/delpech-ramey%26miller/metadata.json
metadata.json,https://files.jcrt.org/metadata/archives/10.3/grieve-carlson/metadata.json
metadata.json,https://files.jcrt.org/metadata/archives/10.3/grimshaw/metadata.json
metadata.json,https://files.jcrt.org/metadata/archives/10.3/hanson/metadata.json
metadata.json,https://files.jcrt.org/metadata/archives/10.3/jaarsma/metadata.json
metadata.json,https://files.jcrt.org/metadata/archives/10.3/metcalf/metadata.json
metadata.json,https://files.jcrt.org/metadata/archives/10.3/pcr4/metadata.json
metadata.json,https://files.jcrt.org/metadata/archives/10.3/rodkey/metadata.json
metadata.json,https://files.jcrt.org/metadata/archives/10.3/sanzaro/metadata.json
metadata.json,https://files.jcrt.org/metadata/archives/10.3/stern%26gimbel/metadata.json
metadata.json,https://files.jcrt.org/metadata/archives/10.3/york/metadata.json
metadata.json,https://files.jcrt.org/metadata/archives/11.1/blanton/metadata.json
metadata.json,https://files.jcrt.org/metadata/archives/11.1/boever/metadata.json
metadata.json,https://files.jcrt.org/metadata/archives/11.1/charles/metadata.json
metadata.json,https://files.jcrt.org/metadata/archives/11.1/chrulew/metadata.json
metadata.json,https://files.jcrt.org/metadata/archives/11.1/fuggle/metadata.json
metadata.json,https://files.jcrt.org/metadata/archives/11.1/glowacki/metadata.json
metadata.json,https://files.jcrt.org/metadata/archives/11.1/mayes/metadata.json
metadata.json,https://files.jcrt.org/metadata/archives/11.1/nicolet-anderson/metadata.json
metadata.json,https://files.jcrt.org/metadata/archives/11.1/ojakangas/metadata.json
metadata.json,https://files.jcrt.org/metadata/archives/11.1/ruin/metadata.json
metadata.json,https://files.jcrt.org/metadata/archives/11.2/ardoline/metadata.json
metadata.json,https://files.jcrt.org/metadata/archives/11.2/caputo/metadata.json
metadata.json,https://files.jcrt.org/metadata/archives/11.2/crockett/metadata.json
metadata.json,https://files.jcrt.org/metadata/archives/11.2/finer/metadata.json
metadata.json,https://files.jcrt.org/metadata/archives/11.2/hagglund/metadata.json
metadata.json,https://files.jcrt.org/metadata/archives/11.2/holsclaw/metadata.json
metadata.json,https://files.jcrt.org/metadata/archives/11.2/hyman/metadata.json
metadata.json,https://files.jcrt.org/metadata/archives/11.2/mcclain/metadata.json
metadata.json,https://files.jcrt.org/metadata/archives/11.2/raschke/metadata.json
metadata.json,https://files.jcrt.org/metadata/archives/11.2/robbins/metadata.json
metadata.json,https://files.jcrt.org/metadata/archives/11.2/stockwell/metadata.json
metadata.json,https://files.jcrt.org/metadata/archives/11.2/taylor/metadata.json
metadata.json,https://files.jcrt.org/metadata/archives/11.2/wood/metadata.json
metadata.json,https://files.jcrt.org/metadata/archives/11.2/zabala/metadata.json
metadata.json,https://files.jcrt.org/metadata/archives/11.3/cfp-design/metadata.json
metadata.json,https://files.jcrt.org/metadata/archives/11.3/dalton/metadata.json
metadata.json,https://files.jcrt.org/metadata/archives/11.3/de-vries/metadata.json
metadata.json,https://files.jcrt.org/metadata/archives/11.3/kolozova/metadata.json
metadata.json,https://files.jcrt.org/metadata/archives/11.3/mccullough/metadata.json
metadata.json,https://files.jcrt.org/metadata/archives/11.3/sealey/metadata.json
metadata.json,https://files.jcrt.org/metadata/archives/11.3/simmons/metadata.json
metadata.json,https://files.jcrt.org/metadata/archives/11.3/simmonsintro/metadata.json
metadata.json,https://files.jcrt.org/metadata/archives/12.1/dicken/metadata.json
metadata.json,https://files.jcrt.org/metadata/archives/12.1/kessler/metadata.json
metadata.json,https://files.jcrt.org/metadata/archives/12.1/kornbluh/metadata.json
metadata.json,https://files.jcrt.org/metadata/archives/12.1/lupton.gordon/metadata.json
metadata.json,https://files.jcrt.org/metadata/archives/12.1/maltby/metadata.json
metadata.json,https://files.jcrt.org/metadata/archives/12.1/mciver/metadata.json
metadata.json,https://files.jcrt.org/metadata/archives/12.1/miller/metadata.json
metadata.json,https://files.jcrt.org/metadata/archives/12.1/nelson/metadata.json
metadata.json,https://files.jcrt.org/metadata/archives/12.1/rust/metadata.json
metadata.json,https://files.jcrt.org/metadata/archives/12.1/santner/metadata.json
metadata.json,https://files.jcrt.org/metadata/archives/12.1/schulman/metadata.json
metadata.json,https://files.jcrt.org/metadata/archives/12.1/vahanian/metadata.json
metadata.json,https://files.jcrt.org/metadata/archives/12.1/weitzman/metadata.json
metadata.json,https://files.jcrt.org/metadata/archives/12.2/ballan/metadata.json
metadata.json,https://files.jcrt.org/metadata/archives/12.2/blosser/metadata.json
metadata.json,https://files.jcrt.org/metadata/archives/12.2/britt/metadata.json
metadata.json,https://files.jcrt.org/metadata/archives/12.2/caputo/metadata.json
metadata.json,https://files.jcrt.org/metadata/archives/12.2/coakley/metadata.json
metadata.json,https://files.jcrt.org/metadata/archives/12.2/cochrane/metadata.json
metadata.json,https://files.jcrt.org/metadata/archives/12.2/crockett/metadata.json
metadata.json,https://files.jcrt.org/metadata/archives/12.2/crockett_2/metadata.json
metadata.json,https://files.jcrt.org/metadata/archives/12.2/dickinson-intro/metadata.json
metadata.json,https://files.jcrt.org/metadata/archives/12.2/dickinson/metadata.json
metadata.json,https://files.jcrt.org/metadata/archives/12.2/fong/metadata.json
metadata.json,https://files.jcrt.org/metadata/archives/12.2/fong_2/metadata.json
metadata.json,https://files.jcrt.org/metadata/archives/12.2/goodchild/metadata.json
metadata.json,https://files.jcrt.org/metadata/archives/12.2/heo/metadata.json
metadata.json,https://files.jcrt.org/metadata/archives/12.2/heo_2/metadata.json
metadata.json,https://files.jcrt.org/metadata/archives/12.2/hurlin/metadata.json
metadata.json,https://files.jcrt.org/metadata/archives/12.2/mackendrick/metadata.json
metadata.json,https://files.jcrt.org/metadata/archives/12.2/mackendrick_2/metadata.json
metadata.json,https://files.jcrt.org/metadata/archives/12.2/montel_hurlin/metadata.json
metadata.json,https://files.jcrt.org/metadata/archives/12.2/peters/metadata.json
metadata.json,https://files.jcrt.org/metadata/archives/12.2/peters_2/metadata.json
metadata.json,https://files.jcrt.org/metadata/archives/12.2/robert/metadata.json
metadata.json,https://files.jcrt.org/metadata/archives/12.2/taylor-kosky/metadata.json
metadata.json,https://files.jcrt.org/metadata/archives/12.3/alexander/metadata.json
metadata.json,https://files.jcrt.org/metadata/archives/12.3/almond/metadata.json
metadata.json,https://files.jcrt.org/metadata/archives/12.3/alvis/metadata.json
metadata.json,https://files.jcrt.org/metadata/archives/12.3/bedford/metadata.json
metadata.json,https://files.jcrt.org/metadata/archives/12.3/mccullough.altizer/metadata.json
metadata.json,https://files.jcrt.org/metadata/archives/12.3/miller/metadata.json
metadata.json,https://files.jcrt.org/metadata/archives/12.3/nail/metadata.json
metadata.json,https://files.jcrt.org/metadata/archives/12.3/ramos/metadata.json
metadata.json,https://files.jcrt.org/metadata/archives/12.3/raschke/metadata.json
metadata.json,https://files.jcrt.org/metadata/archives/12.3/schedneck/metadata.json
metadata.json,https://files.jcrt.org/metadata/archives/12.3/smith/metadata.json
metadata.json,https://files.jcrt.org/metadata/archives/12.3/stoica/metadata.json
metadata.json,https://files.jcrt.org/metadata/archives/12.3/taylor.raschke/metadata.json
metadata.json,https://files.jcrt.org/metadata/archives/13.1/barber/metadata.json
metadata.json,https://files.jcrt.org/metadata/archives/13.1/bray/metadata.json
metadata.json,https://files.jcrt.org/metadata/archives/13.1/davis/metadata.json
metadata.json,https://files.jcrt.org/metadata/archives/13.1/dussel/metadata.json
metadata.json,https://files.jcrt.org/metadata/archives/13.1/eberle/metadata.json
metadata.json,https://files.jcrt.org/metadata/archives/13.1/lugones/metadata.json
metadata.json,https://files.jcrt.org/metadata/archives/13.1/mendez/metadata.json
metadata.json,https://files.jcrt.org/metadata/archives/13.1/miller/metadata.json
metadata.json,https://files.jcrt.org/metadata/archives/13.1/robbins/metadata.json
metadata.json,https://files.jcrt.org/metadata/archives/13.1/schmidt/metadata.json
metadata.json,https://files.jcrt.org/metadata/archives/13.1/taylor/metadata.json
metadata.json,https://files.jcrt.org/metadata/archives/13.1/tlostanova/metadata.json
metadata.json,https://files.jcrt.org/metadata/archives/13.1/v_squez/metadata.json
metadata.json,https://files.jcrt.org/metadata/archives/13.1/vasquez/metadata.json
metadata.json,https://files.jcrt.org/metadata/archives/13.1/woessner/metadata.json
metadata.json,https://files.jcrt.org/metadata/archives/13.2/carsey/metadata.json
metadata.json,https://files.jcrt.org/metadata/archives/13.2/cisney/metadata.json
metadata.json,https://files.jcrt.org/metadata/archives/13.2/clark/metadata.json
metadata.json,https://files.jcrt.org/metadata/archives/13.2/coggan/metadata.json
metadata.json,https://files.jcrt.org/metadata/archives/13.2/flavin/metadata.json
metadata.json,https://files.jcrt.org/metadata/archives/13.2/kotsko/metadata.json
metadata.json,https://files.jcrt.org/metadata/archives/13.2/lanci/metadata.json
metadata.json,https://files.jcrt.org/metadata/archives/13.2/mullen/metadata.json
metadata.json,https://files.jcrt.org/metadata/archives/13.2/nagypal/metadata.json
metadata.json,https://files.jcrt.org/metadata/archives/13.2/nuckolls/metadata.json
metadata.json,https://files.jcrt.org/metadata/archives/13.2/purakayastha/metadata.json
metadata.json,https://files.jcrt.org/metadata/archives/13.2/reyes/metadata.json
metadata.json,https://files.jcrt.org/metadata/archives/13.2/scholes/metadata.json
metadata.json,https://files.jcrt.org/metadata/archives/13.2/shaver/metadata.json
metadata.json,https://files.jcrt.org/metadata/archives/13.2/shillock/metadata.json
metadata.json,https://files.jcrt.org/metadata/archives/13.2/taylorandweiss/metadata.json
metadata.json,https://files.jcrt.org/metadata/archives/13.2/weiss_taylor/metadata.json
metadata.json,https://files.jcrt.org/metadata/archives/13.2/winters/metadata.json
metadata.json,https://files.jcrt.org/metadata/archives/14.1/alvis/metadata.json
metadata.json,https://files.jcrt.org/metadata/archives/14.1/fagenblat/metadata.json
metadata.json,https://files.jcrt.org/metadata/archives/14.1/featherston/metadata.json
metadata.json,https://files.jcrt.org/metadata/archives/14.1/green/metadata.json
metadata.json,https://files.jcrt.org/metadata/archives/14.1/lauri/metadata.json
metadata.json,https://files.jcrt.org/metadata/archives/14.1/raschke/metadata.json
metadata.json,https://files.jcrt.org/metadata/archives/14.1/renger/metadata.json
metadata.json,https://files.jcrt.org/metadata/archives/14.1/schyllert/metadata.json
metadata.json,https://files.jcrt.org/metadata/archives/14.1/settle/metadata.json
metadata.json,https://files.jcrt.org/metadata/archives/14.1/snediker/metadata.json
metadata.json,https://files.jcrt.org/metadata/archives/14.1/trier/metadata.json
metadata.json,https://files.jcrt.org/metadata/archives/14.1/winters/metadata.json
metadata.json,https://files.jcrt.org/metadata/archives/14.1/yonker/metadata.json
metadata.json,https://files.jcrt.org/metadata/archives/14.2/aikin/metadata.json
metadata.json,https://files.jcrt.org/metadata/archives/14.2/feddon/metadata.json
metadata.json,https://files.jcrt.org/metadata/archives/14.2/greco/metadata.json
metadata.json,https://files.jcrt.org/metadata/archives/14.2/gschwandtner/metadata.json
metadata.json,https://files.jcrt.org/metadata/archives/14.2/holdier/metadata.json
metadata.json,https://files.jcrt.org/metadata/archives/14.2/kavka/metadata.json
metadata.json,https://files.jcrt.org/metadata/archives/14.2/kelly/metadata.json
metadata.json,https://files.jcrt.org/metadata/archives/14.2/knepper/metadata.json
metadata.json,https://files.jcrt.org/metadata/archives/14.2/loewen/metadata.json
metadata.json,https://files.jcrt.org/metadata/archives/14.2/moser/metadata.json
metadata.json,https://files.jcrt.org/metadata/archives/14.2/mulder/metadata.json
metadata.json,https://files.jcrt.org/metadata/archives/14.2/schellenberg/metadata.json
metadata.json,https://files.jcrt.org/metadata/archives/14.2/schilbrack/metadata.json
metadata.json,https://files.jcrt.org/metadata/archives/14.2/shuster/metadata.json
metadata.json,https://files.jcrt.org/metadata/archives/14.2/simmons-intro/metadata.json
metadata.json,https://files.jcrt.org/metadata/archives/14.2/trakakis/metadata.json
metadata.json,https://files.jcrt.org/metadata/archives/14.2/trakikis/metadata.json
metadata.json,https://files.jcrt.org/metadata/archives/14.2/weidler/metadata.json
metadata.json,https://files.jcrt.org/metadata/archives/14.2/wolterstorff-preface/metadata.json
metadata.json,https://files.jcrt.org/metadata/archives/15.1/alvis/metadata.json
metadata.json,https://files.jcrt.org/metadata/archives/15.1/cohen/metadata.json
metadata.json,https://files.jcrt.org/metadata/archives/15.1/hagedorn/metadata.json
metadata.json,https://files.jcrt.org/metadata/archives/15.1/hagedorn_staudigl_alvis/metadata.json
metadata.json,https://files.jcrt.org/metadata/archives/15.1/intro/metadata.json
metadata.json,https://files.jcrt.org/metadata/archives/15.1/raschke/metadata.json
metadata.json,https://files.jcrt.org/metadata/archives/15.1/schuback/metadata.json
metadata.json,https://files.jcrt.org/metadata/archives/15.1/staudigl/metadata.json
metadata.json,https://files.jcrt.org/metadata/archives/15.1/steinbock/metadata.json
metadata.json,https://files.jcrt.org/metadata/archives/15.1/welten/metadata.json
metadata.json,https://files.jcrt.org/metadata/archives/15.2/aldinger/metadata.json
metadata.json,https://files.jcrt.org/metadata/archives/15.2/betcher/metadata.json
metadata.json,https://files.jcrt.org/metadata/archives/15.2/fox/metadata.json
metadata.json,https://files.jcrt.org/metadata/archives/15.2/intro/metadata.json
metadata.json,https://files.jcrt.org/metadata/archives/15.2/reid/metadata.json
metadata.json,https://files.jcrt.org/metadata/archives/15.2/sanchez/metadata.json
metadata.json,https://files.jcrt.org/metadata/archives/15.2/siebers/metadata.json
metadata.json,https://files.jcrt.org/metadata/archives/15.2/valente/metadata.json
metadata.json,https://files.jcrt.org/metadata/archives/15.2/valente2/metadata.json
metadata.json,https://files.jcrt.org/metadata/archives/16.1/carson/metadata.json
metadata.json,https://files.jcrt.org/metadata/archives/16.1/clay_robinson/metadata.json
metadata.json,https://files.jcrt.org/metadata/archives/16.1/ferguson/metadata.json
metadata.json,https://files.jcrt.org/metadata/archives/16.1/figueiredo/metadata.json
metadata.json,https://files.jcrt.org/metadata/archives/16.1/figueiredo_2/metadata.json
metadata.json,https://files.jcrt.org/metadata/archives/16.1/interviewgaia/metadata.json
metadata.json,https://files.jcrt.org/metadata/archives/16.1/interviewgiroux/metadata.json
metadata.json,https://files.jcrt.org/metadata/archives/16.1/interviewsousanis/metadata.json
metadata.json,https://files.jcrt.org/metadata/archives/16.1/interviewulmer/metadata.json
metadata.json,https://files.jcrt.org/metadata/archives/16.1/introfigueiredo/metadata.json
metadata.json,https://files.jcrt.org/metadata/archives/16.1/li/metadata.json
metadata.json,https://files.jcrt.org/metadata/archives/16.1/obrien/metadata.json
metadata.json,https://files.jcrt.org/metadata/archives/16.1/raschke/metadata.json
metadata.json,https://files.jcrt.org/metadata/archives/16.1/reviewbutler/metadata.json
metadata.json,https://files.jcrt.org/metadata/archives/16.1/stowe_sousanis/metadata.json
metadata.json,https://files.jcrt.org/metadata/archives/16.1/taylor_giroux/metadata.json
metadata.json,https://files.jcrt.org/metadata/archives/16.1/waggoner/metadata.json
metadata.json,https://files.jcrt.org/metadata/archives/16.2/armstrong/metadata.json
metadata.json,https://files.jcrt.org/metadata/archives/16.2/bray/metadata.json
metadata.json,https://files.jcrt.org/metadata/archives/16.2/dubilet/metadata.json
metadata.json,https://files.jcrt.org/metadata/archives/16.2/intro-marovich/metadata.json
metadata.json,https://files.jcrt.org/metadata/archives/16.2/marovich/metadata.json
metadata.json,https://files.jcrt.org/metadata/archives/16.2/meyer/metadata.json
metadata.json,https://files.jcrt.org/metadata/archives/16.2/moody/metadata.json
metadata.json,https://files.jcrt.org/metadata/archives/16.2/rose/metadata.json
metadata.json,https://files.jcrt.org/metadata/archives/16.3/beddard/metadata.json
metadata.json,https://files.jcrt.org/metadata/archives/16.3/congdon/metadata.json
metadata.json,https://files.jcrt.org/metadata/archives/16.3/davis/metadata.json
metadata.json,https://files.jcrt.org/metadata/archives/16.3/introduction/metadata.json
metadata.json,https://files.jcrt.org/metadata/archives/16.3/karlsen/metadata.json
metadata.json,https://files.jcrt.org/metadata/archives/16.3/leung/metadata.json
metadata.json,https://files.jcrt.org/metadata/archives/16.3/osserman/metadata.json
metadata.json,https://files.jcrt.org/metadata/archives/16.3/phelps/metadata.json
metadata.json,https://files.jcrt.org/metadata/archives/16.3/raschke/metadata.json
metadata.json,https://files.jcrt.org/metadata/archives/16.3/weaver/metadata.json
metadata.json,https://files.jcrt.org/metadata/archives/17.1/beiner/metadata.json
metadata.json,https://files.jcrt.org/metadata/archives/17.1/bielik/metadata.json
metadata.json,https://files.jcrt.org/metadata/archives/17.1/caputo/metadata.json
metadata.json,https://files.jcrt.org/metadata/archives/17.1/dean/metadata.json
metadata.json,https://files.jcrt.org/metadata/archives/17.1/fitzgerald/metadata.json
metadata.json,https://files.jcrt.org/metadata/archives/17.1/keller/metadata.json
metadata.json,https://files.jcrt.org/metadata/archives/17.1/muraca/metadata.json
metadata.json,https://files.jcrt.org/metadata/archives/17.1/ogunnaike/metadata.json
metadata.json,https://files.jcrt.org/metadata/archives/17.1/raschke/metadata.json
metadata.json,https://files.jcrt.org/metadata/archives/17.1/richard/metadata.json
metadata.json,https://files.jcrt.org/metadata/archives/17.1/taylor/metadata.json
metadata.json,https://files.jcrt.org/metadata/archives/17.2/Omurchadha/metadata.json
metadata.json,https://files.jcrt.org/metadata/archives/17.2/alvis/metadata.json
metadata.json,https://files.jcrt.org/metadata/archives/17.2/bornemark/metadata.json
metadata.json,https://files.jcrt.org/metadata/archives/17.2/dewarren/metadata.json
metadata.json,https://files.jcrt.org/metadata/archives/17.2/dodd/metadata.json
metadata.json,https://files.jcrt.org/metadata/archives/17.2/evink/metadata.json
metadata.json,https://files.jcrt.org/metadata/archives/17.2/gschwandtner/metadata.json
metadata.json,https://files.jcrt.org/metadata/archives/17.2/hagedorn_staudigl/metadata.json
metadata.json,https://files.jcrt.org/metadata/archives/17.2/hart/metadata.json
metadata.json,https://files.jcrt.org/metadata/archives/17.2/klun/metadata.json
metadata.json,https://files.jcrt.org/metadata/archives/17.2/leclercq/metadata.json
metadata.json,https://files.jcrt.org/metadata/archives/17.2/marion/metadata.json
metadata.json,https://files.jcrt.org/metadata/archives/17.2/mensch/metadata.json
metadata.json,https://files.jcrt.org/metadata/archives/17.2/prole/metadata.json
metadata.json,https://files.jcrt.org/metadata/archives/17.2/rivera/metadata.json
metadata.json,https://files.jcrt.org/metadata/archives/17.3/backman/metadata.json
metadata.json,https://files.jcrt.org/metadata/archives/17.3/beddard/metadata.json
metadata.json,https://files.jcrt.org/metadata/archives/17.3/datar/metadata.json
metadata.json,https://files.jcrt.org/metadata/archives/17.3/davis/metadata.json
metadata.json,https://files.jcrt.org/metadata/archives/17.3/green/metadata.json
metadata.json,https://files.jcrt.org/metadata/archives/17.3/kavoulakos/metadata.json
metadata.json,https://files.jcrt.org/metadata/archives/17.3/lawrence/metadata.json
metadata.json,https://files.jcrt.org/metadata/archives/17.3/rhodes/metadata.json
metadata.json,https://files.jcrt.org/metadata/archives/17.3/schmidt/metadata.json
metadata.json,https://files.jcrt.org/metadata/archives/17.3/soni/metadata.json
metadata.json,https://files.jcrt.org/metadata/archives/17.3/tutt/metadata.json
metadata.json,https://files.jcrt.org/metadata/archives/17.3/yonker/metadata.json
metadata.json,https://files.jcrt.org/metadata/archives/18.1/appel/metadata.json
metadata.json,https://files.jcrt.org/metadata/archives/18.1/bios/metadata.json
metadata.json,https://files.jcrt.org/metadata/archives/18.1/burke/metadata.json
metadata.json,https://files.jcrt.org/metadata/archives/18.1/burke2/metadata.json
metadata.json,https://files.jcrt.org/metadata/archives/18.1/cook/metadata.json
metadata.json,https://files.jcrt.org/metadata/archives/18.1/delay/metadata.json
metadata.json,https://files.jcrt.org/metadata/archives/18.1/green/metadata.json
metadata.json,https://files.jcrt.org/metadata/archives/18.1/komkov/metadata.json
metadata.json,https://files.jcrt.org/metadata/archives/18.1/komkov2/metadata.json
metadata.json,https://files.jcrt.org/metadata/archives/18.1/koser/metadata.json
metadata.json,https://files.jcrt.org/metadata/archives/18.1/l_land/metadata.json
metadata.json,https://files.jcrt.org/metadata/archives/18.1/loland1/metadata.json
metadata.json,https://files.jcrt.org/metadata/archives/18.1/mcandrew/metadata.json
metadata.json,https://files.jcrt.org/metadata/archives/18.1/pederson/metadata.json
metadata.json,https://files.jcrt.org/metadata/archives/18.1/ramos/metadata.json
metadata.json,https://files.jcrt.org/metadata/archives/18.1/ramos1/metadata.json
metadata.json,https://files.jcrt.org/metadata/archives/18.1/richard/metadata.json
metadata.json,https://files.jcrt.org/metadata/archives/18.1/sharma/metadata.json
metadata.json,https://files.jcrt.org/metadata/archives/18.1/sharma2/metadata.json
metadata.json,https://files.jcrt.org/metadata/archives/18.1/spickard/metadata.json
metadata.json,https://files.jcrt.org/metadata/archives/18.1/spickard2/metadata.json
metadata.json,https://files.jcrt.org/metadata/archives/18.2/Konigsburg/metadata.json
metadata.json,https://files.jcrt.org/metadata/archives/18.2/bios/metadata.json
metadata.json,https://files.jcrt.org/metadata/archives/18.2/deroo/metadata.json
metadata.json,https://files.jcrt.org/metadata/archives/18.2/fishley/metadata.json
metadata.json,https://files.jcrt.org/metadata/archives/18.2/giardino/metadata.json
metadata.json,https://files.jcrt.org/metadata/archives/18.2/graham/metadata.json
metadata.json,https://files.jcrt.org/metadata/archives/18.2/green/metadata.json
metadata.json,https://files.jcrt.org/metadata/archives/18.2/guerriero/metadata.json
metadata.json,https://files.jcrt.org/metadata/archives/18.2/harrison/metadata.json
metadata.json,https://files.jcrt.org/metadata/archives/18.2/hovorun/metadata.json
metadata.json,https://files.jcrt.org/metadata/archives/18.2/lewis/metadata.json
metadata.json,https://files.jcrt.org/metadata/archives/18.2/mcavan/metadata.json
metadata.json,https://files.jcrt.org/metadata/archives/18.2/oliver/metadata.json
metadata.json,https://files.jcrt.org/metadata/archives/18.2/pessin/metadata.json
metadata.json,https://files.jcrt.org/metadata/archives/18.2/prewitt-davis/metadata.json
metadata.json,https://files.jcrt.org/metadata/archives/18.2/samuel/metadata.json
metadata.json,https://files.jcrt.org/metadata/archives/18.2/stanton/metadata.json
metadata.json,https://files.jcrt.org/metadata/archives/18.2/trozzo/metadata.json
metadata.json,https://files.jcrt.org/metadata/archives/18.2/vaino/metadata.json
metadata.json,https://files.jcrt.org/metadata/archives/18.3/bios/metadata.json
metadata.json,https://files.jcrt.org/metadata/archives/18.3/burley/metadata.json
metadata.json,https://files.jcrt.org/metadata/archives/18.3/cisney/metadata.json
metadata.json,https://files.jcrt.org/metadata/archives/18.3/deibl/metadata.json
metadata.json,https://files.jcrt.org/metadata/archives/18.3/goggin/metadata.json
metadata.json,https://files.jcrt.org/metadata/archives/18.3/haynes/metadata.json
metadata.json,https://files.jcrt.org/metadata/archives/18.3/jones/metadata.json
metadata.json,https://files.jcrt.org/metadata/archives/18.3/mccracken/metadata.json
metadata.json,https://files.jcrt.org/metadata/archives/18.3/murphy/metadata.json
metadata.json,https://files.jcrt.org/metadata/archives/18.3/onishi/metadata.json
metadata.json,https://files.jcrt.org/metadata/archives/18.3/roberts/metadata.json
metadata.json,https://files.jcrt.org/metadata/archives/18.3/roberts_hayden/metadata.json
metadata.json,https://files.jcrt.org/metadata/archives/18.3/robertsandhayden/metadata.json
metadata.json,https://files.jcrt.org/metadata/archives/18.3/rubenstein/metadata.json
metadata.json,https://files.jcrt.org/metadata/archives/18.3/ruetenik/metadata.json
metadata.json,https://files.jcrt.org/metadata/archives/18.3/tarleton/metadata.json
metadata.json,https://files.jcrt.org/metadata/archives/19.1/bios/metadata.json
metadata.json,https://files.jcrt.org/metadata/archives/19.1/casey/metadata.json
metadata.json,https://files.jcrt.org/metadata/archives/19.1/cobb/metadata.json
metadata.json,https://files.jcrt.org/metadata/archives/19.1/dise/metadata.json
metadata.json,https://files.jcrt.org/metadata/archives/19.1/feld/metadata.json
metadata.json,https://files.jcrt.org/metadata/archives/19.1/franke/metadata.json
metadata.json,https://files.jcrt.org/metadata/archives/19.1/hart/metadata.json
metadata.json,https://files.jcrt.org/metadata/archives/19.1/hass/metadata.json
metadata.json,https://files.jcrt.org/metadata/archives/19.1/jennings/metadata.json
metadata.json,https://files.jcrt.org/metadata/archives/19.1/mccullough/metadata.json
metadata.json,https://files.jcrt.org/metadata/archives/19.1/quasha/metadata.json
metadata.json,https://files.jcrt.org/metadata/archives/19.1/raschke/metadata.json
metadata.json,https://files.jcrt.org/metadata/archives/19.1/redell/metadata.json
metadata.json,https://files.jcrt.org/metadata/archives/19.1/rubenstein/metadata.json
metadata.json,https://files.jcrt.org/metadata/archives/19.1/schroeder/metadata.json
metadata.json,https://files.jcrt.org/metadata/archives/19.1/taylor/metadata.json
metadata.json,https://files.jcrt.org/metadata/archives/19.1/wolfson/metadata.json
metadata.json,https://files.jcrt.org/metadata/archives/19.2/bios/metadata.json
metadata.json,https://files.jcrt.org/metadata/archives/19.2/green/metadata.json
metadata.json,https://files.jcrt.org/metadata/archives/19.2/hackett/metadata.json
metadata.json,https://files.jcrt.org/metadata/archives/19.2/hurley/metadata.json
metadata.json,https://files.jcrt.org/metadata/archives/19.2/hyman/metadata.json
metadata.json,https://files.jcrt.org/metadata/archives/19.2/maltby/metadata.json
metadata.json,https://files.jcrt.org/metadata/archives/19.2/marion/metadata.json
metadata.json,https://files.jcrt.org/metadata/archives/19.2/mcavan/metadata.json
metadata.json,https://files.jcrt.org/metadata/archives/19.2/molla/metadata.json
metadata.json,https://files.jcrt.org/metadata/archives/19.2/murphy/metadata.json
metadata.json,https://files.jcrt.org/metadata/archives/19.2/rosen/metadata.json
metadata.json,https://files.jcrt.org/metadata/archives/19.2/tinker/metadata.json
metadata.json,https://files.jcrt.org/metadata/archives/19.3/1-britt/metadata.json
metadata.json,https://files.jcrt.org/metadata/archives/19.3/2-almog/metadata.json
metadata.json,https://files.jcrt.org/metadata/archives/19.3/3-britt/metadata.json
metadata.json,https://files.jcrt.org/metadata/archives/19.3/4-green/metadata.json
metadata.json,https://files.jcrt.org/metadata/archives/19.3/5-leibovic/metadata.json
metadata.json,https://files.jcrt.org/metadata/archives/19.3/6-rotlevy/metadata.json
metadata.json,https://files.jcrt.org/metadata/archives/19.3/7-salzani/metadata.json
metadata.json,https://files.jcrt.org/metadata/archives/19.3/8-weidner/metadata.json
metadata.json,https://files.jcrt.org/metadata/archives/19.3/bios/metadata.json
metadata.json,https://files.jcrt.org/metadata/archives/19.3/lebovic/metadata.json
metadata.json,https://files.jcrt.org/metadata/archives/20.1/ball/metadata.json
metadata.json,https://files.jcrt.org/metadata/archives/20.1/bedford/metadata.json
metadata.json,https://files.jcrt.org/metadata/archives/20.1/bios/metadata.json
metadata.json,https://files.jcrt.org/metadata/archives/20.1/conroy/metadata.json
metadata.json,https://files.jcrt.org/metadata/archives/20.1/lacey/metadata.json
metadata.json,https://files.jcrt.org/metadata/archives/20.1/maeshiro/metadata.json
metadata.json,https://files.jcrt.org/metadata/archives/20.1/mcmaken/metadata.json
metadata.json,https://files.jcrt.org/metadata/archives/20.1/reiser/metadata.json
metadata.json,https://files.jcrt.org/metadata/archives/20.1/urquidez/metadata.json
metadata.json,https://files.jcrt.org/metadata/archives/20.1/willis/metadata.json
metadata.json,https://files.jcrt.org/metadata/archives/20.2/bios/metadata.json
metadata.json,https://files.jcrt.org/metadata/archives/20.2/praise/metadata.json
