name,url
metadata.json,https://files.jcrt.org/metadata/archives/20.3/bios/metadata.json
metadata.json,https://files.jcrt.org/metadata/archives/20.3/boulting/metadata.json
metadata.json,https://files.jcrt.org/metadata/archives/20.3/cuda/metadata.json
metadata.json,https://files.jcrt.org/metadata/archives/20.3/decoloniality/metadata.json
metadata.json,https://files.jcrt.org/metadata/archives/20.3/felese/metadata.json
metadata.json,https://files.jcrt.org/metadata/archives/20.3/holdier/metadata.json
metadata.json,https://files.jcrt.org/metadata/archives/20.3/kline/metadata.json
metadata.json,https://files.jcrt.org/metadata/archives/20.3/klug/metadata.json
metadata.json,https://files.jcrt.org/metadata/archives/20.3/walsh_mignolo_herrero_tinker/metadata.json
metadata.json,https://files.jcrt.org/metadata/archives/21.1/bakker/metadata.json
metadata.json,https://files.jcrt.org/metadata/archives/21.1/bios/metadata.json
metadata.json,https://files.jcrt.org/metadata/archives/21.1/boulting/metadata.json
metadata.json,https://files.jcrt.org/metadata/archives/21.1/burkette/metadata.json
metadata.json,https://files.jcrt.org/metadata/archives/21.1/marinho/metadata.json
metadata.json,https://files.jcrt.org/metadata/archives/21.1/raubach/metadata.json
metadata.json,https://files.jcrt.org/metadata/archives/21.1/sirota/metadata.json
metadata.json,https://files.jcrt.org/metadata/archives/21.1/skof/metadata.json
metadata.json,https://files.jcrt.org/metadata/archives/21.2/afridi/metadata.json
metadata.json,https://files.jcrt.org/metadata/archives/21.2/arnold/metadata.json
metadata.json,https://files.jcrt.org/metadata/archives/21.2/bios/metadata.json
metadata.json,https://files.jcrt.org/metadata/archives/21.2/macdonald/metadata.json
metadata.json,https://files.jcrt.org/metadata/archives/21.2/molla/metadata.json
metadata.json,https://files.jcrt.org/metadata/archives/21.2/taylor/metadata.json
metadata.json,https://files.jcrt.org/metadata/archives/21.2/walker/metadata.json
metadata.json,https://files.jcrt.org/metadata/archives/21.2/wood/metadata.json
metadata.json,https://files.jcrt.org/metadata/archives/21.3/bielik_robson/metadata.json
metadata.json,https://files.jcrt.org/metadata/archives/21.3/bios/metadata.json
metadata.json,https://files.jcrt.org/metadata/archives/21.3/bradley/metadata.json
metadata.json,https://files.jcrt.org/metadata/archives/21.3/bradley0/metadata.json
metadata.json,https://files.jcrt.org/metadata/archives/21.3/bradley1/metadata.json
metadata.json,https://files.jcrt.org/metadata/archives/21.3/bradley2/metadata.json
metadata.json,https://files.jcrt.org/metadata/archives/21.3/bradley3/metadata.json
metadata.json,https://files.jcrt.org/metadata/archives/21.3/bradley4/metadata.json
metadata.json,https://files.jcrt.org/metadata/archives/21.3/bradley5/metadata.json
metadata.json,https://files.jcrt.org/metadata/archives/21.3/bradley6/metadata.json
metadata.json,https://files.jcrt.org/metadata/archives/21.3/bradley7/metadata.json
metadata.json,https://files.jcrt.org/metadata/archives/21.3/bradley8/metadata.json
metadata.json,https://files.jcrt.org/metadata/archives/21.3/bradley_2/metadata.json
metadata.json,https://files.jcrt.org/metadata/archives/21.3/bradley_3/metadata.json
metadata.json,https://files.jcrt.org/metadata/archives/21.3/gildea/metadata.json
metadata.json,https://files.jcrt.org/metadata/archives/21.3/johnston/metadata.json
metadata.json,https://files.jcrt.org/metadata/archives/21.3/meganck/metadata.json
metadata.json,https://files.jcrt.org/metadata/archives/21.3/nedoh/metadata.json
metadata.json,https://files.jcrt.org/metadata/archives/21.3/raschke/metadata.json
metadata.json,https://files.jcrt.org/metadata/archives/21.3/simon/metadata.json
metadata.json,https://files.jcrt.org/metadata/archives/22.1/auer/metadata.json
metadata.json,https://files.jcrt.org/metadata/archives/22.1/edlinger/metadata.json
metadata.json,https://files.jcrt.org/metadata/archives/22.1/gaetano/metadata.json
metadata.json,https://files.jcrt.org/metadata/archives/22.1/grane/metadata.json
metadata.json,https://files.jcrt.org/metadata/archives/22.1/hujing/metadata.json
metadata.json,https://files.jcrt.org/metadata/archives/22.1/magnasco/metadata.json
metadata.json,https://files.jcrt.org/metadata/archives/22.1/patry/metadata.json
metadata.json,https://files.jcrt.org/metadata/archives/22.1/quell/metadata.json
metadata.json,https://files.jcrt.org/metadata/archives/22.1/sedmak/metadata.json
metadata.json,https://files.jcrt.org/metadata/archives/22.1/westin_sedmak/metadata.json
metadata.json,https://files.jcrt.org/metadata/archives/22.1/wurts/metadata.json
metadata.json,https://files.jcrt.org/metadata/archives/22.2/bios/metadata.json
metadata.json,https://files.jcrt.org/metadata/archives/22.2/byng/metadata.json
metadata.json,https://files.jcrt.org/metadata/archives/22.2/dubus/metadata.json
metadata.json,https://files.jcrt.org/metadata/archives/22.2/hall/metadata.json
metadata.json,https://files.jcrt.org/metadata/archives/22.2/howes/metadata.json
metadata.json,https://files.jcrt.org/metadata/archives/22.2/keller_raschke/metadata.json
metadata.json,https://files.jcrt.org/metadata/archives/22.2/raschke/metadata.json
metadata.json,https://files.jcrt.org/metadata/archives/22.2/singh/metadata.json
metadata.json,https://files.jcrt.org/metadata/archives/23.1/bios/metadata.json
metadata.json,https://files.jcrt.org/metadata/archives/23.1/durante/metadata.json
metadata.json,https://files.jcrt.org/metadata/archives/23.1/grane/metadata.json
metadata.json,https://files.jcrt.org/metadata/archives/23.1/hujing/metadata.json
metadata.json,https://files.jcrt.org/metadata/archives/23.1/johnson/metadata.json
metadata.json,https://files.jcrt.org/metadata/archives/23.1/kaur/metadata.json
metadata.json,https://files.jcrt.org/metadata/archives/23.1/massaro/metadata.json
metadata.json,https://files.jcrt.org/metadata/archives/23.1/mather/metadata.json
metadata.json,https://files.jcrt.org/metadata/archives/23.1/mckanan/metadata.json
metadata.json,https://files.jcrt.org/metadata/archives/23.1/monson/metadata.json
metadata.json,https://files.jcrt.org/metadata/archives/23.1/pope/metadata.json
metadata.json,https://files.jcrt.org/metadata/archives/23.1/prewitt_davis/metadata.json
metadata.json,https://files.jcrt.org/metadata/archives/23.2/arnold/metadata.json
metadata.json,https://files.jcrt.org/metadata/archives/23.2/bios/metadata.json
metadata.json,https://files.jcrt.org/metadata/archives/23.2/marks/metadata.json
metadata.json,https://files.jcrt.org/metadata/archives/23.2/porter/metadata.json
metadata.json,https://files.jcrt.org/metadata/archives/23.2/raschke/metadata.json
metadata.json,https://files.jcrt.org/metadata/archives/23.2/sendag/metadata.json
metadata.json,https://files.jcrt.org/metadata/archives/24.1/abstracts/metadata.json
metadata.json,https://files.jcrt.org/metadata/archives/24.1/bios/metadata.json
metadata.json,https://files.jcrt.org/metadata/archives/24.1/daga/metadata.json
metadata.json,https://files.jcrt.org/metadata/archives/24.1/durante/metadata.json
metadata.json,https://files.jcrt.org/metadata/archives/24.1/godazgar/metadata.json
metadata.json,https://files.jcrt.org/metadata/archives/24.1/grammenou/metadata.json
metadata.json,https://files.jcrt.org/metadata/archives/24.1/grane/metadata.json
metadata.json,https://files.jcrt.org/metadata/archives/24.1/harwood/metadata.json
metadata.json,https://files.jcrt.org/metadata/archives/24.1/phelps/metadata.json
metadata.json,https://files.jcrt.org/metadata/archives/24.1/ruan/metadata.json
metadata.json,https://files.jcrt.org/metadata/archives/24.1/silverstein/metadata.json
metadata.json,https://files.jcrt.org/metadata/archives/24.2/alencar/metadata.json
metadata.json,https://files.jcrt.org/metadata/archives/24.2/author-bios/metadata.json
metadata.json,https://files.jcrt.org/metadata/archives/24.2/barry/metadata.json
metadata.json,https://files.jcrt.org/metadata/archives/24.2/berlin/metadata.json
metadata.json,https://files.jcrt.org/metadata/archives/24.2/callan/metadata.json
metadata.json,https://files.jcrt.org/metadata/archives/24.2/chaness/metadata.json
metadata.json,https://files.jcrt.org/metadata/archives/24.2/felese/metadata.json
metadata.json,https://files.jcrt.org/metadata/archives/24.2/hurtado/metadata.json
metadata.json,https://files.jcrt.org/metadata/archives/24.2/introduction/metadata.json
metadata.json,https://files.jcrt.org/metadata/archives/24.2/jimenez/metadata.json
metadata.json,https://files.jcrt.org/metadata/archives/24.2/lakshmi/metadata.json
metadata.json,https://files.jcrt.org/metadata/archives/24.2/modrow/metadata.json
metadata.json,https://files.jcrt.org/metadata/archives/24.2/nagle/metadata.json
metadata.json,https://files.jcrt.org/metadata/archives/24.2/nahar/metadata.json
metadata.json,https://files.jcrt.org/metadata/archives/24.2/preface/metadata.json
metadata.json,https://files.jcrt.org/metadata/archives/24.2/radhakrishnan/metadata.json
metadata.json,https://files.jcrt.org/metadata/archives/24.2/somayajula/metadata.json
metadata.json,https://files.jcrt.org/metadata/archives/24.2/trinkauskaite/metadata.json
metadata.json,https://files.jcrt.org/metadata/archives/24.2/wagner/metadata.json
metadata.json,https://files.jcrt.org/metadata/archives/25.1/conclusion/metadata.json
metadata.json,https://files.jcrt.org/metadata/archives/25.1/derrico/metadata.json
metadata.json,https://files.jcrt.org/metadata/archives/25.1/goudy/metadata.json
metadata.json,https://files.jcrt.org/metadata/archives/25.1/heath/metadata.json
metadata.json,https://files.jcrt.org/metadata/archives/25.1/miller/metadata.json
metadata.json,https://files.jcrt.org/metadata/archives/25.1/newcomb/metadata.json
metadata.json,https://files.jcrt.org/metadata/archives/25.1/postscript/metadata.json
metadata.json,https://files.jcrt.org/metadata/archives/25.1/rodgers-falk/metadata.json
metadata.json,https://files.jcrt.org/metadata/archives/25.1/schwartzberg/metadata.json
metadata.json,https://files.jcrt.org/metadata/archives/25.2/alikhani/metadata.json
metadata.json,https://files.jcrt.org/metadata/archives/25.2/bell/metadata.json
metadata.json,https://files.jcrt.org/metadata/archives/25.2/cheung/metadata.json
metadata.json,https://files.jcrt.org/metadata/archives/25.2/gilbert/metadata.json
metadata.json,https://files.jcrt.org/metadata/archives/25.2/hall/metadata.json
metadata.json,https://files.jcrt.org/metadata/archives/25.2/lockhart/metadata.json
metadata.json,https://files.jcrt.org/metadata/archives/25.2/raschke/metadata.json
metadata.json,https://files.jcrt.org/metadata/archives/25.2/shane/metadata.json
metadata.json,https://files.jcrt.org/metadata/archives/25.2/spencer/metadata.json
metadata.json,https://files.jcrt.org/metadata/archives/25.2/valentini/metadata.json
csl-json-sitemap.xml,https://files.jcrt.org/metadata/csl-json-sitemap.xml
doaj-archives.xml,https://files.jcrt.org/metadata/doaj-archives.xml
oai_dc.xml,https://files.jcrt.org/metadata/oai_dc.xml
metadata.json,https://files.jcrt.org/metadata/religioustheory/live/a-new-project-for-correlational-continental-theology-again/metadata.json
metadata.json,https://files.jcrt.org/metadata/religioustheory/live/apocalypse-now-the-subaltern-has-spoken/metadata.json
metadata.json,https://files.jcrt.org/metadata/religioustheory/live/bernie-madoff-university/metadata.json
metadata.json,https://files.jcrt.org/metadata/religioustheory/live/born-again/metadata.json
metadata.json,https://files.jcrt.org/metadata/religioustheory/live/catholics-vs-the-catholic-hierarchy-in-the-2008-election/metadata.json
metadata.json,https://files.jcrt.org/metadata/religioustheory/live/competing-in-goodness-khalid-sheikh-mohammed-s-testimony-at/metadata.json
metadata.json,https://files.jcrt.org/metadata/religioustheory/live/crisis-a-liberation-from-capitalism/metadata.json
metadata.json,https://files.jcrt.org/metadata/religioustheory/live/dis-enclosure-and-the-inaugural-moment/metadata.json
metadata.json,https://files.jcrt.org/metadata/religioustheory/live/habit-and-errors-and-composition/metadata.json
metadata.json,https://files.jcrt.org/metadata/religioustheory/live/hot-abstinence/metadata.json
metadata.json,https://files.jcrt.org/metadata/religioustheory/live/hyperreality/metadata.json
metadata.json,https://files.jcrt.org/metadata/religioustheory/live/indicative-culture/metadata.json
metadata.json,https://files.jcrt.org/metadata/religioustheory/live/labels-without-scars-mystifying-amnesia-in-today-s-president/metadata.json
metadata.json,https://files.jcrt.org/metadata/religioustheory/live/laclau-and-democracy-in-light-of-the-current-crisis/metadata.json
metadata.json,https://files.jcrt.org/metadata/religioustheory/live/multiplying-homonyms/metadata.json
metadata.json,https://files.jcrt.org/metadata/religioustheory/live/obama-s-cairo-speech-new-beginning-new-enlightenment-or-old/metadata.json
metadata.json,https://files.jcrt.org/metadata/religioustheory/live/originary-grammar-part-2/metadata.json
metadata.json,https://files.jcrt.org/metadata/religioustheory/live/originary-grammar-part-3/metadata.json
metadata.json,https://files.jcrt.org/metadata/religioustheory/live/originary-grammar/metadata.json
metadata.json,https://files.jcrt.org/metadata/religioustheory/live/post-america-an-exchange/metadata.json
metadata.json,https://files.jcrt.org/metadata/religioustheory/live/specter-and-event/metadata.json
metadata.json,https://files.jcrt.org/metadata/religioustheory/live/the-business-of-the-real-and-the-unreality-of-business/metadata.json
metadata.json,https://files.jcrt.org/metadata/religioustheory/live/the-hinge-of-history-or-zizek-s-new-politics/metadata.json
metadata.json,https://files.jcrt.org/metadata/religioustheory/live/the-jcrt-now-has-a-blog/metadata.json
metadata.json,https://files.jcrt.org/metadata/religioustheory/live/the-morning-after-with-a-nod-to-vince-lombardi/metadata.json
metadata.json,https://files.jcrt.org/metadata/religioustheory/live/what-egypt-really-means-for-the-theory-of-religion/metadata.json
metadata.json,https://files.jcrt.org/metadata/religioustheory/live/zombie-aesthetics-part-1-vituperation/metadata.json
metadata.json,https://files.jcrt.org/metadata/religioustheory/posts/3288/metadata.json
metadata.json,https://files.jcrt.org/metadata/religioustheory/posts/3343/metadata.json
metadata.json,https://files.jcrt.org/metadata/religioustheory/posts/760/metadata.json
metadata.json,https://files.jcrt.org/metadata/religioustheory/posts/9780593493205/metadata.json
metadata.json,https://files.jcrt.org/metadata/religioustheory/posts/a-preface-to-the-genealogy-of-neoliberalism-part-1-carl-raschke/metadata.json
metadata.json,https://files.jcrt.org/metadata/religioustheory/posts/a-preface-to-the-genealogy-of-neoliberalism-part-2-carl-raschke/metadata.json
metadata.json,https://files.jcrt.org/metadata/religioustheory/posts/a-tainted-trophy-and-the-framing-of-white-supremacy-in-america-part-1-tink-tinker/metadata.json
metadata.json,https://files.jcrt.org/metadata/religioustheory/posts/a-tainted-trophy-and-the-framing-of-white-supremacy-in-america-part-2-tink-tinker/metadata.json
metadata.json,https://files.jcrt.org/metadata/religioustheory/posts/a-tainted-trophy-and-the-framing-of-white-supremacy-in-america-part-3-tink-tinker/metadata.json
metadata.json,https://files.jcrt.org/metadata/religioustheory/posts/admitting-a-certain-fear-of-zizeks-theology-a-modest-plea-for-a-deleuzian-reading-of-the-death-of-god-elijah-prewitt-davis/metadata.json
metadata.json,https://files.jcrt.org/metadata/religioustheory/posts/announcing-the-new-polis-an-e-publication-on-critical-theory-cultural-analysis-and-political-thought/metadata.json
metadata.json,https://files.jcrt.org/metadata/religioustheory/posts/antinomian-flesh-part-1-david-kline/metadata.json
metadata.json,https://files.jcrt.org/metadata/religioustheory/posts/antinomian-flesh-part-2-david-kline/metadata.json
metadata.json,https://files.jcrt.org/metadata/religioustheory/posts/antinomian-flesh-part-3-david-kline/metadata.json
metadata.json,https://files.jcrt.org/metadata/religioustheory/posts/benjamins-concept-of-history-as-a-source-of-arendts-idea-of-judgment-part-2-ronald-beiner/metadata.json
metadata.json,https://files.jcrt.org/metadata/religioustheory/posts/benjamins-concept-of-history-as-a-source-of-arendts-idea-of-judgment-ronald-beiner/metadata.json
metadata.json,https://files.jcrt.org/metadata/religioustheory/posts/beyond-religious-ideas-the-legacy-of-max-weber-in-critical-theory-and-critical-religion-joel-harrison/metadata.json
metadata.json,https://files.jcrt.org/metadata/religioustheory/posts/biopolitics-and-vajranayana-buddhism-part-1/metadata.json
metadata.json,https://files.jcrt.org/metadata/religioustheory/posts/biopolitics-and-vajrayana-buddhism-part-2/metadata.json
metadata.json,https://files.jcrt.org/metadata/religioustheory/posts/biopolitics-and-vajrayana-buddhism-part-3/metadata.json
metadata.json,https://files.jcrt.org/metadata/religioustheory/posts/body-erotic-john-boswells-history-of-eurochristian-sexuality-and-the-case-for-transcendental-somatics-part-1-kieryn-wurts/metadata.json
metadata.json,https://files.jcrt.org/metadata/religioustheory/posts/body-erotic-john-boswells-history-of-eurochristian-sexuality-and-the-case-for-transcendental-somatics-part-2-kieryn-wurts/metadata.json
metadata.json,https://files.jcrt.org/metadata/religioustheory/posts/body-erotic-john-boswells-history-of-eurochristian-sexuality-and-the-case-for-transcendental-somatics-part-3-kieryn-wurts/metadata.json
metadata.json,https://files.jcrt.org/metadata/religioustheory/posts/bushwhacking-derrida-perception-context-of-context-the-hunter-and-the-hunted-gary-bedford/metadata.json
metadata.json,https://files.jcrt.org/metadata/religioustheory/posts/call-for-papers-and-presentation-recovering-the-unconcious-a-conference-on-the-intersection-of-psychoanalysis-with-politics-philosophy-and-religion/metadata.json
metadata.json,https://files.jcrt.org/metadata/religioustheory/posts/call-for-papers-special-issue-on-walter-benjamin-and-religion/metadata.json
metadata.json,https://files.jcrt.org/metadata/religioustheory/posts/christianity-as-a-new-humanism/metadata.json
metadata.json,https://files.jcrt.org/metadata/religioustheory/posts/collective-desire-and-the-pathology-of-the-individual-jodi-dean/metadata.json
metadata.json,https://files.jcrt.org/metadata/religioustheory/posts/collective-desire-and-the-pathology-of-the-individual-part-2-jodi-dean/metadata.json
metadata.json,https://files.jcrt.org/metadata/religioustheory/posts/conference-on-populism-nationalism-and-the-future-of-democracy-announcement/metadata.json
metadata.json,https://files.jcrt.org/metadata/religioustheory/posts/conference-on-populism-nationalism-and-the-future-of-democracy-call-for-papers-and-presentations-conferences/metadata.json
metadata.json,https://files.jcrt.org/metadata/religioustheory/posts/conference-on-religion-and-bioethics-call-for-proposals/metadata.json
metadata.json,https://files.jcrt.org/metadata/religioustheory/posts/critical-conversations-10-tenderness-or-putting-neoliberalism-on-the-analysts-couch-announcement/metadata.json
metadata.json,https://files.jcrt.org/metadata/religioustheory/posts/critical-conversations-2020-and-the-catastrophe-of-the-global-neoliberal-order-announcement/metadata.json
metadata.json,https://files.jcrt.org/metadata/religioustheory/posts/critical-conversations-9-economic-theology-and-the-indebtedness-of-everyday-life-announcement/metadata.json
metadata.json,https://files.jcrt.org/metadata/religioustheory/posts/critical-conversations-a-conversation-with-arthur-bradley-on-sovereignty-part-1/metadata.json
metadata.json,https://files.jcrt.org/metadata/religioustheory/posts/critical-conversations-a-conversation-with-arthur-bradley-on-sovereignty-part-2/metadata.json
metadata.json,https://files.jcrt.org/metadata/religioustheory/posts/critical-conversations-american-indian-worldview-and-the-twinned-cosmos-of-indigenous-america-announcement/metadata.json
metadata.json,https://files.jcrt.org/metadata/religioustheory/posts/critical-conversations-american-indian-worldview-and-the-twinned-cosmos-of-indigenous-america-transcript-barbara-alice-mann-onondawaga-bear-clan-and-tink-tinker-wazhazhe-osage-nation/metadata.json
metadata.json,https://files.jcrt.org/metadata/religioustheory/posts/critical-conversations-on-decoloniality-with-walter-mignolo-announcement/metadata.json
metadata.json,https://files.jcrt.org/metadata/religioustheory/posts/critical-conversations-the-power-of-political-erasure-a-seminar-with-arthur-bradley-announcements/metadata.json
metadata.json,https://files.jcrt.org/metadata/religioustheory/posts/damn-it-hes-an-injun-christian-murder-colonial-wealth-and-tanned-human-skin-part-2-tink-tinker-wazhazhe-udsethe/metadata.json
metadata.json,https://files.jcrt.org/metadata/religioustheory/posts/damn-it-hes-an-injun-christian-murder-colonial-wealth-and-tanned-human-skin-part-3-tink-tinker-wazhazhe-udsethe/metadata.json
metadata.json,https://files.jcrt.org/metadata/religioustheory/posts/damn-it-hes-an-injun-christian-murder-colonial-wealth-and-tanned-human-skin-tink-tinker-wazhazhe-udsethe-part-1/metadata.json
metadata.json,https://files.jcrt.org/metadata/religioustheory/posts/debriefing-on-decoloniality-a-public-conversation-part-2/metadata.json
metadata.json,https://files.jcrt.org/metadata/religioustheory/posts/debriefing-on-decoloniality-a-public-conversation/metadata.json
metadata.json,https://files.jcrt.org/metadata/religioustheory/posts/decoloniality-and-disintegration-of-western-cognitive-empire-rethinking-sovereignty-and-territoriality-in-the-21st-century-call-for-presentations-and-papers/metadata.json
metadata.json,https://files.jcrt.org/metadata/religioustheory/posts/decoloniality-and-disintegration-of-western-cognitive-empire-rethinking-sovereignty-and-territoriality-in-the-21st-century-international-conference/metadata.json
metadata.json,https://files.jcrt.org/metadata/religioustheory/posts/difficult-discussions-christian-evangelicalism-and-critical-race-theory-announcement/metadata.json
metadata.json,https://files.jcrt.org/metadata/religioustheory/posts/dreaming-innocence-in-america-paul-tillichs-radical-theology-of-liberation-part-1-alan-jay-richard/metadata.json
metadata.json,https://files.jcrt.org/metadata/religioustheory/posts/dreaming-innocence-in-america-paul-tillichs-radical-theology-of-liberation-part-2-alan-jay-richard/metadata.json
metadata.json,https://files.jcrt.org/metadata/religioustheory/posts/dreaming-innocence-in-america-paul-tillichs-radical-theology-of-liberation-part-3-alan-jay-richard/metadata.json
metadata.json,https://files.jcrt.org/metadata/religioustheory/posts/economic-theology-and-the-indebtedness-of-everyday-life-philip-goodchild-and-devin-singh/metadata.json
metadata.json,https://files.jcrt.org/metadata/religioustheory/posts/embodiment-a-conference-on-the-crisis-in-contemporary-theory-and-the-humanities-announcement/metadata.json
metadata.json,https://files.jcrt.org/metadata/religioustheory/posts/entheogens-spirituality-and-modern-myths-part-2-john-cuda/metadata.json
metadata.json,https://files.jcrt.org/metadata/religioustheory/posts/entheogens-spirituality-and-modern-myths-part-3-john-cuda/metadata.json
metadata.json,https://files.jcrt.org/metadata/religioustheory/posts/entheogens-spirituality-and-modern-myths/metadata.json
metadata.json,https://files.jcrt.org/metadata/religioustheory/posts/evangelicalism-pentecostalism-and-the-quotidian-academic-terror-of-christian-nationalism/metadata.json
metadata.json,https://files.jcrt.org/metadata/religioustheory/posts/exposing-the-pitfalls-of-constructive-theology-on-the-state-of-islamic-studies-today-daniel-tutt/metadata.json
metadata.json,https://files.jcrt.org/metadata/religioustheory/posts/fetishism-and-the-erasure-of-identity-part-1-roger-green/metadata.json
metadata.json,https://files.jcrt.org/metadata/religioustheory/posts/fetishism-and-the-erasure-of-identity-part-2-roger-green/metadata.json
metadata.json,https://files.jcrt.org/metadata/religioustheory/posts/force-in-religious-thought-carl-raschke-and-victoria-kahn-in-dialogue-part-1/metadata.json
metadata.json,https://files.jcrt.org/metadata/religioustheory/posts/force-in-religious-thought-carl-raschke-and-victoria-kahn-in-dialogue-part-2/metadata.json
metadata.json,https://files.jcrt.org/metadata/religioustheory/posts/force-in-religious-thought-carl-raschke-and-victoria-kahn-in-dialogue-part-3/metadata.json
metadata.json,https://files.jcrt.org/metadata/religioustheory/posts/forging-a-path-from-theory-to-theology-review-essay-matt-waggoner/metadata.json
metadata.json,https://files.jcrt.org/metadata/religioustheory/posts/foucaults-disciplinary-society-and-the-community-rule-of-qumran-rebekah-gordon/metadata.json
metadata.json,https://files.jcrt.org/metadata/religioustheory/posts/framing-religious-conflict-and-violence-insights-from-historical-institutionalism-part-1-vivek-swaroop-sharma/metadata.json
metadata.json,https://files.jcrt.org/metadata/religioustheory/posts/framing-religious-conflict-and-violence-insights-from-historical-institutionalism-part-2-vivek-swaroop-sharma/metadata.json
metadata.json,https://files.jcrt.org/metadata/religioustheory/posts/from-christology-to-political-theology-cyril-hovorun/metadata.json
metadata.json,https://files.jcrt.org/metadata/religioustheory/posts/from-heathen-to-sub-human-a-genealogy-of-the-influence-of-the-decline-of-religion-on-the-rise-of-modern-racism-part-1-oludamini-ogunnaike/metadata.json
metadata.json,https://files.jcrt.org/metadata/religioustheory/posts/from-heathen-to-sub-human-a-genealogy-of-the-influence-of-the-decline-of-religion-on-the-rise-of-modern-racism-part-2-oludamini-ogunnaike/metadata.json
metadata.json,https://files.jcrt.org/metadata/religioustheory/posts/from-heathen-to-sub-human-a-genealogy-of-the-influence-of-the-decline-of-religion-on-the-rise-of-modern-racism-part-3-oludamini-ogunnaike/metadata.json
metadata.json,https://files.jcrt.org/metadata/religioustheory/posts/from-holistic-to-in-between-theology-the-ethiopian-evangelical-church-mekane-yesus-part-2-rode-molla/metadata.json
metadata.json,https://files.jcrt.org/metadata/religioustheory/posts/from-holistic-to-in-between-theology-the-ethiopian-evangelical-church-mekane-yesus-part-3-rode-molla/metadata.json
metadata.json,https://files.jcrt.org/metadata/religioustheory/posts/from-holistic-to-in-between-theology-the-ethiopian-evangelical-church-mekane-yesus/metadata.json
metadata.json,https://files.jcrt.org/metadata/religioustheory/posts/from-kant-to-holderlin-poetry-and-religion-in-the-wake-of-philosophical-aesthetics-part-3-jakob-deibl-2/metadata.json
metadata.json,https://files.jcrt.org/metadata/religioustheory/posts/from-kant-to-holderlin-poetry-and-religion-in-the-wake-of-philosophical-aesthetics-part-3-jakob-deibl/metadata.json
metadata.json,https://files.jcrt.org/metadata/religioustheory/posts/from-kant-to-holderlin-poetry-and-religion-in-the-wake-of-philosophical-aesthetics/metadata.json
metadata.json,https://files.jcrt.org/metadata/religioustheory/posts/from-the-gift-of-mortality-to-the-name-of-god-jakob-helmut-deibl/metadata.json
metadata.json,https://files.jcrt.org/metadata/religioustheory/posts/george-batailles-on-the-limits-of-the-useful/metadata.json
metadata.json,https://files.jcrt.org/metadata/religioustheory/posts/geschlecht-iii-authentic-faith-religion-and-politics-in-derridas-readings-of-heideggers-geist-part-1-jake-sirota/metadata.json
metadata.json,https://files.jcrt.org/metadata/religioustheory/posts/geschlecht-iii-authentic-faith-religion-and-politics-in-derridas-readings-of-heideggers-geist-part-2-jake-sirota/metadata.json
metadata.json,https://files.jcrt.org/metadata/religioustheory/posts/geschlecht-iii-authentic-faith-religion-and-politics-in-derridas-readings-of-heideggers-geist-part-3-jake-sirota/metadata.json
metadata.json,https://files.jcrt.org/metadata/religioustheory/posts/god-and-existence-lecture-4-johannes-zachhuber/metadata.json
metadata.json,https://files.jcrt.org/metadata/religioustheory/posts/god-and-history-lecture-5-johannes-zachhuber/metadata.json
metadata.json,https://files.jcrt.org/metadata/religioustheory/posts/god-and-language-lecture-6-johannes-zachhuber/metadata.json
metadata.json,https://files.jcrt.org/metadata/religioustheory/posts/god-and-salvation-lecture-8-johannes-zachhuber/metadata.json
metadata.json,https://files.jcrt.org/metadata/religioustheory/posts/god-as-person-and-trinity-lecture-7-johannes-zachhuber/metadata.json
metadata.json,https://files.jcrt.org/metadata/religioustheory/posts/greening-americas-virtues-nick-mather/metadata.json
metadata.json,https://files.jcrt.org/metadata/religioustheory/posts/hanging-garlands-of-flowers-on-the-chains-that-bind-soft-totalitarianism-and-techno-rationality-jeff-appel/metadata.json
metadata.json,https://files.jcrt.org/metadata/religioustheory/posts/healing-as-a-multimedia-practice-contemporary-spirituality-in-turkey-part-1-duygu-sendag/metadata.json
metadata.json,https://files.jcrt.org/metadata/religioustheory/posts/hegel-contra-god-replying-to-gavin-hymans-new-hegel-part-1-rebekah-howes/metadata.json
metadata.json,https://files.jcrt.org/metadata/religioustheory/posts/hegel-contra-god-replying-to-gavin-hymans-new-hegel-part-2-rebekah-howes/metadata.json
metadata.json,https://files.jcrt.org/metadata/religioustheory/posts/hegel-contra-god-replying-to-gavin-hymans-new-hegel-part-3-rebekah-howes/metadata.json
metadata.json,https://files.jcrt.org/metadata/religioustheory/posts/hegemony-and-techno-rationality-toward-an-aesthetic-soteriology-mason-davis/metadata.json
metadata.json,https://files.jcrt.org/metadata/religioustheory/posts/horror-fiction-and-catholic-theology-a-rhetorical-synthesis-gavin-hurley/metadata.json
metadata.json,https://files.jcrt.org/metadata/religioustheory/posts/horror-fiction-and-catholic-theology-a-rhetorical-synthesis-part-2-gavin-hurley/metadata.json
metadata.json,https://files.jcrt.org/metadata/religioustheory/posts/introducing-spirit-dance-social-justice-and-reconstructed-spiritual-practices-joshua-hall/metadata.json
metadata.json,https://files.jcrt.org/metadata/religioustheory/posts/introducing-spirit-dance-social-justice-and-reconstructed-spiritual-practices-part-2-joshua-hall/metadata.json
metadata.json,https://files.jcrt.org/metadata/religioustheory/posts/introducing-spirit-dance-social-justice-and-reconstructed-spiritual-practices-part-3-joshua-hall/metadata.json
metadata.json,https://files.jcrt.org/metadata/religioustheory/posts/inventing-afterlives-review-camille-grace-leon-angelo/metadata.json
metadata.json,https://files.jcrt.org/metadata/religioustheory/posts/jesus-ghost-derrida-christianity-and-hauntology-part-1/metadata.json
metadata.json,https://files.jcrt.org/metadata/religioustheory/posts/jesus-ghost-derrida-christianity-and-hauntology-part-2/metadata.json
metadata.json,https://files.jcrt.org/metadata/religioustheory/posts/jesus-ghost-derrida-christianity-and-hauntology-part-3/metadata.json
metadata.json,https://files.jcrt.org/metadata/religioustheory/posts/john-the-possibilizer-the-promise-of-a-kearnian-baptismal-hermeneutic-part-i-eric-trozzo/metadata.json
metadata.json,https://files.jcrt.org/metadata/religioustheory/posts/john-the-possibilizer-the-promise-of-a-kearnian-baptismal-hermeneutic-part-ii-eric-trozzo/metadata.json
metadata.json,https://files.jcrt.org/metadata/religioustheory/posts/jonathan-edwards-and-the-vegan-elect-an-unconventional-calvinist-reading-part-1/metadata.json
metadata.json,https://files.jcrt.org/metadata/religioustheory/posts/kenosis-emancipation-pastness-reflections-from-a-jew-part-1-sarah-pessin/metadata.json
metadata.json,https://files.jcrt.org/metadata/religioustheory/posts/kenosis-emancipation-pastness-reflections-from-a-jew-part-2-sarah-pessin/metadata.json
metadata.json,https://files.jcrt.org/metadata/religioustheory/posts/lacan-and-pneumatology-mark-murphy/metadata.json
metadata.json,https://files.jcrt.org/metadata/religioustheory/posts/lacan-as-spiritual-director-on-the-relationship-between-psychoanalysis-and-christian-mysticism-part-1-mark-murphy/metadata.json
metadata.json,https://files.jcrt.org/metadata/religioustheory/posts/lacan-as-spiritual-director-on-the-relationship-between-psychoanalysis-and-christian-mysticism-part-2-mark-murphy/metadata.json
metadata.json,https://files.jcrt.org/metadata/religioustheory/posts/lacan-as-spiritual-director-on-the-relationship-between-psychoanalysis-and-christian-mysticism-part-3-mark-murphy/metadata.json
metadata.json,https://files.jcrt.org/metadata/religioustheory/posts/lacan-levinas-and-the-politics-of-the-subject-joshua-lawrence/metadata.json
metadata.json,https://files.jcrt.org/metadata/religioustheory/posts/lets-get-real-about-race-two-very-timely-upcoming-online-seminars-announcement/metadata.json
metadata.json,https://files.jcrt.org/metadata/religioustheory/posts/life-as-art-aesthetic-virtue-and-moral-obligation/metadata.json
metadata.json,https://files.jcrt.org/metadata/religioustheory/posts/locating-the-oceanic-in-sylvia-wynters-demonic-ground-part-2-justine-m-bakker/metadata.json
metadata.json,https://files.jcrt.org/metadata/religioustheory/posts/locating-the-oceanic-in-sylvia-wynters-demonic-ground-part-3-justine-m-bakker/metadata.json
metadata.json,https://files.jcrt.org/metadata/religioustheory/posts/locating-yhe-oceanic-in-sylvia-wynters-demonic-ground/metadata.json
metadata.json,https://files.jcrt.org/metadata/religioustheory/posts/longing-for-an-impossible-past-derridas-of-grammatology-and-the-coronavirus-as-the-inauguration-of-an-age-of-writing-part-1-jared-lacy/metadata.json
metadata.json,https://files.jcrt.org/metadata/religioustheory/posts/longing-for-an-impossible-past-derridas-of-grammatology-and-the-coronavirus-as-the-inauguration-of-an-age-of-writing-part-2-jared-lacy/metadata.json
metadata.json,https://files.jcrt.org/metadata/religioustheory/posts/love-psychoanalysis-and-leftist-political-ontology-part-1-daniel-tutt/metadata.json
metadata.json,https://files.jcrt.org/metadata/religioustheory/posts/love-psychoanalysis-and-leftist-political-ontology-part-2-daniel-tutt/metadata.json
metadata.json,https://files.jcrt.org/metadata/religioustheory/posts/love-strong-as-death-jews-against-heidegger-on-the-issue-of-finitude-part-1-agata-bielik-robson/metadata.json
metadata.json,https://files.jcrt.org/metadata/religioustheory/posts/love-strong-as-death-jews-against-heidegger-on-the-issue-of-finitude-part-2-agata-bielik-robson/metadata.json
metadata.json,https://files.jcrt.org/metadata/religioustheory/posts/lutheran-theology-and-postmodern-philosophy-part-i-olli-pekka-vaino/metadata.json
metadata.json,https://files.jcrt.org/metadata/religioustheory/posts/lutheran-theology-and-postmodern-philosophy-part-ii-olli-pekka-vaino/metadata.json
metadata.json,https://files.jcrt.org/metadata/religioustheory/posts/metaphysical-protestantism-a-comparative-literary-ecology-zane-johnson/metadata.json
metadata.json,https://files.jcrt.org/metadata/religioustheory/posts/mischief-idolatry-and-the-demonic-toward-a-hermeneutic-of-play-part-i-kevin-lewis/metadata.json
metadata.json,https://files.jcrt.org/metadata/religioustheory/posts/mischief-idolatry-and-the-demonic-toward-a-hermeneutic-of-play-part-ii-kevin-lewis/metadata.json
metadata.json,https://files.jcrt.org/metadata/religioustheory/posts/modern-theology-and-the-dialectic-of-god-part-1-kelly-maeshiro/metadata.json
metadata.json,https://files.jcrt.org/metadata/religioustheory/posts/modern-theology-and-the-dialectic-of-god-part-2-kelly-maeshiro/metadata.json
metadata.json,https://files.jcrt.org/metadata/religioustheory/posts/modern-theology-and-the-dialectic-of-god-part-3-kelly-maeshiro/metadata.json
metadata.json,https://files.jcrt.org/metadata/religioustheory/posts/modern-theology-and-the-dialectic-of-god-part-4-kelly-maeshiro/metadata.json
metadata.json,https://files.jcrt.org/metadata/religioustheory/posts/more-sympathy-for-the-devil-or-the-state-of-satan-in-the-age-of-obama-and-trump/metadata.json
metadata.json,https://files.jcrt.org/metadata/religioustheory/posts/naming-the-darkness-spiritual-violence-and-radical-incompleteness-resituating-a-political-theology-james-e-willis-iii/metadata.json
metadata.json,https://files.jcrt.org/metadata/religioustheory/posts/naming-the-darkness-spiritual-violence-and-radical-incompleteness-resituating-a-political-theology-part-2-james-e-willis-iii/metadata.json
metadata.json,https://files.jcrt.org/metadata/religioustheory/posts/negative-theology-and-its-problems-barth-and-marion-lecture-3-johannes-zachhuber/metadata.json
metadata.json,https://files.jcrt.org/metadata/religioustheory/posts/new-book-titles-looking-for-reviewers/metadata.json
metadata.json,https://files.jcrt.org/metadata/religioustheory/posts/new-religions-in-brazil-a-game-between-relativism-and-fundamentalism-silas-guerriero/metadata.json
metadata.json,https://files.jcrt.org/metadata/religioustheory/posts/newest-titles-for-review-freud-nussbaum-angst-the-crucified-god-etc/metadata.json
metadata.json,https://files.jcrt.org/metadata/religioustheory/posts/notations-agambens-homo-sacer-refugees-and-the-crisis-of-european-values/metadata.json
metadata.json,https://files.jcrt.org/metadata/religioustheory/posts/notations-the-european-refugee-crisis-and-more/metadata.json
metadata.json,https://files.jcrt.org/metadata/religioustheory/posts/notations-the-unacculturable-refugee-flux-spurs-crisis-of-european-belief/metadata.json
metadata.json,https://files.jcrt.org/metadata/religioustheory/posts/orientalism-ontology-and-orientation-a-muslim-perspective-on-charles-h-long-part-2-mehnaz-afridi/metadata.json
metadata.json,https://files.jcrt.org/metadata/religioustheory/posts/orientalism-ontology-and-orientation/metadata.json
metadata.json,https://files.jcrt.org/metadata/religioustheory/posts/philosophical-anthropology-or-philosophy-of-praxis-axel-honneth-and-andrew-feenberg-on-lukacs-theory-of-reification-konstantinos-kavoulakos/metadata.json
metadata.json,https://files.jcrt.org/metadata/religioustheory/posts/philosophy-as-interdisciplinary-intensity-an-interview-with-giorgio-agamben-antonio-gnolioido-govrin/metadata.json
metadata.json,https://files.jcrt.org/metadata/religioustheory/posts/philosophy-as-love-unblocking-the-road-from-athens-to-jerusalem-part-1-erik-meganck/metadata.json
metadata.json,https://files.jcrt.org/metadata/religioustheory/posts/philosophy-as-love-unblocking-the-road-from-athens-to-jerusalem-part-2-erik-meganck/metadata.json
metadata.json,https://files.jcrt.org/metadata/religioustheory/posts/philosophy-as-love-unblocking-the-road-from-athens-to-jerusalem-part-3-erik-meganck/metadata.json
metadata.json,https://files.jcrt.org/metadata/religioustheory/posts/plundering-a-theory-of-trauma-confessions-of-a-novice-author-on-lacan-and-theology/metadata.json
metadata.json,https://files.jcrt.org/metadata/religioustheory/posts/prayer-after-the-death-of-god-part-i-ashley-gay-graham/metadata.json
metadata.json,https://files.jcrt.org/metadata/religioustheory/posts/prayer-after-the-death-of-god-part-ii-ashley-gay-graham/metadata.json
metadata.json,https://files.jcrt.org/metadata/religioustheory/posts/progressive-neoliberalism-symbolic-capitalism-and-the-global-reproduction-of-the-precariat-interview-with-carl-raschke/metadata.json
metadata.json,https://files.jcrt.org/metadata/religioustheory/posts/psychedelic-aesthetics-and-the-crises-of-liberalism-a-critical-conversation-with-roger-green/metadata.json
metadata.json,https://files.jcrt.org/metadata/religioustheory/posts/rapture-music-intensity-and-eschatology-within-christian-revival-movements-part-1-fraser-macdonald/metadata.json
metadata.json,https://files.jcrt.org/metadata/religioustheory/posts/rapture-music-intensity-and-eschatology-within-christian-revival-movements-part-2-fraser-macdonald/metadata.json
metadata.json,https://files.jcrt.org/metadata/religioustheory/posts/rapture-music-intensity-and-eschatology-within-christian-revival-movements-part-3-fraser-macdonald/metadata.json
metadata.json,https://files.jcrt.org/metadata/religioustheory/posts/re-envisioning-religious-studies-as-a-global-discipline-a-pre-aar-symposium/metadata.json
metadata.json,https://files.jcrt.org/metadata/religioustheory/posts/reframing-the-adwa-victory-as-a-decolonizing-praxis-discourse-around-colonization-in-the-ethiopian-context-part-2-rode-molla/metadata.json
metadata.json,https://files.jcrt.org/metadata/religioustheory/posts/reframing-the-adwa-victory-as-a-decolonizing-praxis-discourse-around-colonization-in-the-ethiopian-context/metadata.json
metadata.json,https://files.jcrt.org/metadata/religioustheory/posts/religion-and-bioethics-conferencee/metadata.json
metadata.json,https://files.jcrt.org/metadata/religioustheory/posts/religion-and-mental-health-the-therapeutic-value-of-the-teachings-of-jesus-part-1-thomas-roberts-and-delbert-hayden/metadata.json
metadata.json,https://files.jcrt.org/metadata/religioustheory/posts/religion-and-mental-health-the-therapuetic-value-of-the-teachings-of-jesus-part-2-thomas-roberts-and-delbert-hayden/metadata.json
metadata.json,https://files.jcrt.org/metadata/religioustheory/posts/religious-autonomy-as-secularisms-silent-partner-darshan-datar/metadata.json
metadata.json,https://files.jcrt.org/metadata/religioustheory/posts/religious-faith-in-pursuit-of-environmental-justice-chris-durante/metadata.json
metadata.json,https://files.jcrt.org/metadata/religioustheory/posts/religious-sacrificial-sympathy-how-man-became-more-valuable-than-beast-kev-grane/metadata.json
metadata.json,https://files.jcrt.org/metadata/religioustheory/posts/religious-studies-and-comparative-theology-an-appraisal-joshua-samuel/metadata.json
metadata.json,https://files.jcrt.org/metadata/religioustheory/posts/religious-studies-as-the-state-religion-of-neoliberalism-carl-raschke/metadata.json
metadata.json,https://files.jcrt.org/metadata/religioustheory/posts/religious-studies-as-the-state-religion-of-neoliberalism-part-2-carl-raschke/metadata.json
metadata.json,https://files.jcrt.org/metadata/religioustheory/posts/religious-studies-as-the-state-religion-of-neoliberalism-part-3-carl-raschke/metadata.json
metadata.json,https://files.jcrt.org/metadata/religioustheory/posts/religious-studies-the-final-colonization-of-american-indians-part-1-tink-tinker-wazhazhe-udsethe-2/metadata.json
metadata.json,https://files.jcrt.org/metadata/religioustheory/posts/religious-studies-the-final-colonization-of-american-indians-part-1-tink-tinker-wazhazhe-udsethe/metadata.json
metadata.json,https://files.jcrt.org/metadata/religioustheory/posts/religious-theory-a-new-review-commentary-and-conversations-feature-of-jcrt/metadata.json
metadata.json,https://files.jcrt.org/metadata/religioustheory/posts/renegade-hinduism-scholar-featured-in-nortons-anthology-of-world-religions/metadata.json
metadata.json,https://files.jcrt.org/metadata/religioustheory/posts/reorientation-in-the-field-why-religion-matters-part-1-wendy-felese/metadata.json
metadata.json,https://files.jcrt.org/metadata/religioustheory/posts/reorientation-in-the-field-why-religion-matters-part-2-wendy-felese/metadata.json
metadata.json,https://files.jcrt.org/metadata/religioustheory/posts/rethinking-anselms-atonement-theory-unmaking-the-indebted-man-ryne-beddard/metadata.json
metadata.json,https://files.jcrt.org/metadata/religioustheory/posts/review-a-darker-grittier-deleuze/metadata.json
metadata.json,https://files.jcrt.org/metadata/religioustheory/posts/review-a-stranger-thought-for-stranger-times-liam-burrell/metadata.json
metadata.json,https://files.jcrt.org/metadata/religioustheory/posts/review-agambens-political-reading-of-the-trial-of-jesus/metadata.json
metadata.json,https://files.jcrt.org/metadata/religioustheory/posts/review-altered-states-buddhism-and-psychedelic-spirituality-in-america/metadata.json
metadata.json,https://files.jcrt.org/metadata/religioustheory/posts/review-an-uncritical-critique-of-theism-rebekah-gordon/metadata.json
metadata.json,https://files.jcrt.org/metadata/religioustheory/posts/review-badiou-and-gauchet-on-capitalism-and-democracy/metadata.json
metadata.json,https://files.jcrt.org/metadata/religioustheory/posts/review-badiou-is-not-afraid-of-the-dark-mason-davis/metadata.json
metadata.json,https://files.jcrt.org/metadata/religioustheory/posts/review-badious-conversations-about-theatre-offer-light-hearted-and-quirky-insight-into-mind-of-philosopher/metadata.json
metadata.json,https://files.jcrt.org/metadata/religioustheory/posts/review-bahai-religion-and-religious-cycles-rebekah-gordon/metadata.json
metadata.json,https://files.jcrt.org/metadata/religioustheory/posts/review-caputo-the-unconditional-the-folly-of-god-richard-m-allen/metadata.json
metadata.json,https://files.jcrt.org/metadata/religioustheory/posts/review-caputos-spooky-call-to-theology-rob-kennedy/metadata.json
metadata.json,https://files.jcrt.org/metadata/religioustheory/posts/review-carl-raschkes-force-of-god-hammers-out-a-political-theology-of-insurrection-resurrection-for-our-times/metadata.json
metadata.json,https://files.jcrt.org/metadata/religioustheory/posts/review-copresence-and-ontography-in-beliso-de-jesus-electric-santeria-ryne-beddard/metadata.json
metadata.json,https://files.jcrt.org/metadata/religioustheory/posts/review-decolonizing-dialectics-josiah-solis/metadata.json
metadata.json,https://files.jcrt.org/metadata/religioustheory/posts/review-digital-technologies-and-religion-in-the-postmodern-era/metadata.json
metadata.json,https://files.jcrt.org/metadata/religioustheory/posts/review-donovan-schaefers-call-for-a-materialist-turn-in-religious-theory/metadata.json
metadata.json,https://files.jcrt.org/metadata/religioustheory/posts/review-economy-and-ontology-from-agamben-to-nancy-taylor-weaver/metadata.json
metadata.json,https://files.jcrt.org/metadata/religioustheory/posts/review-essay-peter-sloterdijk-on-social-bonds-freedom-and-religion/metadata.json
metadata.json,https://files.jcrt.org/metadata/religioustheory/posts/review-eugene-thackers-cosmic-pessimism/metadata.json
metadata.json,https://files.jcrt.org/metadata/religioustheory/posts/review-francois-laruelles-general-theory-of-victims-john-matthew-allison/metadata.json
metadata.json,https://files.jcrt.org/metadata/religioustheory/posts/review-french-perceptions-of-muslim-sexuality-trevor-wolff/metadata.json
metadata.json,https://files.jcrt.org/metadata/religioustheory/posts/review-genealogies-of-mahayana-buddhism-ananda-abeysekara/metadata.json
metadata.json,https://files.jcrt.org/metadata/religioustheory/posts/review-giorgio-agamben-and-the-theory-of-civil-war-kalpokas/metadata.json
metadata.json,https://files.jcrt.org/metadata/religioustheory/posts/review-hear-no-evil-see-no-evil-speak-no-evil-negative-reactions-to-jewish-people-pre-and-post-holocaust-madison-tarleton/metadata.json
metadata.json,https://files.jcrt.org/metadata/religioustheory/posts/review-indebted-to-asceticism-hollis-phelps/metadata.json
metadata.json,https://files.jcrt.org/metadata/religioustheory/posts/review-jean-pierre-couture-brings-to-life-for-first-time-the-entire-works-of-sloterdijk/metadata.json
metadata.json,https://files.jcrt.org/metadata/religioustheory/posts/review-judith-butler-and-the-different-senses-of-the-subject-matthew-waggoner/metadata.json
metadata.json,https://files.jcrt.org/metadata/religioustheory/posts/review-l-l-welborns-synthesis-of-new-testament-scholarship-and-critical-theorys-recent-interest-in-the-apostle-paul-benjamin-steele-fisher/metadata.json
metadata.json,https://files.jcrt.org/metadata/religioustheory/posts/review-loves-unfortunate-presence-between-faith-and-belief-daniel-boscaljon/metadata.json
metadata.json,https://files.jcrt.org/metadata/religioustheory/posts/review-medicinal-religion-aaron-klink/metadata.json
metadata.json,https://files.jcrt.org/metadata/religioustheory/posts/review-mysticism-as-language-game-adam-loch/metadata.json
metadata.json,https://files.jcrt.org/metadata/religioustheory/posts/review-neoliberalismisnowhere-wendy-browns-undoing-the-demos-isaiah/metadata.json
metadata.json,https://files.jcrt.org/metadata/religioustheory/posts/review-neurotheological-nuances-joshua-canzona/metadata.json
metadata.json,https://files.jcrt.org/metadata/religioustheory/posts/review-new-trends-in-the-theory-and-methods-for-studying-religion-david-kim/metadata.json
metadata.json,https://files.jcrt.org/metadata/religioustheory/posts/review-of-politics-and-motion-joshua-lawrence/metadata.json
metadata.json,https://files.jcrt.org/metadata/religioustheory/posts/review-ontic-flows-from-digital-humanities-to-posthumanities-dean-dettloff/metadata.json
metadata.json,https://files.jcrt.org/metadata/religioustheory/posts/review-performance-apophatics-john-matthew-allison/metadata.json
metadata.json,https://files.jcrt.org/metadata/religioustheory/posts/review-pilgrimage-and-world-a-review-of-joseph-riveras-the-contemplative-self-after-michel-henry-michael-saunders/metadata.json
metadata.json,https://files.jcrt.org/metadata/religioustheory/posts/review-power-after-biopower-or-the-colonizing-of-perception-adam-loch/metadata.json
metadata.json,https://files.jcrt.org/metadata/religioustheory/posts/review-reframing-schelling-rolando-rodriguez/metadata.json
metadata.json,https://files.jcrt.org/metadata/religioustheory/posts/review-reverent-irreverence-amit-gvaryahu/metadata.json
metadata.json,https://files.jcrt.org/metadata/religioustheory/posts/review-the-enigmatic-absolute-stanimir-panayotov/metadata.json
metadata.json,https://files.jcrt.org/metadata/religioustheory/posts/review-the-ethics-of-time-matthew-clemente/metadata.json
metadata.json,https://files.jcrt.org/metadata/religioustheory/posts/review-the-evangelicals-the-struggle-to-shape-america-rebekah-gordon/metadata.json
metadata.json,https://files.jcrt.org/metadata/religioustheory/posts/review-the-evolution-of-the-religious-factor-in-fantasy-role-playing-games/metadata.json
metadata.json,https://files.jcrt.org/metadata/religioustheory/posts/review-the-greatest-trick-god-ever-pulled-benjamin-steele-fisher/metadata.json
metadata.json,https://files.jcrt.org/metadata/religioustheory/posts/review-the-intimate-universal-stephen-bujno/metadata.json
metadata.json,https://files.jcrt.org/metadata/religioustheory/posts/review-the-origins-of-neoliberalism-a-racialized-review-adam-f-braun/metadata.json
metadata.json,https://files.jcrt.org/metadata/religioustheory/posts/review-the-search-for-transcendence-in-the-material-phenomenology-of-david-foster-wallace/metadata.json
metadata.json,https://files.jcrt.org/metadata/religioustheory/posts/review-three-agambens-on-display-the-metaphysical-political-and-literary-components-of-agambens-philosophical-lineage-sj-cowan/metadata.json
metadata.json,https://files.jcrt.org/metadata/religioustheory/posts/review-what-is-real-filippo-pietrogrande/metadata.json
metadata.json,https://files.jcrt.org/metadata/religioustheory/posts/review-whence-and-whither-posthumanism-bo-eberle/metadata.json
metadata.json,https://files.jcrt.org/metadata/religioustheory/posts/review-whither-philosophy-of-religion-benjamin-steele-fisher/metadata.json
metadata.json,https://files.jcrt.org/metadata/religioustheory/posts/review/metadata.json
metadata.json,https://files.jcrt.org/metadata/religioustheory/posts/revolutionary-love-kierkegaards-gift-economy-as-a-religious-corrective-to-the-leveling-of-the-public-sphere-andrew-ball/metadata.json
metadata.json,https://files.jcrt.org/metadata/religioustheory/posts/revolutionary-love-kierkegaards-gift-economy-as-a-religious-corrective-to-the-leveling-of-the-public-sphere-part-2-andrew-ball/metadata.json
metadata.json,https://files.jcrt.org/metadata/religioustheory/posts/scale-relative-ontology-and-simone-weils-spiritual-philosophy-part-1-n-e-boulting/metadata.json
metadata.json,https://files.jcrt.org/metadata/religioustheory/posts/scale-relative-ontology-and-simone-weils-spiritual-philosophy-part-2-n-e-boulting/metadata.json
metadata.json,https://files.jcrt.org/metadata/religioustheory/posts/secularism-and-its-discontents-on-charting-pathways-with-a-phenomenology-of-religion-part-1-ludger-hagerdorn-and-michael-staudigl/metadata.json
metadata.json,https://files.jcrt.org/metadata/religioustheory/posts/sexual-difference-and-the-vatican-a-lacanian-response-part-1-melissa-conroy/metadata.json
metadata.json,https://files.jcrt.org/metadata/religioustheory/posts/sexual-difference-and-the-vatican-a-lacanian-response-part-2-melissa-conroy/metadata.json
metadata.json,https://files.jcrt.org/metadata/religioustheory/posts/sexual-difference-and-the-vatican-a-lacanian-response-part-3-melissa-conroy/metadata.json
metadata.json,https://files.jcrt.org/metadata/religioustheory/posts/shamanism-and-entheogens-toward-a-psychoanalysis-of-the-new-dream-time-roger-green/metadata.json
metadata.json,https://files.jcrt.org/metadata/religioustheory/posts/sikh-environmental-ethics-theory-and-praxis-part-1-harpreet-kaur/metadata.json
metadata.json,https://files.jcrt.org/metadata/religioustheory/posts/sikh-environmental-ethics-theory-and-praxis-part-2-harpreet-kaur/metadata.json
metadata.json,https://files.jcrt.org/metadata/religioustheory/posts/sikhs-as-subalterns-voice-inequality-and-power-part-2-nirvikar-singh/metadata.json
metadata.json,https://files.jcrt.org/metadata/religioustheory/posts/sikhs-as-subalterns-voice-inequality-and-power-part-3-nirvikar-singh/metadata.json
metadata.json,https://files.jcrt.org/metadata/religioustheory/posts/sikhs-as-subalterns-voice-inequality-and-power/metadata.json
metadata.json,https://files.jcrt.org/metadata/religioustheory/posts/slow-journalism-ethnography-as-a-means-of-understanding-religious-social-activism-part-1-james-v-spickard/metadata.json
metadata.json,https://files.jcrt.org/metadata/religioustheory/posts/slow-journalism-ethnography-as-a-means-of-understanding-religious-social-activism-part-2-james-v-spickard/metadata.json
metadata.json,https://files.jcrt.org/metadata/religioustheory/posts/speaking-of-gods-presence-as-non-contrastive-transcendent-distinction-joyce-konigsburg/metadata.json
metadata.json,https://files.jcrt.org/metadata/religioustheory/posts/speaking-or-not-speaking-of-god-call-for-proposals2/metadata.json
metadata.json,https://files.jcrt.org/metadata/religioustheory/posts/special-issue-on-religion-and-bioethics-call-for-papers/metadata.json
metadata.json,https://files.jcrt.org/metadata/religioustheory/posts/spinozas-theory-of-religion-stabilized-superstition-ehud-benor/metadata.json
metadata.json,https://files.jcrt.org/metadata/religioustheory/posts/spiritual-erotics-affect-theory-and-the-transformation-of-machismo-among-latino-pentecostal-men-part-1/metadata.json
metadata.json,https://files.jcrt.org/metadata/religioustheory/posts/spiritual-erotics-part-2-the-nature-and-history-of-machismo-and-its-feminine-counterpart-as-marianismo/metadata.json
metadata.json,https://files.jcrt.org/metadata/religioustheory/posts/spiritual-erotics-part-3-eros-ecstasy-and-the-pentecostal-experience/metadata.json
metadata.json,https://files.jcrt.org/metadata/religioustheory/posts/teach-me-to-do-whats-right-faith-hope-and-love-as-post-religious-virtues-part-1-a-g-holdier/metadata.json
metadata.json,https://files.jcrt.org/metadata/religioustheory/posts/teach-me-to-do-whats-right-faith-hope-and-love-as-post-religious-virtues-part-2-a-g-holdier/metadata.json
metadata.json,https://files.jcrt.org/metadata/religioustheory/posts/the-bell-jars-new-look-sylvia-plath-simone-de-beauvoir-and-the-visual-representation-of-feminist-discourse-madeline-yonker/metadata.json
metadata.json,https://files.jcrt.org/metadata/religioustheory/posts/the-critique-of-theism-kant-hegel-feuerbach-nietzsche-lecture-2-johannes-zachhuber/metadata.json
metadata.json,https://files.jcrt.org/metadata/religioustheory/posts/the-curious-whiteheadian-proclivity-in-schelers-account-of-god-and-persons-j-edward-hackett/metadata.json
metadata.json,https://files.jcrt.org/metadata/religioustheory/posts/the-curious-whiteheadian-proclivity-in-schelers-account-of-god-and-persons-part-2-j-edward-hackett/metadata.json
metadata.json,https://files.jcrt.org/metadata/religioustheory/posts/the-dangers-of-dealing-with-derrida-revisiting-the-caputo-hagglund-debate-on-the-religious-reading-of-deconstruction-part-1-neal-deroo/metadata.json
metadata.json,https://files.jcrt.org/metadata/religioustheory/posts/the-dangers-of-dealing-with-derrida-revisiting-the-caputo-hagglund-debate-on-the-religious-reading-of-deconstruction-part-2-neal-deroo/metadata.json
metadata.json,https://files.jcrt.org/metadata/religioustheory/posts/the-dangers-of-dealing-with-derrida-revisiting-the-caputo-hagglund-debate-on-the-religious-reading-of-deconstruction-part-3-neal-deroo/metadata.json
metadata.json,https://files.jcrt.org/metadata/religioustheory/posts/the-dialectic-of-divine-presence-and-absence-call-for-contributors-to-special-issue/metadata.json
metadata.json,https://files.jcrt.org/metadata/religioustheory/posts/the-end-of-cognitive-empire-critical-conversations/metadata.json
metadata.json,https://files.jcrt.org/metadata/religioustheory/posts/the-environmental-ethics-of-pope-francis-parsing-key-terms-and-claims-in-laudato-si-thomas-massaro-s-j/metadata.json
metadata.json,https://files.jcrt.org/metadata/religioustheory/posts/the-fracturing-of-world-order-a-series-of-international-and-interdisciplinary-online-mini-conferences-call-for-papers-and-presentations-announcement/metadata.json
metadata.json,https://files.jcrt.org/metadata/religioustheory/posts/the-futurity-of-god-part-1-lenart-skof/metadata.json
metadata.json,https://files.jcrt.org/metadata/religioustheory/posts/the-futurity-of-god-part-2-lenart-skof/metadata.json
metadata.json,https://files.jcrt.org/metadata/religioustheory/posts/the-hollow-christians-of-end-times-fiction-part-1-paul-maltby/metadata.json
metadata.json,https://files.jcrt.org/metadata/religioustheory/posts/the-hollow-christians-of-end-times-fiction-part-2-paul-maltby/metadata.json
metadata.json,https://files.jcrt.org/metadata/religioustheory/posts/the-hollow-christians-of-end-times-fiction-part-3-paul-maltby/metadata.json
metadata.json,https://files.jcrt.org/metadata/religioustheory/posts/the-image-of-god-and-our-vocation-of-the-soil-mike-pope/metadata.json
metadata.json,https://files.jcrt.org/metadata/religioustheory/posts/the-image-of-god-and-our-vocation-of-the-soil-part-2-mick-pope/metadata.json
metadata.json,https://files.jcrt.org/metadata/religioustheory/posts/the-imagination-in-spinoza-the-moral-good-between-prophecy-and-the-amor-dei-intellectualis-part-1-caterina-de-gaetano/metadata.json
metadata.json,https://files.jcrt.org/metadata/religioustheory/posts/the-imagination-in-spinoza-the-moral-good-between-prophecy-and-the-amor-dei-intellectualis-part-2-caterina-de-gaetano/metadata.json
metadata.json,https://files.jcrt.org/metadata/religioustheory/posts/the-irreducible-jean-luc-marion/metadata.json
metadata.json,https://files.jcrt.org/metadata/religioustheory/posts/the-kingdom-the-power-the-glory-and-the-tawdry-media-and-the-undoing-of-the-demos-part-1-carl-raschke/metadata.json
metadata.json,https://files.jcrt.org/metadata/religioustheory/posts/the-kingdom-the-power-the-glory-and-the-tawdry-media-and-the-undoing-of-the-demos-part-2-carl-raschke/metadata.json
metadata.json,https://files.jcrt.org/metadata/religioustheory/posts/the-kingdom-the-power-the-glory-and-the-tawdry-media-and-the-undoing-of-the-demos-part-3-carl-raschke/metadata.json
metadata.json,https://files.jcrt.org/metadata/religioustheory/posts/the-legacy-of-charles-h-long-resisting-and-short-circuiting-the-discourses-of-exclusion-in-the-theory-and-practice-of-administration-victor-e-taylor/metadata.json
metadata.json,https://files.jcrt.org/metadata/religioustheory/posts/the-mythology-of-afterlife-beliefs-and-their-impact-on-religious-conflict-part-1-brigid-burke/metadata.json
metadata.json,https://files.jcrt.org/metadata/religioustheory/posts/the-mythology-of-afterlife-beliefs-and-their-impact-on-religious-conflict-part-2-brigid-burke/metadata.json
metadata.json,https://files.jcrt.org/metadata/religioustheory/posts/the-new-hegel-and-the-question-of-god-part-1-gavin-hyman/metadata.json
metadata.json,https://files.jcrt.org/metadata/religioustheory/posts/the-new-hegel-and-the-question-of-god-part-2-gavin-hyman/metadata.json
metadata.json,https://files.jcrt.org/metadata/religioustheory/posts/the-new-hegel-and-the-question-of-god-part-3-gavin-hyman/metadata.json
metadata.json,https://files.jcrt.org/metadata/religioustheory/posts/the-one-is-not-on-the-fate-of-unity-in-post-metaphysical-philosophy-jussi-backman/metadata.json
metadata.json,https://files.jcrt.org/metadata/religioustheory/posts/the-place-of-das-ding-psychoanalysis-phenomenology-religion-part-1-john-panteleimon-manoussakis/metadata.json
metadata.json,https://files.jcrt.org/metadata/religioustheory/posts/the-place-of-das-ding-psychoanalysis-phenomenology-religion-part-2-john-panteleimon-manoussakis/metadata.json
metadata.json,https://files.jcrt.org/metadata/religioustheory/posts/the-re-enchantment-of-bodies-the-transformative-power-of-charismatic-healings-part-1-anna-magnasco/metadata.json
metadata.json,https://files.jcrt.org/metadata/religioustheory/posts/the-re-enchantment-of-bodies-the-transformative-power-of-charismatic-healings-part-2-anna-magnasco/metadata.json
metadata.json,https://files.jcrt.org/metadata/religioustheory/posts/the-religious-roots-of-environmental-justice-an-online-conference/metadata.json
metadata.json,https://files.jcrt.org/metadata/religioustheory/posts/the-religious-roots-of-environmental-justice-call-for-papers-or-presentations-conference/metadata.json
metadata.json,https://files.jcrt.org/metadata/religioustheory/posts/the-religious-significance-of-miracles-why-humes-critique-is-superfluous-part-2-alberto-urquidez/metadata.json
metadata.json,https://files.jcrt.org/metadata/religioustheory/posts/the-religious-significance-of-miracles-why-humes-critique-is-superfluous-part-3-alberto-urquidez/metadata.json
metadata.json,https://files.jcrt.org/metadata/religioustheory/posts/the-religious-significance-of-miracles-why-humes-critique-is-superfluous/metadata.json
metadata.json,https://files.jcrt.org/metadata/religioustheory/posts/the-reluctant-fundamentalist-and-the-inhospitable-state-abrahamic-hospitality-and-the-limits-of-multiculturalism-emily-mcavan/metadata.json
metadata.json,https://files.jcrt.org/metadata/religioustheory/posts/the-reluctant-fundamentalist-and-the-inhospitable-state-abrahamic-hospitality-and-the-limits-of-multiculturalism-part-2-emily-mcavan/metadata.json
metadata.json,https://files.jcrt.org/metadata/religioustheory/posts/the-sacred-as-bordering-practice-part-1-anna-maria-edlinger/metadata.json
metadata.json,https://files.jcrt.org/metadata/religioustheory/posts/the-sacred-as-bordering-practice-part-2-anna-maria-edlinger/metadata.json
metadata.json,https://files.jcrt.org/metadata/religioustheory/posts/the-secularizing-ethos-and-the-end-of-biblical-authority-how-todays-evangelicals-abandoned-evangelicalism/metadata.json
metadata.json,https://files.jcrt.org/metadata/religioustheory/posts/the-semiotics-of-the-unconscious-in-gilles-deleuze-and-roland-barthes-part-2-roger-green/metadata.json
metadata.json,https://files.jcrt.org/metadata/religioustheory/posts/the-semiotics-of-the-unconscious-in-gilles-deleuze-and-roland-barthes-roger-green/metadata.json
metadata.json,https://files.jcrt.org/metadata/religioustheory/posts/the-ultimate-and-the-penultimate-bonhoeffers-twofold-contextualism-in-adjudicating-competing-ethical-claims-part-1-w-travis-mcmaken/metadata.json
metadata.json,https://files.jcrt.org/metadata/religioustheory/posts/the-ultimate-and-the-penultimate-bonhoeffers-twofold-contextualism-in-adjudicating-competing-ethical-claims-part-2-w-travis-mcmaken/metadata.json
metadata.json,https://files.jcrt.org/metadata/religioustheory/posts/the-unbroken-middle-overcoming-the-empty-sacrifices-of-modernity-with-gillian-rose-and-paul-michael-c-raubach/metadata.json
metadata.json,https://files.jcrt.org/metadata/religioustheory/posts/the-unbroken-middle-overcoming-the-empty-sacrifices-of-modernity-with-gillian-rose-and-paul-part-2-michael-c-raubach/metadata.json
metadata.json,https://files.jcrt.org/metadata/religioustheory/posts/the-vertical-form-iconological-dimension-in-20th-century-russian-religious-aesthetics-and-literary-criticism-part-i-oleg-komkov/metadata.json
metadata.json,https://files.jcrt.org/metadata/religioustheory/posts/the-vertical-form-iconological-dimension-in-20th-century-russian-religious-aesthetics-and-literary-criticism-part-ii-oleg-komkov/metadata.json
metadata.json,https://files.jcrt.org/metadata/religioustheory/posts/theodicy-of-money-the-scene-and-subject-of-forgiveness/metadata.json
metadata.json,https://files.jcrt.org/metadata/religioustheory/posts/thinking-about-god-in-a-pluralistic-world-the-challenge-of-modern-theology-lecture-1-johannes-zuchaber/metadata.json
metadata.json,https://files.jcrt.org/metadata/religioustheory/posts/thomas-aquinass-body-soul-dualism-and-the-hierarchy-of-human-dignity-in-brazil-theological-origins-of-a-nations-hierarchical-self-understanding-part-1-vinicius-marinho/metadata.json
metadata.json,https://files.jcrt.org/metadata/religioustheory/posts/thomas-aquinass-body-soul-dualism-and-the-hierarchy-of-human-dignity-in-brazil-theological-origins-of-a-nations-self-understanding-part-2-vinicius-marinho/metadata.json
metadata.json,https://files.jcrt.org/metadata/religioustheory/posts/thomas-aquinass-body-soul-dualism-and-the-hierarchy-of-human-dignity-in-brazil-theological-origins-of-a-nations-self-understanding-part-3-vinicius-marinho/metadata.json
metadata.json,https://files.jcrt.org/metadata/religioustheory/posts/time-emptied-and-time-renewed-the-dominion-of-capital-and-a-theo-politics-of-contretemps-part-1-daniel-rhodes/metadata.json
metadata.json,https://files.jcrt.org/metadata/religioustheory/posts/time-emptied-and-time-renewed-the-dominion-of-capital-and-a-theo-politics-of-contretemps-part-2-daniel-rhodes/metadata.json
metadata.json,https://files.jcrt.org/metadata/religioustheory/posts/time-emptied-and-time-renewed-the-dominion-of-capital-and-a-theo-politics-of-contretemps-part-3-daniel-rhodes/metadata.json
metadata.json,https://files.jcrt.org/metadata/religioustheory/posts/to-not-lose-sight-of-the-good-notes-on-the-zapatismo-ethic-part-1-matt-rosen/metadata.json
metadata.json,https://files.jcrt.org/metadata/religioustheory/posts/to-not-lose-sight-of-the-good-notes-on-the-zapatismo-ethic-part-2-matt-rosen/metadata.json
metadata.json,https://files.jcrt.org/metadata/religioustheory/posts/towards-a-new-comparative-methodology-in-religious-studies-kara-roberts/metadata.json
metadata.json,https://files.jcrt.org/metadata/religioustheory/posts/transmodern-sufism-or-stepping-with-levinas-on-the-footprints-of-a-speculative-sufism-not-re-framed-by-20th-century-orientalists-part-1-philipp-valentini/metadata.json
metadata.json,https://files.jcrt.org/metadata/religioustheory/posts/transmodern-sufism-or-stepping-with-levinas-on-the-footprints-of-a-speculative-sufism-not-re-framed-by-20th-century-orientalists-part-2-philipp-valentini/metadata.json
metadata.json,https://files.jcrt.org/metadata/religioustheory/posts/trauma-in-emmanuel-levinas-writing-body-part-1-magdalena-sedmak/metadata.json
metadata.json,https://files.jcrt.org/metadata/religioustheory/posts/trauma-in-emmanuel-levinas-writing-body-part-2-magdalena-sedmak/metadata.json
metadata.json,https://files.jcrt.org/metadata/religioustheory/posts/traversing-religious-and-aesthetic-states-in-w-h-audens-for-the-time-being-part-1-raji-singh-soni/metadata.json
metadata.json,https://files.jcrt.org/metadata/religioustheory/posts/traversing-w-h-audens-religious-and-aesthetic-states-part-2-raji-singh-soni/metadata.json
metadata.json,https://files.jcrt.org/metadata/religioustheory/posts/traversing-w-h-audens-religious-and-aesthetic-states-part-3-raji-singh-soni/metadata.json
metadata.json,https://files.jcrt.org/metadata/religioustheory/posts/truth-and-irony-beyond-binary-patterns-in-theological-reasoning-part-1-florian-klug/metadata.json
metadata.json,https://files.jcrt.org/metadata/religioustheory/posts/truth-and-irony-beyond-binary-patterns-in-theological-reasoning-part-2-florian-klug/metadata.json
metadata.json,https://files.jcrt.org/metadata/religioustheory/posts/truth-and-irony-beyond-binary-patterns-in-theological-reasoning-part-3-florian-klug/metadata.json
metadata.json,https://files.jcrt.org/metadata/religioustheory/posts/tsimtsum-in-life-of-pi-part-1-daniel-reiser/metadata.json
metadata.json,https://files.jcrt.org/metadata/religioustheory/posts/tsimtsum-in-life-of-pi-part-2-daniel-reiser/metadata.json
metadata.json,https://files.jcrt.org/metadata/religioustheory/posts/tsimtsum-in-life-of-pi-part-3-daniel-reiser/metadata.json
metadata.json,https://files.jcrt.org/metadata/religioustheory/posts/tsimtsum-in-life-of-pi-part-4-daniel-reiser/metadata.json
metadata.json,https://files.jcrt.org/metadata/religioustheory/posts/untimely-meditations-on-techno-theology-and-theo-poetics-part-1-john-panteleimon-manoussakis/metadata.json
metadata.json,https://files.jcrt.org/metadata/religioustheory/posts/untimely-meditations-on-techno-theology-and-theo-poetics-part-2-john-panteleimon-manoussakis/metadata.json
metadata.json,https://files.jcrt.org/metadata/religioustheory/posts/upcoming-conferences-call-for-papers/metadata.json
metadata.json,https://files.jcrt.org/metadata/religioustheory/posts/what-black-disabled-bodies-can-teach-us-about-environmental-justice-robert-monson/metadata.json
metadata.json,https://files.jcrt.org/metadata/religioustheory/posts/what-do-we-mean-by-decoloniality-a-conversation/metadata.json
metadata.json,https://files.jcrt.org/metadata/religioustheory/posts/what-do-we-mean-by-decoloniality-a-discussion-part-2/metadata.json
metadata.json,https://files.jcrt.org/metadata/religioustheory/posts/what-exactly-is-postmodernism-and-how-did-it-change-the-landscape-of-religious-studies-part-1-carl-raschke/metadata.json
metadata.json,https://files.jcrt.org/metadata/religioustheory/posts/what-exactly-is-postmodernism-and-how-did-it-change-the-landscape-of-religious-studies-part-2-carl-raschke/metadata.json
metadata.json,https://files.jcrt.org/metadata/religioustheory/posts/what-is-a-dispositif-part-1/metadata.json
metadata.json,https://files.jcrt.org/metadata/religioustheory/posts/what-is-a-dispositif-part-2/metadata.json
ris-sitemap.xml,https://files.jcrt.org/metadata/ris-sitemap.xml
search-sitemap.xml,https://files.jcrt.org/metadata/search-sitemap.xml
archives.search.json,https://files.jcrt.org/metadata/search/archives.search.json
authors.search.json,https://files.jcrt.org/metadata/search/authors.search.json
blog.search.json,https://files.jcrt.org/metadata/search/blog.search.json
archives-01.search.json,https://files.jcrt.org/metadata/search/json/archives-01.search.json
authors-01.search.json,https://files.jcrt.org/metadata/search/json/authors-01.search.json
blog-01.search.json,https://files.jcrt.org/metadata/search/json/blog-01.search.json
religioustheory-01.search.json,https://files.jcrt.org/metadata/search/json/religioustheory-01.search.json
religioustheory.search.json,https://files.jcrt.org/metadata/search/religioustheory.search.json
9780593493205.pdf,https://files.jcrt.org/religioustheory/9780593493205.pdf
sitemap.xml,https://files.jcrt.org/sitemap.xml
.githooks.xml,https://files.jcrt.org/sitemaps/.githooks.xml
archives.xml,https://files.jcrt.org/sitemaps/archives.xml
citations.xml,https://files.jcrt.org/sitemaps/citations.xml
docs.xml,https://files.jcrt.org/sitemaps/docs.xml
images.xml,https://files.jcrt.org/sitemaps/images.xml
metadata.xml,https://files.jcrt.org/sitemaps/metadata.xml
religioustheory.xml,https://files.jcrt.org/sitemaps/religioustheory.xml
jcrt.org,https://jcrt.org/
Copyright,https://jcrt.org/Copyright/
about,https://jcrt.org/about/
archives-sitemap.xml,https://jcrt.org/archives-sitemap.xml
archives,https://jcrt.org/archives/
01.1,https://jcrt.org/archives/01.1/
crockett,https://jcrt.org/archives/01.1/crockett/
kavka,https://jcrt.org/archives/01.1/kavka/
lambert,https://jcrt.org/archives/01.1/lambert/
lee,https://jcrt.org/archives/01.1/lee/
raschke,https://jcrt.org/archives/01.1/raschke/
reinhard_lupton,https://jcrt.org/archives/01.1/reinhard_lupton/
vahanian,https://jcrt.org/archives/01.1/vahanian/
winquist,https://jcrt.org/archives/01.1/winquist/
young,https://jcrt.org/archives/01.1/young/
01.2,https://jcrt.org/archives/01.2/
adcock,https://jcrt.org/archives/01.2/adcock/
canning,https://jcrt.org/archives/01.2/canning/
long,https://jcrt.org/archives/01.2/long/
lorentzen,https://jcrt.org/archives/01.2/lorentzen/
nvahanian,https://jcrt.org/archives/01.2/nvahanian/
ruf,https://jcrt.org/archives/01.2/ruf/
smith,https://jcrt.org/archives/01.2/smith/
taylor,https://jcrt.org/archives/01.2/taylor/
wyschogrod_raschke,https://jcrt.org/archives/01.2/wyschogrod_raschke/
01.3,https://jcrt.org/archives/01.3/
caputo,https://jcrt.org/archives/01.3/caputo/
carpenter,https://jcrt.org/archives/01.3/carpenter/
crockett,https://jcrt.org/archives/01.3/crockett/
dicenso,https://jcrt.org/archives/01.3/dicenso/
game,https://jcrt.org/archives/01.3/game/
kosky,https://jcrt.org/archives/01.3/kosky/
metcalfe,https://jcrt.org/archives/01.3/metcalfe/
richard,https://jcrt.org/archives/01.3/richard/
strysick,https://jcrt.org/archives/01.3/strysick/
weiss,https://jcrt.org/archives/01.3/weiss/
02.1,https://jcrt.org/archives/02.1/
halpern,https://jcrt.org/archives/02.1/halpern/
lambert,https://jcrt.org/archives/02.1/lambert/
lupton,https://jcrt.org/archives/02.1/lupton/
ochs,https://jcrt.org/archives/02.1/ochs/
raschke,https://jcrt.org/archives/02.1/raschke/
reinhard_lupton,https://jcrt.org/archives/02.1/reinhard_lupton/
sugimoto,https://jcrt.org/archives/02.1/sugimoto/
taylor,https://jcrt.org/archives/02.1/taylor/
02.2,https://jcrt.org/archives/02.2/
altizer,https://jcrt.org/archives/02.2/altizer/
arnold,https://jcrt.org/archives/02.2/arnold/
elias,https://jcrt.org/archives/02.2/elias/
majer,https://jcrt.org/archives/02.2/majer/
robbins,https://jcrt.org/archives/02.2/robbins/
tatusko,https://jcrt.org/archives/02.2/tatusko/
taylor,https://jcrt.org/archives/02.2/taylor/
taylor_raschke,https://jcrt.org/archives/02.2/taylor_raschke/
02.3,https://jcrt.org/archives/02.3/
cha,https://jcrt.org/archives/02.3/cha/
crockett,https://jcrt.org/archives/02.3/crockett/
hale,https://jcrt.org/archives/02.3/hale/
katchen,https://jcrt.org/archives/02.3/katchen/
lakeland,https://jcrt.org/archives/02.3/lakeland/
magee,https://jcrt.org/archives/02.3/magee/
mccullough,https://jcrt.org/archives/02.3/mccullough/
ronan,https://jcrt.org/archives/02.3/ronan/
takim,https://jcrt.org/archives/02.3/takim/
weiss,https://jcrt.org/archives/02.3/weiss/
03.1,https://jcrt.org/archives/03.1/
anderson,https://jcrt.org/archives/03.1/anderson/
dean,https://jcrt.org/archives/03.1/dean/
gooch,https://jcrt.org/archives/03.1/gooch/
keuss,https://jcrt.org/archives/03.1/keuss/
maccammon,https://jcrt.org/archives/03.1/maccammon/
raschke,https://jcrt.org/archives/03.1/raschke/
stone,https://jcrt.org/archives/03.1/stone/
03.2,https://jcrt.org/archives/03.2/
caputo_raschke,https://jcrt.org/archives/03.2/caputo_raschke/
grimshaw,https://jcrt.org/archives/03.2/grimshaw/
hale,https://jcrt.org/archives/03.2/hale/
hyman,https://jcrt.org/archives/03.2/hyman/
katz,https://jcrt.org/archives/03.2/katz/
lee,https://jcrt.org/archives/03.2/lee/
metcalf,https://jcrt.org/archives/03.2/metcalf/
parmenter,https://jcrt.org/archives/03.2/parmenter/
taylor,https://jcrt.org/archives/03.2/taylor/
winquist,https://jcrt.org/archives/03.2/winquist/
03.3,https://jcrt.org/archives/03.3/
crockett,https://jcrt.org/archives/03.3/crockett/
druen,https://jcrt.org/archives/03.3/druen/
flato,https://jcrt.org/archives/03.3/flato/
iyer,https://jcrt.org/archives/03.3/iyer/
putt,https://jcrt.org/archives/03.3/putt/
rashkover,https://jcrt.org/archives/03.3/rashkover/
reinhart,https://jcrt.org/archives/03.3/reinhart/
scott,https://jcrt.org/archives/03.3/scott/
taylor,https://jcrt.org/archives/03.3/taylor/
weiss,https://jcrt.org/archives/03.3/weiss/
zerbe,https://jcrt.org/archives/03.3/zerbe/
04.1,https://jcrt.org/archives/04.1/
bennett-carpenter,https://jcrt.org/archives/04.1/bennett-carpenter/
blundell,https://jcrt.org/archives/04.1/blundell/
egginton,https://jcrt.org/archives/04.1/egginton/
hamner,https://jcrt.org/archives/04.1/hamner/
index2,https://jcrt.org/archives/04.1/index2/
kosky,https://jcrt.org/archives/04.1/kosky/
lokensgard,https://jcrt.org/archives/04.1/lokensgard/
markmanolopoulos,https://jcrt.org/archives/04.1/markmanolopoulos/
mcgrath,https://jcrt.org/archives/04.1/mcgrath/
raschke,https://jcrt.org/archives/04.1/raschke/
04.2,https://jcrt.org/archives/04.2/
caputo,https://jcrt.org/archives/04.2/caputo/
flaxman,https://jcrt.org/archives/04.2/flaxman/
lambert-taylor.intro,https://jcrt.org/archives/04.2/lambert-taylor.intro/
lambert,https://jcrt.org/archives/04.2/lambert/
nichols,https://jcrt.org/archives/04.2/nichols/
pecora,https://jcrt.org/archives/04.2/pecora/
rabate-lambert,https://jcrt.org/archives/04.2/rabate-lambert/
saper,https://jcrt.org/archives/04.2/saper/
taylor,https://jcrt.org/archives/04.2/taylor/
williams,https://jcrt.org/archives/04.2/williams/
04.3,https://jcrt.org/archives/04.3/
atchley,https://jcrt.org/archives/04.3/atchley/
azari,https://jcrt.org/archives/04.3/azari/
caputo,https://jcrt.org/archives/04.3/caputo/
crockett,https://jcrt.org/archives/04.3/crockett/
livingston,https://jcrt.org/archives/04.3/livingston/
lokensgard,https://jcrt.org/archives/04.3/lokensgard/
macri,https://jcrt.org/archives/04.3/macri/
michaud,https://jcrt.org/archives/04.3/michaud/
ream,https://jcrt.org/archives/04.3/ream/
rennie,https://jcrt.org/archives/04.3/rennie/
saldino,https://jcrt.org/archives/04.3/saldino/
snyder,https://jcrt.org/archives/04.3/snyder/
thompson,https://jcrt.org/archives/04.3/thompson/
york,https://jcrt.org/archives/04.3/york/
05.1,https://jcrt.org/archives/05.1/
bain-selbo,https://jcrt.org/archives/05.1/bain-selbo/
fasching,https://jcrt.org/archives/05.1/fasching/
hale,https://jcrt.org/archives/05.1/hale/
iyer,https://jcrt.org/archives/05.1/iyer/
juschka,https://jcrt.org/archives/05.1/juschka/
lee,https://jcrt.org/archives/05.1/lee/
meeks,https://jcrt.org/archives/05.1/meeks/
putt,https://jcrt.org/archives/05.1/putt/
raschke,https://jcrt.org/archives/05.1/raschke/
siebers,https://jcrt.org/archives/05.1/siebers/
tate,https://jcrt.org/archives/05.1/tate/
05.2,https://jcrt.org/archives/05.2/
caputo,https://jcrt.org/archives/05.2/caputo/
conroy,https://jcrt.org/archives/05.2/conroy/
crockett,https://jcrt.org/archives/05.2/crockett/
goodchild,https://jcrt.org/archives/05.2/goodchild/
iyer,https://jcrt.org/archives/05.2/iyer/
lambert,https://jcrt.org/archives/05.2/lambert/
lambrianou,https://jcrt.org/archives/05.2/lambrianou/
raschke,https://jcrt.org/archives/05.2/raschke/
ream,https://jcrt.org/archives/05.2/ream/
robbins,https://jcrt.org/archives/05.2/robbins/
rodkey,https://jcrt.org/archives/05.2/rodkey/
taylor,https://jcrt.org/archives/05.2/taylor/
ware,https://jcrt.org/archives/05.2/ware/
weislogel,https://jcrt.org/archives/05.2/weislogel/
woodard,https://jcrt.org/archives/05.2/woodard/
05.3,https://jcrt.org/archives/05.3/
biles,https://jcrt.org/archives/05.3/biles/
biondo,https://jcrt.org/archives/05.3/biondo/
duke,https://jcrt.org/archives/05.3/duke/
flato,https://jcrt.org/archives/05.3/flato/
fodor,https://jcrt.org/archives/05.3/fodor/
gilmour,https://jcrt.org/archives/05.3/gilmour/
igrek,https://jcrt.org/archives/05.3/igrek/
keen,https://jcrt.org/archives/05.3/keen/
mcpherson,https://jcrt.org/archives/05.3/mcpherson/
nayar,https://jcrt.org/archives/05.3/nayar/
purcell,https://jcrt.org/archives/05.3/purcell/
reinhart,https://jcrt.org/archives/05.3/reinhart/
robbins,https://jcrt.org/archives/05.3/robbins/
rodkey,https://jcrt.org/archives/05.3/rodkey/
smith,https://jcrt.org/archives/05.3/smith/
urbanczyk,https://jcrt.org/archives/05.3/urbanczyk/
vahabzadeh,https://jcrt.org/archives/05.3/vahabzadeh/
vahanian,https://jcrt.org/archives/05.3/vahanian/
06.1,https://jcrt.org/archives/06.1/
blanton,https://jcrt.org/archives/06.1/blanton/
brogan,https://jcrt.org/archives/06.1/brogan/
caputo,https://jcrt.org/archives/06.1/caputo/
clingerman,https://jcrt.org/archives/06.1/clingerman/
grieve-carlson,https://jcrt.org/archives/06.1/grieve-carlson/
hoelzl,https://jcrt.org/archives/06.1/hoelzl/
johnson,https://jcrt.org/archives/06.1/johnson/
jones,https://jcrt.org/archives/06.1/jones/
michaud,https://jcrt.org/archives/06.1/michaud/
taylor,https://jcrt.org/archives/06.1/taylor/
vahanian,https://jcrt.org/archives/06.1/vahanian/
whiting,https://jcrt.org/archives/06.1/whiting/
woodard,https://jcrt.org/archives/06.1/woodard/
06.2,https://jcrt.org/archives/06.2/
bain-selbo,https://jcrt.org/archives/06.2/bain-selbo/
crockett,https://jcrt.org/archives/06.2/crockett/
fischer,https://jcrt.org/archives/06.2/fischer/
igrek,https://jcrt.org/archives/06.2/igrek/
kearney-taylor,https://jcrt.org/archives/06.2/kearney-taylor/
larrey,https://jcrt.org/archives/06.2/larrey/
raschke,https://jcrt.org/archives/06.2/raschke/
reid,https://jcrt.org/archives/06.2/reid/
robbins,https://jcrt.org/archives/06.2/robbins/
stanley,https://jcrt.org/archives/06.2/stanley/
vahabzadeh,https://jcrt.org/archives/06.2/vahabzadeh/
waggoner.art,https://jcrt.org/archives/06.2/waggoner.art/
waggoner,https://jcrt.org/archives/06.2/waggoner/
06.3,https://jcrt.org/archives/06.3/
bain-selbo,https://jcrt.org/archives/06.3/bain-selbo/
benko,https://jcrt.org/archives/06.3/benko/
bowring,https://jcrt.org/archives/06.3/bowring/
cauchi,https://jcrt.org/archives/06.3/cauchi/
grimshaw,https://jcrt.org/archives/06.3/grimshaw/
harpham,https://jcrt.org/archives/06.3/harpham/
hart,https://jcrt.org/archives/06.3/hart/
klink,https://jcrt.org/archives/06.3/klink/
kotsko,https://jcrt.org/archives/06.3/kotsko/
linck,https://jcrt.org/archives/06.3/linck/
lorentzen,https://jcrt.org/archives/06.3/lorentzen/
nayar,https://jcrt.org/archives/06.3/nayar/
neven,https://jcrt.org/archives/06.3/neven/
rodkey,https://jcrt.org/archives/06.3/rodkey/
shelton,https://jcrt.org/archives/06.3/shelton/
smith,https://jcrt.org/archives/06.3/smith/
taylor,https://jcrt.org/archives/06.3/taylor/
07.1,https://jcrt.org/archives/07.1/
bell,https://jcrt.org/archives/07.1/bell/
buchanan,https://jcrt.org/archives/07.1/buchanan/
geroux,https://jcrt.org/archives/07.1/geroux/
gilgen,https://jcrt.org/archives/07.1/gilgen/
holliday,https://jcrt.org/archives/07.1/holliday/
janz,https://jcrt.org/archives/07.1/janz/
knowlton,https://jcrt.org/archives/07.1/knowlton/
lerner,https://jcrt.org/archives/07.1/lerner/
lokensgard,https://jcrt.org/archives/07.1/lokensgard/
magee,https://jcrt.org/archives/07.1/magee/
miller,https://jcrt.org/archives/07.1/miller/
segev,https://jcrt.org/archives/07.1/segev/
singh,https://jcrt.org/archives/07.1/singh/
taylor,https://jcrt.org/archives/07.1/taylor/
vandeweg,https://jcrt.org/archives/07.1/vandeweg/
07.2,https://jcrt.org/archives/07.2/
bain-selbo,https://jcrt.org/archives/07.2/bain-selbo/
dahlgren,https://jcrt.org/archives/07.2/dahlgren/
heltzel,https://jcrt.org/archives/07.2/heltzel/
kolarov,https://jcrt.org/archives/07.2/kolarov/
lupton,https://jcrt.org/archives/07.2/lupton/
miller,https://jcrt.org/archives/07.2/miller/
robbins,https://jcrt.org/archives/07.2/robbins/
saldino,https://jcrt.org/archives/07.2/saldino/
siebers,https://jcrt.org/archives/07.2/siebers/
simmons,https://jcrt.org/archives/07.2/simmons/
taylor,https://jcrt.org/archives/07.2/taylor/
turner,https://jcrt.org/archives/07.2/turner/
08.1,https://jcrt.org/archives/08.1/
alvis,https://jcrt.org/archives/08.1/alvis/
bowman,https://jcrt.org/archives/08.1/bowman/
buckingham,https://jcrt.org/archives/08.1/buckingham/
burton,https://jcrt.org/archives/08.1/burton/
costoya,https://jcrt.org/archives/08.1/costoya/
kotsko,https://jcrt.org/archives/08.1/kotsko/
kroesbergen,https://jcrt.org/archives/08.1/kroesbergen/
mejido,https://jcrt.org/archives/08.1/mejido/
miller,https://jcrt.org/archives/08.1/miller/
nayar,https://jcrt.org/archives/08.1/nayar/
nichols,https://jcrt.org/archives/08.1/nichols/
oventile,https://jcrt.org/archives/08.1/oventile/
raschke,https://jcrt.org/archives/08.1/raschke/
ritchie,https://jcrt.org/archives/08.1/ritchie/
schmidt,https://jcrt.org/archives/08.1/schmidt/
simmons,https://jcrt.org/archives/08.1/simmons/
turrell,https://jcrt.org/archives/08.1/turrell/
vahanian,https://jcrt.org/archives/08.1/vahanian/
waggoner,https://jcrt.org/archives/08.1/waggoner/
wright,https://jcrt.org/archives/08.1/wright/
08.2,https://jcrt.org/archives/08.2/
abraham,https://jcrt.org/archives/08.2/abraham/
bell,https://jcrt.org/archives/08.2/bell/
bivins,https://jcrt.org/archives/08.2/bivins/
costa,https://jcrt.org/archives/08.2/costa/
daponte,https://jcrt.org/archives/08.2/daponte/
davis-hardt,https://jcrt.org/archives/08.2/davis-hardt/
grieve-carlson,https://jcrt.org/archives/08.2/grieve-carlson/
johnson,https://jcrt.org/archives/08.2/johnson/
little,https://jcrt.org/archives/08.2/little/
phelps,https://jcrt.org/archives/08.2/phelps/
robbins,https://jcrt.org/archives/08.2/robbins/
roundtable,https://jcrt.org/archives/08.2/roundtable/
smith,https://jcrt.org/archives/08.2/smith/
stahlberg,https://jcrt.org/archives/08.2/stahlberg/
vahabzadeh,https://jcrt.org/archives/08.2/vahabzadeh/
08.3,https://jcrt.org/archives/08.3/
ables,https://jcrt.org/archives/08.3/ables/
cake,https://jcrt.org/archives/08.3/cake/
eisenstadt,https://jcrt.org/archives/08.3/eisenstadt/
eisenstadt2,https://jcrt.org/archives/08.3/eisenstadt2/
horowitz,https://jcrt.org/archives/08.3/horowitz/
hyman,https://jcrt.org/archives/08.3/hyman/
jackson,https://jcrt.org/archives/08.3/jackson/
keller,https://jcrt.org/archives/08.3/keller/
kottman,https://jcrt.org/archives/08.3/kottman/
kunin,https://jcrt.org/archives/08.3/kunin/
lupton,https://jcrt.org/archives/08.3/lupton/
planinc,https://jcrt.org/archives/08.3/planinc/
ramey,https://jcrt.org/archives/08.3/ramey/
simmons,https://jcrt.org/archives/08.3/simmons/
09.1,https://jcrt.org/archives/09.1/
celermajer,https://jcrt.org/archives/09.1/celermajer/
grieve-carlson,https://jcrt.org/archives/09.1/grieve-carlson/
hyman,https://jcrt.org/archives/09.1/hyman/
igrek,https://jcrt.org/archives/09.1/igrek/
large,https://jcrt.org/archives/09.1/large/
malabou,https://jcrt.org/archives/09.1/malabou/
negri,https://jcrt.org/archives/09.1/negri/
pound,https://jcrt.org/archives/09.1/pound/
raschke,https://jcrt.org/archives/09.1/raschke/
rubenstein,https://jcrt.org/archives/09.1/rubenstein/
smaw,https://jcrt.org/archives/09.1/smaw/
09.2,https://jcrt.org/archives/09.2/
bielik-robson,https://jcrt.org/archives/09.2/bielik-robson/
boer,https://jcrt.org/archives/09.2/boer/
crockett,https://jcrt.org/archives/09.2/crockett/
d'amato,https://jcrt.org/archives/09.2/d'amato/
fox,https://jcrt.org/archives/09.2/fox/
kotsko,https://jcrt.org/archives/09.2/kotsko/
leo,https://jcrt.org/archives/09.2/leo/
rodkey,https://jcrt.org/archives/09.2/rodkey/
09.3,https://jcrt.org/archives/09.3/
bain-selbo,https://jcrt.org/archives/09.3/bain-selbo/
conroy,https://jcrt.org/archives/09.3/conroy/
crockett,https://jcrt.org/archives/09.3/crockett/
dickinson,https://jcrt.org/archives/09.3/dickinson/
gilmour,https://jcrt.org/archives/09.3/gilmour/
hilberg,https://jcrt.org/archives/09.3/hilberg/
hinshaw,https://jcrt.org/archives/09.3/hinshaw/
kjellman,https://jcrt.org/archives/09.3/kjellman/
klink,https://jcrt.org/archives/09.3/klink/
lewis,https://jcrt.org/archives/09.3/lewis/
martin,https://jcrt.org/archives/09.3/martin/
mccullough,https://jcrt.org/archives/09.3/mccullough/
miller,https://jcrt.org/archives/09.3/miller/
morehouse,https://jcrt.org/archives/09.3/morehouse/
powell,https://jcrt.org/archives/09.3/powell/
raschke,https://jcrt.org/archives/09.3/raschke/
robbins,https://jcrt.org/archives/09.3/robbins/
seitz,https://jcrt.org/archives/09.3/seitz/
shoemaker,https://jcrt.org/archives/09.3/shoemaker/
smith,https://jcrt.org/archives/09.3/smith/
10.1,https://jcrt.org/archives/10.1/
cauchi,https://jcrt.org/archives/10.1/cauchi/
gangle,https://jcrt.org/archives/10.1/gangle/
miller,https://jcrt.org/archives/10.1/miller/
mooney,https://jcrt.org/archives/10.1/mooney/
robert,https://jcrt.org/archives/10.1/robert/
rodkey,https://jcrt.org/archives/10.1/rodkey/
simmons,https://jcrt.org/archives/10.1/simmons/
steinmetz-jenkins,https://jcrt.org/archives/10.1/steinmetz-jenkins/
10.2,https://jcrt.org/archives/10.2/
bibb,https://jcrt.org/archives/10.2/bibb/
borsuk,https://jcrt.org/archives/10.2/borsuk/
cole,https://jcrt.org/archives/10.2/cole/
duncan-transcription,https://jcrt.org/archives/10.2/duncan-transcription/
duncan,https://jcrt.org/archives/10.2/duncan/
evans,https://jcrt.org/archives/10.2/evans/
mcnellis,https://jcrt.org/archives/10.2/mcnellis/
mcrae,https://jcrt.org/archives/10.2/mcrae/
reid,https://jcrt.org/archives/10.2/reid/
scans,https://jcrt.org/archives/10.2/scans/
simon,https://jcrt.org/archives/10.2/simon/
transcription.notes,https://jcrt.org/archives/10.2/transcription.notes/
10.3,https://jcrt.org/archives/10.3/
barber&amp;smith,https://jcrt.org/archives/10.3/barber&amp;smith/
barber,https://jcrt.org/archives/10.3/barber/
burkey,https://jcrt.org/archives/10.3/burkey/
campbell,https://jcrt.org/archives/10.3/campbell/
delpech-ramey&amp;miller,https://jcrt.org/archives/10.3/delpech-ramey&amp;miller/
grieve-carlson,https://jcrt.org/archives/10.3/grieve-carlson/
grimshaw,https://jcrt.org/archives/10.3/grimshaw/
hanson,https://jcrt.org/archives/10.3/hanson/
jaarsma,https://jcrt.org/archives/10.3/jaarsma/
metcalf,https://jcrt.org/archives/10.3/metcalf/
pcr4,https://jcrt.org/archives/10.3/pcr4/
rodkey,https://jcrt.org/archives/10.3/rodkey/
sanzaro,https://jcrt.org/archives/10.3/sanzaro/
stern&amp;gimbel,https://jcrt.org/archives/10.3/stern&amp;gimbel/
york,https://jcrt.org/archives/10.3/york/
11.1,https://jcrt.org/archives/11.1/
blanton,https://jcrt.org/archives/11.1/blanton/
boever,https://jcrt.org/archives/11.1/boever/
charles,https://jcrt.org/archives/11.1/charles/
chrulew,https://jcrt.org/archives/11.1/chrulew/
fuggle,https://jcrt.org/archives/11.1/fuggle/
glowacki,https://jcrt.org/archives/11.1/glowacki/
mayes,https://jcrt.org/archives/11.1/mayes/
nicolet-anderson,https://jcrt.org/archives/11.1/nicolet-anderson/
ojakangas,https://jcrt.org/archives/11.1/ojakangas/
ruin,https://jcrt.org/archives/11.1/ruin/
11.2,https://jcrt.org/archives/11.2/
ardoline,https://jcrt.org/archives/11.2/ardoline/
caputo,https://jcrt.org/archives/11.2/caputo/
crockett,https://jcrt.org/archives/11.2/crockett/
finer,https://jcrt.org/archives/11.2/finer/
hagglund,https://jcrt.org/archives/11.2/hagglund/
holsclaw,https://jcrt.org/archives/11.2/holsclaw/
hyman,https://jcrt.org/archives/11.2/hyman/
mcclain,https://jcrt.org/archives/11.2/mcclain/
raschke,https://jcrt.org/archives/11.2/raschke/
robbins,https://jcrt.org/archives/11.2/robbins/
stockwell,https://jcrt.org/archives/11.2/stockwell/
taylor,https://jcrt.org/archives/11.2/taylor/
wood,https://jcrt.org/archives/11.2/wood/
zabala,https://jcrt.org/archives/11.2/zabala/
11.3,https://jcrt.org/archives/11.3/
cfp-design,https://jcrt.org/archives/11.3/cfp-design/
dalton,https://jcrt.org/archives/11.3/dalton/
de-vries,https://jcrt.org/archives/11.3/de-vries/
kolozova,https://jcrt.org/archives/11.3/kolozova/
mccullough,https://jcrt.org/archives/11.3/mccullough/
sealey,https://jcrt.org/archives/11.3/sealey/
simmons,https://jcrt.org/archives/11.3/simmons/
simmonsintro,https://jcrt.org/archives/11.3/simmonsintro/
12.1,https://jcrt.org/archives/12.1/
dicken,https://jcrt.org/archives/12.1/dicken/
kessler,https://jcrt.org/archives/12.1/kessler/
kornbluh,https://jcrt.org/archives/12.1/kornbluh/
lupton.gordon,https://jcrt.org/archives/12.1/lupton.gordon/
maltby,https://jcrt.org/archives/12.1/maltby/
mciver,https://jcrt.org/archives/12.1/mciver/
miller,https://jcrt.org/archives/12.1/miller/
nelson,https://jcrt.org/archives/12.1/nelson/
rust,https://jcrt.org/archives/12.1/rust/
santner,https://jcrt.org/archives/12.1/santner/
schulman,https://jcrt.org/archives/12.1/schulman/
vahanian,https://jcrt.org/archives/12.1/vahanian/
weitzman,https://jcrt.org/archives/12.1/weitzman/
12.2,https://jcrt.org/archives/12.2/
ballan,https://jcrt.org/archives/12.2/ballan/
blosser,https://jcrt.org/archives/12.2/blosser/
britt,https://jcrt.org/archives/12.2/britt/
caputo,https://jcrt.org/archives/12.2/caputo/
coakley,https://jcrt.org/archives/12.2/coakley/
cochrane,https://jcrt.org/archives/12.2/cochrane/
crockett,https://jcrt.org/archives/12.2/crockett/
crockett_2,https://jcrt.org/archives/12.2/crockett_2/
dickinson-intro,https://jcrt.org/archives/12.2/dickinson-intro/
dickinson,https://jcrt.org/archives/12.2/dickinson/
fong,https://jcrt.org/archives/12.2/fong/
fong_2,https://jcrt.org/archives/12.2/fong_2/
goodchild,https://jcrt.org/archives/12.2/goodchild/
heo,https://jcrt.org/archives/12.2/heo/
heo_2,https://jcrt.org/archives/12.2/heo_2/
hurlin,https://jcrt.org/archives/12.2/hurlin/
mackendrick,https://jcrt.org/archives/12.2/mackendrick/
mackendrick_2,https://jcrt.org/archives/12.2/mackendrick_2/
montel_hurlin,https://jcrt.org/archives/12.2/montel_hurlin/
peters,https://jcrt.org/archives/12.2/peters/
peters_2,https://jcrt.org/archives/12.2/peters_2/
robert,https://jcrt.org/archives/12.2/robert/
taylor-kosky,https://jcrt.org/archives/12.2/taylor-kosky/
12.3,https://jcrt.org/archives/12.3/
alexander,https://jcrt.org/archives/12.3/alexander/
almond,https://jcrt.org/archives/12.3/almond/
alvis,https://jcrt.org/archives/12.3/alvis/
bedford,https://jcrt.org/archives/12.3/bedford/
mccullough.altizer,https://jcrt.org/archives/12.3/mccullough.altizer/
miller,https://jcrt.org/archives/12.3/miller/
nail,https://jcrt.org/archives/12.3/nail/
ramos,https://jcrt.org/archives/12.3/ramos/
raschke,https://jcrt.org/archives/12.3/raschke/
schedneck,https://jcrt.org/archives/12.3/schedneck/
smith,https://jcrt.org/archives/12.3/smith/
stoica,https://jcrt.org/archives/12.3/stoica/
taylor.raschke,https://jcrt.org/archives/12.3/taylor.raschke/
13.1,https://jcrt.org/archives/13.1/
barber,https://jcrt.org/archives/13.1/barber/
bray,https://jcrt.org/archives/13.1/bray/
davis,https://jcrt.org/archives/13.1/davis/
dussel,https://jcrt.org/archives/13.1/dussel/
eberle,https://jcrt.org/archives/13.1/eberle/
lugones,https://jcrt.org/archives/13.1/lugones/
mendez,https://jcrt.org/archives/13.1/mendez/
miller,https://jcrt.org/archives/13.1/miller/
robbins,https://jcrt.org/archives/13.1/robbins/
schmidt,https://jcrt.org/archives/13.1/schmidt/
taylor,https://jcrt.org/archives/13.1/taylor/
tlostanova,https://jcrt.org/archives/13.1/tlostanova/
v_squez,https://jcrt.org/archives/13.1/v_squez/
vasquez,https://jcrt.org/archives/13.1/vasquez/
woessner,https://jcrt.org/archives/13.1/woessner/
13.2,https://jcrt.org/archives/13.2/
carsey,https://jcrt.org/archives/13.2/carsey/
cisney,https://jcrt.org/archives/13.2/cisney/
clark,https://jcrt.org/archives/13.2/clark/
coggan,https://jcrt.org/archives/13.2/coggan/
flavin,https://jcrt.org/archives/13.2/flavin/
kotsko,https://jcrt.org/archives/13.2/kotsko/
lanci,https://jcrt.org/archives/13.2/lanci/
mullen,https://jcrt.org/archives/13.2/mullen/
nagypal,https://jcrt.org/archives/13.2/nagypal/
nuckolls,https://jcrt.org/archives/13.2/nuckolls/
purakayastha,https://jcrt.org/archives/13.2/purakayastha/
reyes,https://jcrt.org/archives/13.2/reyes/
scholes,https://jcrt.org/archives/13.2/scholes/
shaver,https://jcrt.org/archives/13.2/shaver/
shillock,https://jcrt.org/archives/13.2/shillock/
taylorandweiss,https://jcrt.org/archives/13.2/taylorandweiss/
weiss_taylor,https://jcrt.org/archives/13.2/weiss_taylor/
winters,https://jcrt.org/archives/13.2/winters/
14.1,https://jcrt.org/archives/14.1/
alvis,https://jcrt.org/archives/14.1/alvis/
fagenblat,https://jcrt.org/archives/14.1/fagenblat/
featherston,https://jcrt.org/archives/14.1/featherston/
green,https://jcrt.org/archives/14.1/green/
lauri,https://jcrt.org/archives/14.1/lauri/
raschke,https://jcrt.org/archives/14.1/raschke/
renger,https://jcrt.org/archives/14.1/renger/
schyllert,https://jcrt.org/archives/14.1/schyllert/
settle,https://jcrt.org/archives/14.1/settle/
snediker,https://jcrt.org/archives/14.1/snediker/
trier,https://jcrt.org/archives/14.1/trier/
winters,https://jcrt.org/archives/14.1/winters/
yonker,https://jcrt.org/archives/14.1/yonker/
14.2,https://jcrt.org/archives/14.2/
aikin,https://jcrt.org/archives/14.2/aikin/
feddon,https://jcrt.org/archives/14.2/feddon/
greco,https://jcrt.org/archives/14.2/greco/
gschwandtner,https://jcrt.org/archives/14.2/gschwandtner/
holdier,https://jcrt.org/archives/14.2/holdier/
kavka,https://jcrt.org/archives/14.2/kavka/
kelly,https://jcrt.org/archives/14.2/kelly/
knepper,https://jcrt.org/archives/14.2/knepper/
loewen,https://jcrt.org/archives/14.2/loewen/
moser,https://jcrt.org/archives/14.2/moser/
mulder,https://jcrt.org/archives/14.2/mulder/
schellenberg,https://jcrt.org/archives/14.2/schellenberg/
schilbrack,https://jcrt.org/archives/14.2/schilbrack/
shuster,https://jcrt.org/archives/14.2/shuster/
simmons-intro,https://jcrt.org/archives/14.2/simmons-intro/
trakakis,https://jcrt.org/archives/14.2/trakakis/
trakikis,https://jcrt.org/archives/14.2/trakikis/
weidler,https://jcrt.org/archives/14.2/weidler/
wolterstorff-preface,https://jcrt.org/archives/14.2/wolterstorff-preface/
15.1,https://jcrt.org/archives/15.1/
alvis,https://jcrt.org/archives/15.1/alvis/
cohen,https://jcrt.org/archives/15.1/cohen/
hagedorn,https://jcrt.org/archives/15.1/hagedorn/
hagedorn_staudigl_alvis,https://jcrt.org/archives/15.1/hagedorn_staudigl_alvis/
intro,https://jcrt.org/archives/15.1/intro/
raschke,https://jcrt.org/archives/15.1/raschke/
schuback,https://jcrt.org/archives/15.1/schuback/
staudigl,https://jcrt.org/archives/15.1/staudigl/
steinbock,https://jcrt.org/archives/15.1/steinbock/
welten,https://jcrt.org/archives/15.1/welten/
15.2,https://jcrt.org/archives/15.2/
aldinger,https://jcrt.org/archives/15.2/aldinger/
betcher,https://jcrt.org/archives/15.2/betcher/
fox,https://jcrt.org/archives/15.2/fox/
intro,https://jcrt.org/archives/15.2/intro/
reid,https://jcrt.org/archives/15.2/reid/
sanchez,https://jcrt.org/archives/15.2/sanchez/
siebers,https://jcrt.org/archives/15.2/siebers/
valente,https://jcrt.org/archives/15.2/valente/
valente2,https://jcrt.org/archives/15.2/valente2/
16.1,https://jcrt.org/archives/16.1/
carson,https://jcrt.org/archives/16.1/carson/
clay_robinson,https://jcrt.org/archives/16.1/clay_robinson/
ferguson,https://jcrt.org/archives/16.1/ferguson/
figueiredo,https://jcrt.org/archives/16.1/figueiredo/
figueiredo_2,https://jcrt.org/archives/16.1/figueiredo_2/
interviewgaia,https://jcrt.org/archives/16.1/interviewgaia/
interviewgiroux,https://jcrt.org/archives/16.1/interviewgiroux/
interviewsousanis,https://jcrt.org/archives/16.1/interviewsousanis/
interviewulmer,https://jcrt.org/archives/16.1/interviewulmer/
introfigueiredo,https://jcrt.org/archives/16.1/introfigueiredo/
li,https://jcrt.org/archives/16.1/li/
obrien,https://jcrt.org/archives/16.1/obrien/
raschke,https://jcrt.org/archives/16.1/raschke/
reviewbutler,https://jcrt.org/archives/16.1/reviewbutler/
stowe_sousanis,https://jcrt.org/archives/16.1/stowe_sousanis/
taylor_giroux,https://jcrt.org/archives/16.1/taylor_giroux/
waggoner,https://jcrt.org/archives/16.1/waggoner/
16.2,https://jcrt.org/archives/16.2/
armstrong,https://jcrt.org/archives/16.2/armstrong/
bray,https://jcrt.org/archives/16.2/bray/
dubilet,https://jcrt.org/archives/16.2/dubilet/
intro-marovich,https://jcrt.org/archives/16.2/intro-marovich/
marovich,https://jcrt.org/archives/16.2/marovich/
meyer,https://jcrt.org/archives/16.2/meyer/
moody,https://jcrt.org/archives/16.2/moody/
rose,https://jcrt.org/archives/16.2/rose/
16.3,https://jcrt.org/archives/16.3/
beddard,https://jcrt.org/archives/16.3/beddard/
congdon,https://jcrt.org/archives/16.3/congdon/
davis,https://jcrt.org/archives/16.3/davis/
introduction,https://jcrt.org/archives/16.3/introduction/
karlsen,https://jcrt.org/archives/16.3/karlsen/
leung,https://jcrt.org/archives/16.3/leung/
osserman,https://jcrt.org/archives/16.3/osserman/
phelps,https://jcrt.org/archives/16.3/phelps/
raschke,https://jcrt.org/archives/16.3/raschke/
weaver,https://jcrt.org/archives/16.3/weaver/
17.1,https://jcrt.org/archives/17.1/
beiner,https://jcrt.org/archives/17.1/beiner/
bielik,https://jcrt.org/archives/17.1/bielik/
caputo,https://jcrt.org/archives/17.1/caputo/
dean,https://jcrt.org/archives/17.1/dean/
fitzgerald,https://jcrt.org/archives/17.1/fitzgerald/
keller,https://jcrt.org/archives/17.1/keller/
muraca,https://jcrt.org/archives/17.1/muraca/
ogunnaike,https://jcrt.org/archives/17.1/ogunnaike/
raschke,https://jcrt.org/archives/17.1/raschke/
richard,https://jcrt.org/archives/17.1/richard/
taylor,https://jcrt.org/archives/17.1/taylor/
17.2,https://jcrt.org/archives/17.2/
Omurchadha,https://jcrt.org/archives/17.2/Omurchadha/
alvis,https://jcrt.org/archives/17.2/alvis/
bornemark,https://jcrt.org/archives/17.2/bornemark/
dewarren,https://jcrt.org/archives/17.2/dewarren/
dodd,https://jcrt.org/archives/17.2/dodd/
evink,https://jcrt.org/archives/17.2/evink/
gschwandtner,https://jcrt.org/archives/17.2/gschwandtner/
hagedorn_staudigl,https://jcrt.org/archives/17.2/hagedorn_staudigl/
hart,https://jcrt.org/archives/17.2/hart/
klun,https://jcrt.org/archives/17.2/klun/
leclercq,https://jcrt.org/archives/17.2/leclercq/
marion,https://jcrt.org/archives/17.2/marion/
mensch,https://jcrt.org/archives/17.2/mensch/
prole,https://jcrt.org/archives/17.2/prole/
rivera,https://jcrt.org/archives/17.2/rivera/
17.3,https://jcrt.org/archives/17.3/
backman,https://jcrt.org/archives/17.3/backman/
beddard,https://jcrt.org/archives/17.3/beddard/
datar,https://jcrt.org/archives/17.3/datar/
davis,https://jcrt.org/archives/17.3/davis/
green,https://jcrt.org/archives/17.3/green/
kavoulakos,https://jcrt.org/archives/17.3/kavoulakos/
lawrence,https://jcrt.org/archives/17.3/lawrence/
rhodes,https://jcrt.org/archives/17.3/rhodes/
schmidt,https://jcrt.org/archives/17.3/schmidt/
soni,https://jcrt.org/archives/17.3/soni/
tutt,https://jcrt.org/archives/17.3/tutt/
yonker,https://jcrt.org/archives/17.3/yonker/
18.1,https://jcrt.org/archives/18.1/
appel,https://jcrt.org/archives/18.1/appel/
bios,https://jcrt.org/archives/18.1/bios/
burke,https://jcrt.org/archives/18.1/burke/
burke2,https://jcrt.org/archives/18.1/burke2/
cook,https://jcrt.org/archives/18.1/cook/
delay,https://jcrt.org/archives/18.1/delay/
green,https://jcrt.org/archives/18.1/green/
komkov,https://jcrt.org/archives/18.1/komkov/
komkov2,https://jcrt.org/archives/18.1/komkov2/
koser,https://jcrt.org/archives/18.1/koser/
l_land,https://jcrt.org/archives/18.1/l_land/
loland1,https://jcrt.org/archives/18.1/loland1/
mcandrew,https://jcrt.org/archives/18.1/mcandrew/
pederson,https://jcrt.org/archives/18.1/pederson/
ramos,https://jcrt.org/archives/18.1/ramos/
ramos1,https://jcrt.org/archives/18.1/ramos1/
richard,https://jcrt.org/archives/18.1/richard/
sharma,https://jcrt.org/archives/18.1/sharma/
sharma2,https://jcrt.org/archives/18.1/sharma2/
spickard,https://jcrt.org/archives/18.1/spickard/
spickard2,https://jcrt.org/archives/18.1/spickard2/
18.2,https://jcrt.org/archives/18.2/
Konigsburg,https://jcrt.org/archives/18.2/Konigsburg/
bios,https://jcrt.org/archives/18.2/bios/
deroo,https://jcrt.org/archives/18.2/deroo/
fishley,https://jcrt.org/archives/18.2/fishley/
giardino,https://jcrt.org/archives/18.2/giardino/
graham,https://jcrt.org/archives/18.2/graham/
green,https://jcrt.org/archives/18.2/green/
guerriero,https://jcrt.org/archives/18.2/guerriero/
harrison,https://jcrt.org/archives/18.2/harrison/
hovorun,https://jcrt.org/archives/18.2/hovorun/
lewis,https://jcrt.org/archives/18.2/lewis/
mcavan,https://jcrt.org/archives/18.2/mcavan/
oliver,https://jcrt.org/archives/18.2/oliver/
pessin,https://jcrt.org/archives/18.2/pessin/
prewitt-davis,https://jcrt.org/archives/18.2/prewitt-davis/
samuel,https://jcrt.org/archives/18.2/samuel/
stanton,https://jcrt.org/archives/18.2/stanton/
trozzo,https://jcrt.org/archives/18.2/trozzo/
vaino,https://jcrt.org/archives/18.2/vaino/
18.3,https://jcrt.org/archives/18.3/
bios,https://jcrt.org/archives/18.3/bios/
burley,https://jcrt.org/archives/18.3/burley/
cisney,https://jcrt.org/archives/18.3/cisney/
deibl,https://jcrt.org/archives/18.3/deibl/
goggin,https://jcrt.org/archives/18.3/goggin/
haynes,https://jcrt.org/archives/18.3/haynes/
jones,https://jcrt.org/archives/18.3/jones/
mccracken,https://jcrt.org/archives/18.3/mccracken/
murphy,https://jcrt.org/archives/18.3/murphy/
onishi,https://jcrt.org/archives/18.3/onishi/
roberts,https://jcrt.org/archives/18.3/roberts/
roberts_hayden,https://jcrt.org/archives/18.3/roberts_hayden/
robertsandhayden,https://jcrt.org/archives/18.3/robertsandhayden/
rubenstein,https://jcrt.org/archives/18.3/rubenstein/
ruetenik,https://jcrt.org/archives/18.3/ruetenik/
tarleton,https://jcrt.org/archives/18.3/tarleton/
19.1,https://jcrt.org/archives/19.1/
bios,https://jcrt.org/archives/19.1/bios/
casey,https://jcrt.org/archives/19.1/casey/
cobb,https://jcrt.org/archives/19.1/cobb/
dise,https://jcrt.org/archives/19.1/dise/
feld,https://jcrt.org/archives/19.1/feld/
franke,https://jcrt.org/archives/19.1/franke/
hart,https://jcrt.org/archives/19.1/hart/
hass,https://jcrt.org/archives/19.1/hass/
jennings,https://jcrt.org/archives/19.1/jennings/
mccullough,https://jcrt.org/archives/19.1/mccullough/
quasha,https://jcrt.org/archives/19.1/quasha/
raschke,https://jcrt.org/archives/19.1/raschke/
redell,https://jcrt.org/archives/19.1/redell/
rubenstein,https://jcrt.org/archives/19.1/rubenstein/
schroeder,https://jcrt.org/archives/19.1/schroeder/
taylor,https://jcrt.org/archives/19.1/taylor/
wolfson,https://jcrt.org/archives/19.1/wolfson/
19.2,https://jcrt.org/archives/19.2/
bios,https://jcrt.org/archives/19.2/bios/
green,https://jcrt.org/archives/19.2/green/
hackett,https://jcrt.org/archives/19.2/hackett/
hurley,https://jcrt.org/archives/19.2/hurley/
hyman,https://jcrt.org/archives/19.2/hyman/
maltby,https://jcrt.org/archives/19.2/maltby/
marion,https://jcrt.org/archives/19.2/marion/
mcavan,https://jcrt.org/archives/19.2/mcavan/
molla,https://jcrt.org/archives/19.2/molla/
murphy,https://jcrt.org/archives/19.2/murphy/
rosen,https://jcrt.org/archives/19.2/rosen/
tinker,https://jcrt.org/archives/19.2/tinker/
19.3,https://jcrt.org/archives/19.3/
1-britt,https://jcrt.org/archives/19.3/1-britt/
2-almog,https://jcrt.org/archives/19.3/2-almog/
3-britt,https://jcrt.org/archives/19.3/3-britt/
4-green,https://jcrt.org/archives/19.3/4-green/
5-leibovic,https://jcrt.org/archives/19.3/5-leibovic/
6-rotlevy,https://jcrt.org/archives/19.3/6-rotlevy/
7-salzani,https://jcrt.org/archives/19.3/7-salzani/
8-weidner,https://jcrt.org/archives/19.3/8-weidner/
bios,https://jcrt.org/archives/19.3/bios/
lebovic,https://jcrt.org/archives/19.3/lebovic/
20.1,https://jcrt.org/archives/20.1/
ball,https://jcrt.org/archives/20.1/ball/
bedford,https://jcrt.org/archives/20.1/bedford/
bios,https://jcrt.org/archives/20.1/bios/
conroy,https://jcrt.org/archives/20.1/conroy/
lacey,https://jcrt.org/archives/20.1/lacey/
maeshiro,https://jcrt.org/archives/20.1/maeshiro/
mcmaken,https://jcrt.org/archives/20.1/mcmaken/
reiser,https://jcrt.org/archives/20.1/reiser/
urquidez,https://jcrt.org/archives/20.1/urquidez/
willis,https://jcrt.org/archives/20.1/willis/
20.2,https://jcrt.org/archives/20.2/
bios,https://jcrt.org/archives/20.2/bios/
praise,https://jcrt.org/archives/20.2/praise/
20.3,https://jcrt.org/archives/20.3/
bios,https://jcrt.org/archives/20.3/bios/
boulting,https://jcrt.org/archives/20.3/boulting/
cuda,https://jcrt.org/archives/20.3/cuda/
decoloniality,https://jcrt.org/archives/20.3/decoloniality/
felese,https://jcrt.org/archives/20.3/felese/
holdier,https://jcrt.org/archives/20.3/holdier/
kline,https://jcrt.org/archives/20.3/kline/
klug,https://jcrt.org/archives/20.3/klug/
walsh_mignolo_herrero_tinker,https://jcrt.org/archives/20.3/walsh_mignolo_herrero_tinker/
21.1,https://jcrt.org/archives/21.1/
bakker,https://jcrt.org/archives/21.1/bakker/
bios,https://jcrt.org/archives/21.1/bios/
boulting,https://jcrt.org/archives/21.1/boulting/
burkette,https://jcrt.org/archives/21.1/burkette/
marinho,https://jcrt.org/archives/21.1/marinho/
raubach,https://jcrt.org/archives/21.1/raubach/
sirota,https://jcrt.org/archives/21.1/sirota/
skof,https://jcrt.org/archives/21.1/skof/
21.2,https://jcrt.org/archives/21.2/
afridi,https://jcrt.org/archives/21.2/afridi/
arnold,https://jcrt.org/archives/21.2/arnold/
bios,https://jcrt.org/archives/21.2/bios/
macdonald,https://jcrt.org/archives/21.2/macdonald/
molla,https://jcrt.org/archives/21.2/molla/
taylor,https://jcrt.org/archives/21.2/taylor/
walker,https://jcrt.org/archives/21.2/walker/
wood,https://jcrt.org/archives/21.2/wood/
21.3,https://jcrt.org/archives/21.3/
bielik_robson,https://jcrt.org/archives/21.3/bielik_robson/
bios,https://jcrt.org/archives/21.3/bios/
bradley,https://jcrt.org/archives/21.3/bradley/
bradley0,https://jcrt.org/archives/21.3/bradley0/
bradley1,https://jcrt.org/archives/21.3/bradley1/
bradley2,https://jcrt.org/archives/21.3/bradley2/
bradley3,https://jcrt.org/archives/21.3/bradley3/
bradley4,https://jcrt.org/archives/21.3/bradley4/
bradley5,https://jcrt.org/archives/21.3/bradley5/
bradley6,https://jcrt.org/archives/21.3/bradley6/
bradley7,https://jcrt.org/archives/21.3/bradley7/
bradley8,https://jcrt.org/archives/21.3/bradley8/
bradley_2,https://jcrt.org/archives/21.3/bradley_2/
bradley_3,https://jcrt.org/archives/21.3/bradley_3/
gildea,https://jcrt.org/archives/21.3/gildea/
johnston,https://jcrt.org/archives/21.3/johnston/
meganck,https://jcrt.org/archives/21.3/meganck/
nedoh,https://jcrt.org/archives/21.3/nedoh/
raschke,https://jcrt.org/archives/21.3/raschke/
simon,https://jcrt.org/archives/21.3/simon/
22.1,https://jcrt.org/archives/22.1/
auer,https://jcrt.org/archives/22.1/auer/
edlinger,https://jcrt.org/archives/22.1/edlinger/
gaetano,https://jcrt.org/archives/22.1/gaetano/
grane,https://jcrt.org/archives/22.1/grane/
hujing,https://jcrt.org/archives/22.1/hujing/
magnasco,https://jcrt.org/archives/22.1/magnasco/
patry,https://jcrt.org/archives/22.1/patry/
quell,https://jcrt.org/archives/22.1/quell/
sedmak,https://jcrt.org/archives/22.1/sedmak/
westin_sedmak,https://jcrt.org/archives/22.1/westin_sedmak/
wurts,https://jcrt.org/archives/22.1/wurts/
22.2,https://jcrt.org/archives/22.2/
bios,https://jcrt.org/archives/22.2/bios/
byng,https://jcrt.org/archives/22.2/byng/
dubus,https://jcrt.org/archives/22.2/dubus/
hall,https://jcrt.org/archives/22.2/hall/
howes,https://jcrt.org/archives/22.2/howes/
keller_raschke,https://jcrt.org/archives/22.2/keller_raschke/
raschke,https://jcrt.org/archives/22.2/raschke/
singh,https://jcrt.org/archives/22.2/singh/
23.1,https://jcrt.org/archives/23.1/
bios,https://jcrt.org/archives/23.1/bios/
durante,https://jcrt.org/archives/23.1/durante/
grane,https://jcrt.org/archives/23.1/grane/
hujing,https://jcrt.org/archives/23.1/hujing/
johnson,https://jcrt.org/archives/23.1/johnson/
kaur,https://jcrt.org/archives/23.1/kaur/
massaro,https://jcrt.org/archives/23.1/massaro/
mather,https://jcrt.org/archives/23.1/mather/
mckanan,https://jcrt.org/archives/23.1/mckanan/
monson,https://jcrt.org/archives/23.1/monson/
pope,https://jcrt.org/archives/23.1/pope/
prewitt_davis,https://jcrt.org/archives/23.1/prewitt_davis/
23.2,https://jcrt.org/archives/23.2/
arnold,https://jcrt.org/archives/23.2/arnold/
bios,https://jcrt.org/archives/23.2/bios/
marks,https://jcrt.org/archives/23.2/marks/
porter,https://jcrt.org/archives/23.2/porter/
raschke,https://jcrt.org/archives/23.2/raschke/
sendag,https://jcrt.org/archives/23.2/sendag/
24.1,https://jcrt.org/archives/24.1/
abstracts,https://jcrt.org/archives/24.1/abstracts/
bios,https://jcrt.org/archives/24.1/bios/
daga,https://jcrt.org/archives/24.1/daga/
durante,https://jcrt.org/archives/24.1/durante/
godazgar,https://jcrt.org/archives/24.1/godazgar/
grammenou,https://jcrt.org/archives/24.1/grammenou/
grane,https://jcrt.org/archives/24.1/grane/
harwood,https://jcrt.org/archives/24.1/harwood/
phelps,https://jcrt.org/archives/24.1/phelps/
ruan,https://jcrt.org/archives/24.1/ruan/
silverstein,https://jcrt.org/archives/24.1/silverstein/
24.2,https://jcrt.org/archives/24.2/
alencar,https://jcrt.org/archives/24.2/alencar/
author-bios,https://jcrt.org/archives/24.2/author-bios/
barry,https://jcrt.org/archives/24.2/barry/
berlin,https://jcrt.org/archives/24.2/berlin/
callan,https://jcrt.org/archives/24.2/callan/
chaness,https://jcrt.org/archives/24.2/chaness/
felese,https://jcrt.org/archives/24.2/felese/
hurtado,https://jcrt.org/archives/24.2/hurtado/
introduction,https://jcrt.org/archives/24.2/introduction/
jimenez,https://jcrt.org/archives/24.2/jimenez/
lakshmi,https://jcrt.org/archives/24.2/lakshmi/
modrow,https://jcrt.org/archives/24.2/modrow/
nagle,https://jcrt.org/archives/24.2/nagle/
nahar,https://jcrt.org/archives/24.2/nahar/
preface,https://jcrt.org/archives/24.2/preface/
radhakrishnan,https://jcrt.org/archives/24.2/radhakrishnan/
somayajula,https://jcrt.org/archives/24.2/somayajula/
trinkauskaite,https://jcrt.org/archives/24.2/trinkauskaite/
wagner,https://jcrt.org/archives/24.2/wagner/
25.1,https://jcrt.org/archives/25.1/
conclusion,https://jcrt.org/archives/25.1/conclusion/
derrico,https://jcrt.org/archives/25.1/derrico/
goudy,https://jcrt.org/archives/25.1/goudy/
heath,https://jcrt.org/archives/25.1/heath/
miller,https://jcrt.org/archives/25.1/miller/
newcomb,https://jcrt.org/archives/25.1/newcomb/
postscript,https://jcrt.org/archives/25.1/postscript/
rodgers-falk,https://jcrt.org/archives/25.1/rodgers-falk/
schwartzberg,https://jcrt.org/archives/25.1/schwartzberg/
25.2,https://jcrt.org/archives/25.2/
alikhani,https://jcrt.org/archives/25.2/alikhani/
bell,https://jcrt.org/archives/25.2/bell/
cheung,https://jcrt.org/archives/25.2/cheung/
gilbert,https://jcrt.org/archives/25.2/gilbert/
hall,https://jcrt.org/archives/25.2/hall/
lockhart,https://jcrt.org/archives/25.2/lockhart/
raschke,https://jcrt.org/archives/25.2/raschke/
shane,https://jcrt.org/archives/25.2/shane/
spencer,https://jcrt.org/archives/25.2/spencer/
valentini,https://jcrt.org/archives/25.2/valentini/
keywords,https://jcrt.org/archives/keywords/
0030-600,https://jcrt.org/archives/keywords/0030-600/
1416-1492,https://jcrt.org/archives/keywords/1416-1492/
1475-1564,https://jcrt.org/archives/keywords/1475-1564/
1500,https://jcrt.org/archives/keywords/1500/
1564-1616-characters-shylock,https://jcrt.org/archives/keywords/1564-1616-characters-shylock/
1564-1616-characters,https://jcrt.org/archives/keywords/1564-1616-characters/
1564-1616-plays,https://jcrt.org/archives/keywords/1564-1616-plays/
1623-1662,https://jcrt.org/archives/keywords/1623-1662/
1625-1661,https://jcrt.org/archives/keywords/1625-1661/
1632-1677,https://jcrt.org/archives/keywords/1632-1677/
1668-1744,https://jcrt.org/archives/keywords/1668-1744/
1711-1776,https://jcrt.org/archives/keywords/1711-1776/
1712-1778,https://jcrt.org/archives/keywords/1712-1778/
1724-1804,https://jcrt.org/archives/keywords/1724-1804/
1748-1825,https://jcrt.org/archives/keywords/1748-1825/
1748-1832,https://jcrt.org/archives/keywords/1748-1832/
1768-1834,https://jcrt.org/archives/keywords/1768-1834/
1770-1831,https://jcrt.org/archives/keywords/1770-1831/
1775-1854,https://jcrt.org/archives/keywords/1775-1854/
1804-1872,https://jcrt.org/archives/keywords/1804-1872/
1813-1855,https://jcrt.org/archives/keywords/1813-1855/
1818-1883,https://jcrt.org/archives/keywords/1818-1883/
1837-1905,https://jcrt.org/archives/keywords/1837-1905/
1842-1918,https://jcrt.org/archives/keywords/1842-1918/
1844-1900,https://jcrt.org/archives/keywords/1844-1900/
1850-1928,https://jcrt.org/archives/keywords/1850-1928/
1856-1939,https://jcrt.org/archives/keywords/1856-1939/
1859-1938,https://jcrt.org/archives/keywords/1859-1938/
1859-1941,https://jcrt.org/archives/keywords/1859-1941/
1859-1952,https://jcrt.org/archives/keywords/1859-1952/
1861-1947,https://jcrt.org/archives/keywords/1861-1947/
1866-1946,https://jcrt.org/archives/keywords/1866-1946/
1872-1950,https://jcrt.org/archives/keywords/1872-1950/
1874-1928,https://jcrt.org/archives/keywords/1874-1928/
1874-1945,https://jcrt.org/archives/keywords/1874-1945/
1879-1955,https://jcrt.org/archives/keywords/1879-1955/
1883-1924,https://jcrt.org/archives/keywords/1883-1924/
1886-1929,https://jcrt.org/archives/keywords/1886-1929/
1886-1961-bibliography,https://jcrt.org/archives/keywords/1886-1961-bibliography/
1886-1961,https://jcrt.org/archives/keywords/1886-1961/
1886-1965,https://jcrt.org/archives/keywords/1886-1965/
1887-1914,https://jcrt.org/archives/keywords/1887-1914/
1888-1948,https://jcrt.org/archives/keywords/1888-1948/
1888-1966,https://jcrt.org/archives/keywords/1888-1966/
1888-1985,https://jcrt.org/archives/keywords/1888-1985/
1889-1951,https://jcrt.org/archives/keywords/1889-1951/
1889-1976,https://jcrt.org/archives/keywords/1889-1976/
1891-1937,https://jcrt.org/archives/keywords/1891-1937/
1892-1940,https://jcrt.org/archives/keywords/1892-1940/
1895-1963,https://jcrt.org/archives/keywords/1895-1963/
1897-1962,https://jcrt.org/archives/keywords/1897-1962/
1898-1963,https://jcrt.org/archives/keywords/1898-1963/
1899-1979,https://jcrt.org/archives/keywords/1899-1979/
1900,https://jcrt.org/archives/keywords/1900/
1901-1981,https://jcrt.org/archives/keywords/1901-1981/
1902-1989,https://jcrt.org/archives/keywords/1902-1989/
1903-1969,https://jcrt.org/archives/keywords/1903-1969/
1903-1979,https://jcrt.org/archives/keywords/1903-1979/
1905-1980,https://jcrt.org/archives/keywords/1905-1980/
1906-1945,https://jcrt.org/archives/keywords/1906-1945/
1906-1975,https://jcrt.org/archives/keywords/1906-1975/
1906-1977,https://jcrt.org/archives/keywords/1906-1977/
1906-1989,https://jcrt.org/archives/keywords/1906-1989/
1906-1995,https://jcrt.org/archives/keywords/1906-1995/
1907-1977,https://jcrt.org/archives/keywords/1907-1977/
1907-1986,https://jcrt.org/archives/keywords/1907-1986/
1907-2003,https://jcrt.org/archives/keywords/1907-2003/
1908-1961,https://jcrt.org/archives/keywords/1908-1961/
1909-1943,https://jcrt.org/archives/keywords/1909-1943/
1909-1992,https://jcrt.org/archives/keywords/1909-1992/
1912-1991,https://jcrt.org/archives/keywords/1912-1991/
1913-2005,https://jcrt.org/archives/keywords/1913-2005/
1915-1999,https://jcrt.org/archives/keywords/1915-1999/
1916-2000,https://jcrt.org/archives/keywords/1916-2000/
1917-2003,https://jcrt.org/archives/keywords/1917-2003/
1918-1933,https://jcrt.org/archives/keywords/1918-1933/
1919-1983,https://jcrt.org/archives/keywords/1919-1983/
1919-1988,https://jcrt.org/archives/keywords/1919-1988/
1919-2004,https://jcrt.org/archives/keywords/1919-2004/
1921-1997,https://jcrt.org/archives/keywords/1921-1997/
1922-1975,https://jcrt.org/archives/keywords/1922-1975/
1923-2015,https://jcrt.org/archives/keywords/1923-2015/
1923-2018,https://jcrt.org/archives/keywords/1923-2018/
1924-1998,https://jcrt.org/archives/keywords/1924-1998/
1924-2012,https://jcrt.org/archives/keywords/1924-2012/
1924-2016,https://jcrt.org/archives/keywords/1924-2016/
1924-bibliography,https://jcrt.org/archives/keywords/1924-bibliography/
1925-1986,https://jcrt.org/archives/keywords/1925-1986/
1925-1995,https://jcrt.org/archives/keywords/1925-1995/
1925,https://jcrt.org/archives/keywords/1925/
1926-1984,https://jcrt.org/archives/keywords/1926-1984/
1926-2006,https://jcrt.org/archives/keywords/1926-2006/
1926-2016,https://jcrt.org/archives/keywords/1926-2016/
1926-2018,https://jcrt.org/archives/keywords/1926-2018/
1926-2020,https://jcrt.org/archives/keywords/1926-2020/
1927-2012,https://jcrt.org/archives/keywords/1927-2012/
1927-2013,https://jcrt.org/archives/keywords/1927-2013/
1927-2018,https://jcrt.org/archives/keywords/1927-2018/
1928-1987,https://jcrt.org/archives/keywords/1928-1987/
1928,https://jcrt.org/archives/keywords/1928/
1929-2007,https://jcrt.org/archives/keywords/1929-2007/
1929,https://jcrt.org/archives/keywords/1929/
1930-1989,https://jcrt.org/archives/keywords/1930-1989/
1930-2002,https://jcrt.org/archives/keywords/1930-2002/
1930-2004,https://jcrt.org/archives/keywords/1930-2004/
1931-1994,https://jcrt.org/archives/keywords/1931-1994/
1932-2016,https://jcrt.org/archives/keywords/1932-2016/
1933-2023,https://jcrt.org/archives/keywords/1933-2023/
1934-2024,https://jcrt.org/archives/keywords/1934-2024/
1934,https://jcrt.org/archives/keywords/1934/
1935-2003-bibliography,https://jcrt.org/archives/keywords/1935-2003-bibliography/
1935-2003,https://jcrt.org/archives/keywords/1935-2003/
1937-2002,https://jcrt.org/archives/keywords/1937-2002/
1937,https://jcrt.org/archives/keywords/1937/
1939-1945,https://jcrt.org/archives/keywords/1939-1945/
1940-2017,https://jcrt.org/archives/keywords/1940-2017/
1940,https://jcrt.org/archives/keywords/1940/
1941,https://jcrt.org/archives/keywords/1941/
1942,https://jcrt.org/archives/keywords/1942/
1943-2005,https://jcrt.org/archives/keywords/1943-2005/
1943,https://jcrt.org/archives/keywords/1943/
1944,https://jcrt.org/archives/keywords/1944/
1946,https://jcrt.org/archives/keywords/1946/
1947-1994,https://jcrt.org/archives/keywords/1947-1994/
1947,https://jcrt.org/archives/keywords/1947/
1949,https://jcrt.org/archives/keywords/1949/
1950,https://jcrt.org/archives/keywords/1950/
1951,https://jcrt.org/archives/keywords/1951/
1953-2008,https://jcrt.org/archives/keywords/1953-2008/
1953,https://jcrt.org/archives/keywords/1953/
1955,https://jcrt.org/archives/keywords/1955/
1956,https://jcrt.org/archives/keywords/1956/
1957-2011,https://jcrt.org/archives/keywords/1957-2011/
1958-2012,https://jcrt.org/archives/keywords/1958-2012/
1959,https://jcrt.org/archives/keywords/1959/
1960,https://jcrt.org/archives/keywords/1960/
1961,https://jcrt.org/archives/keywords/1961/
1962,https://jcrt.org/archives/keywords/1962/
1963-2005,https://jcrt.org/archives/keywords/1963-2005/
1963,https://jcrt.org/archives/keywords/1963/
1965,https://jcrt.org/archives/keywords/1965/
1966,https://jcrt.org/archives/keywords/1966/
1968,https://jcrt.org/archives/keywords/1968/
1969,https://jcrt.org/archives/keywords/1969/
1972,https://jcrt.org/archives/keywords/1972/
1976,https://jcrt.org/archives/keywords/1976/
1978,https://jcrt.org/archives/keywords/1978/
2000,https://jcrt.org/archives/keywords/2000/
2001-2009-prisoners-and-prisons,https://jcrt.org/archives/keywords/2001-2009-prisoners-and-prisons/
2001-2009,https://jcrt.org/archives/keywords/2001-2009/
2001,https://jcrt.org/archives/keywords/2001/
2008-2009,https://jcrt.org/archives/keywords/2008-2009/
2022,https://jcrt.org/archives/keywords/2022/
28-days-later-film,https://jcrt.org/archives/keywords/28-days-later-film/
354-430-biblical-interpretation,https://jcrt.org/archives/keywords/354-430-biblical-interpretation/
354-430-philosophy,https://jcrt.org/archives/keywords/354-430-philosophy/
354-430-political-and-social-views,https://jcrt.org/archives/keywords/354-430-political-and-social-views/
354-430-theology-creation,https://jcrt.org/archives/keywords/354-430-theology-creation/
354-430-theology-grace,https://jcrt.org/archives/keywords/354-430-theology-grace/
384-322-b-c,https://jcrt.org/archives/keywords/384-322-b-c/
a-book,https://jcrt.org/archives/keywords/a-book/
a-di-granth,https://jcrt.org/archives/keywords/a-di-granth/
a-theology,https://jcrt.org/archives/keywords/a-theology/
aaron-simmons,https://jcrt.org/archives/keywords/aaron-simmons/
abhinavagupta,https://jcrt.org/archives/keywords/abhinavagupta/
abomination,https://jcrt.org/archives/keywords/abomination/
abortion,https://jcrt.org/archives/keywords/abortion/
abraham-and-isaac,https://jcrt.org/archives/keywords/abraham-and-isaac/
abraham-lincoln,https://jcrt.org/archives/keywords/abraham-lincoln/
abraham,https://jcrt.org/archives/keywords/abraham/
abrahamic-religions,https://jcrt.org/archives/keywords/abrahamic-religions/
absolute-nothingness,https://jcrt.org/archives/keywords/absolute-nothingness/
absolute-spirit,https://jcrt.org/archives/keywords/absolute-spirit/
absolute,https://jcrt.org/archives/keywords/absolute/
abstract-art,https://jcrt.org/archives/keywords/abstract-art/
abstraction-psychology,https://jcrt.org/archives/keywords/abstraction-psychology/
academic-discourse,https://jcrt.org/archives/keywords/academic-discourse/
academic-freedom,https://jcrt.org/archives/keywords/academic-freedom/
academic-labor,https://jcrt.org/archives/keywords/academic-labor/
accessibility,https://jcrt.org/archives/keywords/accessibility/
accountability,https://jcrt.org/archives/keywords/accountability/
acknowledgment,https://jcrt.org/archives/keywords/acknowledgment/
act-philosophy,https://jcrt.org/archives/keywords/act-philosophy/
action-theory,https://jcrt.org/archives/keywords/action-theory/
active-learning,https://jcrt.org/archives/keywords/active-learning/
activism,https://jcrt.org/archives/keywords/activism/
actual-occupancy-and-possession,https://jcrt.org/archives/keywords/actual-occupancy-and-possession/
adaptation,https://jcrt.org/archives/keywords/adaptation/
administration-of-education-programs,https://jcrt.org/archives/keywords/administration-of-education-programs/
administration-of-general-economic-programs,https://jcrt.org/archives/keywords/administration-of-general-economic-programs/
administration-of-veterans-affairs,https://jcrt.org/archives/keywords/administration-of-veterans-affairs/
administration-of,https://jcrt.org/archives/keywords/administration-of/
adolf-von-harnack,https://jcrt.org/archives/keywords/adolf-von-harnack/
adoption,https://jcrt.org/archives/keywords/adoption/
adorno,https://jcrt.org/archives/keywords/adorno/
aesthetic-autonomy,https://jcrt.org/archives/keywords/aesthetic-autonomy/
aesthetic-education,https://jcrt.org/archives/keywords/aesthetic-education/
aesthetic-judgment,https://jcrt.org/archives/keywords/aesthetic-judgment/
aesthetic-theory,https://jcrt.org/archives/keywords/aesthetic-theory/
aesthetics,https://jcrt.org/archives/keywords/aesthetics/
affective-resistance,https://jcrt.org/archives/keywords/affective-resistance/
affirmation,https://jcrt.org/archives/keywords/affirmation/
african-americans,https://jcrt.org/archives/keywords/african-americans/
african-diaspora,https://jcrt.org/archives/keywords/african-diaspora/
african-independent-churches,https://jcrt.org/archives/keywords/african-independent-churches/
agamben,https://jcrt.org/archives/keywords/agamben/
agape,https://jcrt.org/archives/keywords/agape/
agata-bielik-robson,https://jcrt.org/archives/keywords/agata-bielik-robson/
agata,https://jcrt.org/archives/keywords/agata/
age-of-exploration,https://jcrt.org/archives/keywords/age-of-exploration/
agonism-political-science,https://jcrt.org/archives/keywords/agonism-political-science/
agriculture-history,https://jcrt.org/archives/keywords/agriculture-history/
ahimsa,https://jcrt.org/archives/keywords/ahimsa/
aikin,https://jcrt.org/archives/keywords/aikin/
ajzenstat,https://jcrt.org/archives/keywords/ajzenstat/
al-andalus,https://jcrt.org/archives/keywords/al-andalus/
alain-badiou,https://jcrt.org/archives/keywords/alain-badiou/
alain-bibliography,https://jcrt.org/archives/keywords/alain-bibliography/
alain,https://jcrt.org/archives/keywords/alain/
alasdair-macintyre,https://jcrt.org/archives/keywords/alasdair-macintyre/
albert-schweitzer,https://jcrt.org/archives/keywords/albert-schweitzer/
albert,https://jcrt.org/archives/keywords/albert/
alchemy-of-the-word-book,https://jcrt.org/archives/keywords/alchemy-of-the-word-book/
alchemy,https://jcrt.org/archives/keywords/alchemy/
alenka,https://jcrt.org/archives/keywords/alenka/
alex,https://jcrt.org/archives/keywords/alex/
alfred-hitchcock,https://jcrt.org/archives/keywords/alfred-hitchcock/
alfred-north-whitehead,https://jcrt.org/archives/keywords/alfred-north-whitehead/
alfred-north,https://jcrt.org/archives/keywords/alfred-north/
ali-hval,https://jcrt.org/archives/keywords/ali-hval/
ali,https://jcrt.org/archives/keywords/ali/
alice-s-adventures-in-wonderland-book-carroll,https://jcrt.org/archives/keywords/alice-s-adventures-in-wonderland-book-carroll/
alienation-philosophy,https://jcrt.org/archives/keywords/alienation-philosophy/
all-other-miscellaneous-schools-and-instruction,https://jcrt.org/archives/keywords/all-other-miscellaneous-schools-and-instruction/
all-other-outpatient-care-centers,https://jcrt.org/archives/keywords/all-other-outpatient-care-centers/
all-other-personal-services,https://jcrt.org/archives/keywords/all-other-personal-services/
allegory,https://jcrt.org/archives/keywords/allegory/
allen,https://jcrt.org/archives/keywords/allen/
aloneness,https://jcrt.org/archives/keywords/aloneness/
alterity,https://jcrt.org/archives/keywords/alterity/
alternative-dwelling,https://jcrt.org/archives/keywords/alternative-dwelling/
alternative-religion,https://jcrt.org/archives/keywords/alternative-religion/
altizer,https://jcrt.org/archives/keywords/altizer/
altruism,https://jcrt.org/archives/keywords/altruism/
alvin-plantinga,https://jcrt.org/archives/keywords/alvin-plantinga/
amazon-forest,https://jcrt.org/archives/keywords/amazon-forest/
ambiguity,https://jcrt.org/archives/keywords/ambiguity/
ambivalence,https://jcrt.org/archives/keywords/ambivalence/
america,https://jcrt.org/archives/keywords/america/
american-academy-of-religion,https://jcrt.org/archives/keywords/american-academy-of-religion/
american-christianity,https://jcrt.org/archives/keywords/american-christianity/
american-empire,https://jcrt.org/archives/keywords/american-empire/
american-identity,https://jcrt.org/archives/keywords/american-identity/
american-indian-liberation-theology,https://jcrt.org/archives/keywords/american-indian-liberation-theology/
american-liberal-theology,https://jcrt.org/archives/keywords/american-liberal-theology/
american-literature,https://jcrt.org/archives/keywords/american-literature/
american-philosophy,https://jcrt.org/archives/keywords/american-philosophy/
american-poetry,https://jcrt.org/archives/keywords/american-poetry/
american-politics,https://jcrt.org/archives/keywords/american-politics/
american-religion,https://jcrt.org/archives/keywords/american-religion/
american-south,https://jcrt.org/archives/keywords/american-south/
american-theologians,https://jcrt.org/archives/keywords/american-theologians/
american,https://jcrt.org/archives/keywords/american/
amy-hollywood,https://jcrt.org/archives/keywords/amy-hollywood/
analogy,https://jcrt.org/archives/keywords/analogy/
analytic-philosophy,https://jcrt.org/archives/keywords/analytic-philosophy/
anarchism,https://jcrt.org/archives/keywords/anarchism/
anatheism,https://jcrt.org/archives/keywords/anatheism/
anatomical-exhibition,https://jcrt.org/archives/keywords/anatomical-exhibition/
anaximander,https://jcrt.org/archives/keywords/anaximander/
ancestors,https://jcrt.org/archives/keywords/ancestors/
ancestral-land,https://jcrt.org/archives/keywords/ancestral-land/
ancient-philosophy,https://jcrt.org/archives/keywords/ancient-philosophy/
ancient-wisdom,https://jcrt.org/archives/keywords/ancient-wisdom/
and-professional-schools,https://jcrt.org/archives/keywords/and-professional-schools/
andrew-newberg,https://jcrt.org/archives/keywords/andrew-newberg/
andrew-rippin,https://jcrt.org/archives/keywords/andrew-rippin/
andy-warhol,https://jcrt.org/archives/keywords/andy-warhol/
andy,https://jcrt.org/archives/keywords/andy/
angels,https://jcrt.org/archives/keywords/angels/
anglican-communion,https://jcrt.org/archives/keywords/anglican-communion/
anglicanism,https://jcrt.org/archives/keywords/anglicanism/
angst,https://jcrt.org/archives/keywords/angst/
animal-rights,https://jcrt.org/archives/keywords/animal-rights/
animals-philosophy,https://jcrt.org/archives/keywords/animals-philosophy/
animism,https://jcrt.org/archives/keywords/animism/
ann-pellegrini,https://jcrt.org/archives/keywords/ann-pellegrini/
anna,https://jcrt.org/archives/keywords/anna/
annunciation,https://jcrt.org/archives/keywords/annunciation/
anonymity-and-pseudonymity,https://jcrt.org/archives/keywords/anonymity-and-pseudonymity/
anonyms-and-pseudonyms,https://jcrt.org/archives/keywords/anonyms-and-pseudonyms/
anouar-majid,https://jcrt.org/archives/keywords/anouar-majid/
antebellum-religious-press,https://jcrt.org/archives/keywords/antebellum-religious-press/
anthony-j,https://jcrt.org/archives/keywords/anthony-j/
anthropology-of-religion,https://jcrt.org/archives/keywords/anthropology-of-religion/
anthropology,https://jcrt.org/archives/keywords/anthropology/
anthropomorphism,https://jcrt.org/archives/keywords/anthropomorphism/
anti-globalization-movement,https://jcrt.org/archives/keywords/anti-globalization-movement/
anti-indian-law,https://jcrt.org/archives/keywords/anti-indian-law/
anti-oedipus-book,https://jcrt.org/archives/keywords/anti-oedipus-book/
anti-racist-pedagogy,https://jcrt.org/archives/keywords/anti-racist-pedagogy/
anti-sublime,https://jcrt.org/archives/keywords/anti-sublime/
antichrist,https://jcrt.org/archives/keywords/antichrist/
anticlericalism,https://jcrt.org/archives/keywords/anticlericalism/
antigone-greek-mythology-in-literature,https://jcrt.org/archives/keywords/antigone-greek-mythology-in-literature/
antisemitism,https://jcrt.org/archives/keywords/antisemitism/
antonio-negri,https://jcrt.org/archives/keywords/antonio-negri/
antonio,https://jcrt.org/archives/keywords/antonio/
anxiety,https://jcrt.org/archives/keywords/anxiety/
aphorisms,https://jcrt.org/archives/keywords/aphorisms/
apocalypse,https://jcrt.org/archives/keywords/apocalypse/
apocalyptic-christianity,https://jcrt.org/archives/keywords/apocalyptic-christianity/
apocalyptic-literature-christian-literature,https://jcrt.org/archives/keywords/apocalyptic-literature-christian-literature/
apocalyptic-theology,https://jcrt.org/archives/keywords/apocalyptic-theology/
apocalypticism,https://jcrt.org/archives/keywords/apocalypticism/
apologetics,https://jcrt.org/archives/keywords/apologetics/
apologists-christians,https://jcrt.org/archives/keywords/apologists-christians/
apophasis,https://jcrt.org/archives/keywords/apophasis/
apophatic-theology,https://jcrt.org/archives/keywords/apophatic-theology/
aporia,https://jcrt.org/archives/keywords/aporia/
apparatus-theory,https://jcrt.org/archives/keywords/apparatus-theory/
appearance-philosophy,https://jcrt.org/archives/keywords/appearance-philosophy/
applied-grammatology,https://jcrt.org/archives/keywords/applied-grammatology/
apprentices,https://jcrt.org/archives/keywords/apprentices/
aquinas,https://jcrt.org/archives/keywords/aquinas/
arab-israeli-conflict,https://jcrt.org/archives/keywords/arab-israeli-conflict/
archetypes,https://jcrt.org/archives/keywords/archetypes/
architecture,https://jcrt.org/archives/keywords/architecture/
archival-materials,https://jcrt.org/archives/keywords/archival-materials/
archives,https://jcrt.org/archives/keywords/archives/
area-studies,https://jcrt.org/archives/keywords/area-studies/
arendt,https://jcrt.org/archives/keywords/arendt/
arianism,https://jcrt.org/archives/keywords/arianism/
ariel-glucklich,https://jcrt.org/archives/keywords/ariel-glucklich/
ariel-salleh,https://jcrt.org/archives/keywords/ariel-salleh/
aristotelianism-philosophy,https://jcrt.org/archives/keywords/aristotelianism-philosophy/
aristotelianism,https://jcrt.org/archives/keywords/aristotelianism/
aristotle-ethics,https://jcrt.org/archives/keywords/aristotle-ethics/
aristotle,https://jcrt.org/archives/keywords/aristotle/
arnold-gehlen,https://jcrt.org/archives/keywords/arnold-gehlen/
arnold,https://jcrt.org/archives/keywords/arnold/
art-and-culture,https://jcrt.org/archives/keywords/art-and-culture/
art-and-religion,https://jcrt.org/archives/keywords/art-and-religion/
art-and-society,https://jcrt.org/archives/keywords/art-and-society/
art-and-technology,https://jcrt.org/archives/keywords/art-and-technology/
art-criticism,https://jcrt.org/archives/keywords/art-criticism/
art-exhibitions,https://jcrt.org/archives/keywords/art-exhibitions/
art-historian,https://jcrt.org/archives/keywords/art-historian/
art-history,https://jcrt.org/archives/keywords/art-history/
art-philosophy,https://jcrt.org/archives/keywords/art-philosophy/
art-prices,https://jcrt.org/archives/keywords/art-prices/
art-themes,https://jcrt.org/archives/keywords/art-themes/
art,https://jcrt.org/archives/keywords/art/
arthur-bradley,https://jcrt.org/archives/keywords/arthur-bradley/
arthur-schopenhauer,https://jcrt.org/archives/keywords/arthur-schopenhauer/
arthur,https://jcrt.org/archives/keywords/arthur/
artificial-intelligence,https://jcrt.org/archives/keywords/artificial-intelligence/
artificial-life,https://jcrt.org/archives/keywords/artificial-life/
artist-interview,https://jcrt.org/archives/keywords/artist-interview/
arts-and-humanities,https://jcrt.org/archives/keywords/arts-and-humanities/
arts-psychology,https://jcrt.org/archives/keywords/arts-psychology/
asanga,https://jcrt.org/archives/keywords/asanga/
asante,https://jcrt.org/archives/keywords/asante/
asceticism-buddhism,https://jcrt.org/archives/keywords/asceticism-buddhism/
asceticism-christianity,https://jcrt.org/archives/keywords/asceticism-christianity/
asceticism,https://jcrt.org/archives/keywords/asceticism/
asia,https://jcrt.org/archives/keywords/asia/
assertion-of-cultural-rights,https://jcrt.org/archives/keywords/assertion-of-cultural-rights/
assisted-dying,https://jcrt.org/archives/keywords/assisted-dying/
assisted-reproduction,https://jcrt.org/archives/keywords/assisted-reproduction/
astrotheology,https://jcrt.org/archives/keywords/astrotheology/
atheism,https://jcrt.org/archives/keywords/atheism/
atheology,https://jcrt.org/archives/keywords/atheology/
atrocities,https://jcrt.org/archives/keywords/atrocities/
attali,https://jcrt.org/archives/keywords/attali/
auditing,https://jcrt.org/archives/keywords/auditing/
augustine,https://jcrt.org/archives/keywords/augustine/
aura,https://jcrt.org/archives/keywords/aura/
auschwitz,https://jcrt.org/archives/keywords/auschwitz/
austria,https://jcrt.org/archives/keywords/austria/
auteur,https://jcrt.org/archives/keywords/auteur/
authenticity-philosophy,https://jcrt.org/archives/keywords/authenticity-philosophy/
authenticity,https://jcrt.org/archives/keywords/authenticity/
authoritarianism,https://jcrt.org/archives/keywords/authoritarianism/
authority-religion,https://jcrt.org/archives/keywords/authority-religion/
autism,https://jcrt.org/archives/keywords/autism/
autobiography,https://jcrt.org/archives/keywords/autobiography/
autonomy,https://jcrt.org/archives/keywords/autonomy/
avant-garde,https://jcrt.org/archives/keywords/avant-garde/
averroes,https://jcrt.org/archives/keywords/averroes/
avital-ronell,https://jcrt.org/archives/keywords/avital-ronell/
axel,https://jcrt.org/archives/keywords/axel/
ayatollah,https://jcrt.org/archives/keywords/ayatollah/
aztec-religion,https://jcrt.org/archives/keywords/aztec-religion/
baccalaureate-addresses,https://jcrt.org/archives/keywords/baccalaureate-addresses/
bacchanalia,https://jcrt.org/archives/keywords/bacchanalia/
bacon,https://jcrt.org/archives/keywords/bacon/
baconianism,https://jcrt.org/archives/keywords/baconianism/
badiou,https://jcrt.org/archives/keywords/badiou/
baltic-religion,https://jcrt.org/archives/keywords/baltic-religion/
baltic-revival,https://jcrt.org/archives/keywords/baltic-revival/
baptism,https://jcrt.org/archives/keywords/baptism/
barbarity,https://jcrt.org/archives/keywords/barbarity/
bare-life,https://jcrt.org/archives/keywords/bare-life/
baroque,https://jcrt.org/archives/keywords/baroque/
baruch-spinoza,https://jcrt.org/archives/keywords/baruch-spinoza/
bataille,https://jcrt.org/archives/keywords/bataille/
battlestar-galactica-television-program-2004-2009,https://jcrt.org/archives/keywords/battlestar-galactica-television-program-2004-2009/
baudrillard,https://jcrt.org/archives/keywords/baudrillard/
beckett,https://jcrt.org/archives/keywords/beckett/
becoming-woman,https://jcrt.org/archives/keywords/becoming-woman/
behavioral-ethics,https://jcrt.org/archives/keywords/behavioral-ethics/
being-and-time,https://jcrt.org/archives/keywords/being-and-time/
being-event-book,https://jcrt.org/archives/keywords/being-event-book/
being-qua-being,https://jcrt.org/archives/keywords/being-qua-being/
being,https://jcrt.org/archives/keywords/being/
belief-doubt,https://jcrt.org/archives/keywords/belief-doubt/
bell-jar,https://jcrt.org/archives/keywords/bell-jar/
bell,https://jcrt.org/archives/keywords/bell/
bellah,https://jcrt.org/archives/keywords/bellah/
benedictus-de,https://jcrt.org/archives/keywords/benedictus-de/
benjamin-franklin,https://jcrt.org/archives/keywords/benjamin-franklin/
benjamin,https://jcrt.org/archives/keywords/benjamin/
bentham,https://jcrt.org/archives/keywords/bentham/
berardi,https://jcrt.org/archives/keywords/berardi/
bergeron,https://jcrt.org/archives/keywords/bergeron/
bergson,https://jcrt.org/archives/keywords/bergson/
bernanos,https://jcrt.org/archives/keywords/bernanos/
bernard-faure,https://jcrt.org/archives/keywords/bernard-faure/
bertrand-russell,https://jcrt.org/archives/keywords/bertrand-russell/
beyond-religion-from-shamanism-to-religion-to-post-religious-spirituality-book,https://jcrt.org/archives/keywords/beyond-religion-from-shamanism-to-religion-to-post-religious-spirituality-book/
beyond-the-pulpit-women-s-rhetorical-roles-in-the-antebellum-religious-press-book,https://jcrt.org/archives/keywords/beyond-the-pulpit-women-s-rhetorical-roles-in-the-antebellum-religious-press-book/
bharatiya-janata-party,https://jcrt.org/archives/keywords/bharatiya-janata-party/
bible-corinthians-i,https://jcrt.org/archives/keywords/bible-corinthians-i/
bible-epistles-of-paul,https://jcrt.org/archives/keywords/bible-epistles-of-paul/
bible-ethics,https://jcrt.org/archives/keywords/bible-ethics/
bible-genesis-12-25,https://jcrt.org/archives/keywords/bible-genesis-12-25/
bible-genesis,https://jcrt.org/archives/keywords/bible-genesis/
bible-in-literature,https://jcrt.org/archives/keywords/bible-in-literature/
bible-in-politics,https://jcrt.org/archives/keywords/bible-in-politics/
bible-job,https://jcrt.org/archives/keywords/bible-job/
bible-john-5-12,https://jcrt.org/archives/keywords/bible-john-5-12/
bible-john,https://jcrt.org/archives/keywords/bible-john/
bible-liturgical-use,https://jcrt.org/archives/keywords/bible-liturgical-use/
bible-new-testament-criticism,https://jcrt.org/archives/keywords/bible-new-testament-criticism/
bible-old-testament-translating,https://jcrt.org/archives/keywords/bible-old-testament-translating/
bible-old-testament-versions,https://jcrt.org/archives/keywords/bible-old-testament-versions/
bible-psalms-90-106,https://jcrt.org/archives/keywords/bible-psalms-90-106/
bible-psalms,https://jcrt.org/archives/keywords/bible-psalms/
bible-reading,https://jcrt.org/archives/keywords/bible-reading/
bible-revelation-theology,https://jcrt.org/archives/keywords/bible-revelation-theology/
bible-romans-12-16,https://jcrt.org/archives/keywords/bible-romans-12-16/
bible-romans-5-8,https://jcrt.org/archives/keywords/bible-romans-5-8/
bible-romans,https://jcrt.org/archives/keywords/bible-romans/
bible-translating,https://jcrt.org/archives/keywords/bible-translating/
bible,https://jcrt.org/archives/keywords/bible/
biblical-criticism,https://jcrt.org/archives/keywords/biblical-criticism/
biblical-faith,https://jcrt.org/archives/keywords/biblical-faith/
biblical-hermeneutics,https://jcrt.org/archives/keywords/biblical-hermeneutics/
biblical-leader,https://jcrt.org/archives/keywords/biblical-leader/
biblical-patriarch,https://jcrt.org/archives/keywords/biblical-patriarch/
biblical-rhetoric,https://jcrt.org/archives/keywords/biblical-rhetoric/
biblical-scholars,https://jcrt.org/archives/keywords/biblical-scholars/
biblical-studies,https://jcrt.org/archives/keywords/biblical-studies/
biblical-theology,https://jcrt.org/archives/keywords/biblical-theology/
bibliographies,https://jcrt.org/archives/keywords/bibliographies/
bielik-robson,https://jcrt.org/archives/keywords/bielik-robson/
bill-of-rights,https://jcrt.org/archives/keywords/bill-of-rights/
bin-laden,https://jcrt.org/archives/keywords/bin-laden/
binary-principle-linguistics,https://jcrt.org/archives/keywords/binary-principle-linguistics/
bioethics,https://jcrt.org/archives/keywords/bioethics/
biogenetic-ties,https://jcrt.org/archives/keywords/biogenetic-ties/
biographies,https://jcrt.org/archives/keywords/biographies/
biological-relatedness,https://jcrt.org/archives/keywords/biological-relatedness/
biology-of-belief,https://jcrt.org/archives/keywords/biology-of-belief/
biopolitics-philosophy,https://jcrt.org/archives/keywords/biopolitics-philosophy/
biopolitics-sociobiology,https://jcrt.org/archives/keywords/biopolitics-sociobiology/
biopolitics,https://jcrt.org/archives/keywords/biopolitics/
birth-of-tragedy,https://jcrt.org/archives/keywords/birth-of-tragedy/
bishop,https://jcrt.org/archives/keywords/bishop/
black-cubans,https://jcrt.org/archives/keywords/black-cubans/
black-elk,https://jcrt.org/archives/keywords/black-elk/
black-feminism,https://jcrt.org/archives/keywords/black-feminism/
black-feminists,https://jcrt.org/archives/keywords/black-feminists/
black-mountain-poets,https://jcrt.org/archives/keywords/black-mountain-poets/
black-people,https://jcrt.org/archives/keywords/black-people/
black-rice-the-african-origins-of-rice-cultivation-in-the-americas-book,https://jcrt.org/archives/keywords/black-rice-the-african-origins-of-rice-cultivation-in-the-americas-book/
black-theology,https://jcrt.org/archives/keywords/black-theology/
blackfoot,https://jcrt.org/archives/keywords/blackfoot/
blaise-pascal,https://jcrt.org/archives/keywords/blaise-pascal/
blaise,https://jcrt.org/archives/keywords/blaise/
blanchot,https://jcrt.org/archives/keywords/blanchot/
blood-libel,https://jcrt.org/archives/keywords/blood-libel/
boarding-schools,https://jcrt.org/archives/keywords/boarding-schools/
body-of-christ,https://jcrt.org/archives/keywords/body-of-christ/
body-soul-dualism,https://jcrt.org/archives/keywords/body-soul-dualism/
body-without-organs,https://jcrt.org/archives/keywords/body-without-organs/
body-worlds,https://jcrt.org/archives/keywords/body-worlds/
body,https://jcrt.org/archives/keywords/body/
bonhoeffer,https://jcrt.org/archives/keywords/bonhoeffer/
book-cover-art,https://jcrt.org/archives/keywords/book-cover-art/
book-of-genesis,https://jcrt.org/archives/keywords/book-of-genesis/
book-of-the-heart,https://jcrt.org/archives/keywords/book-of-the-heart/
book-review,https://jcrt.org/archives/keywords/book-review/
bostjan-nedoh,https://jcrt.org/archives/keywords/bostjan-nedoh/
boston-mass,https://jcrt.org/archives/keywords/boston-mass/
boswell,https://jcrt.org/archives/keywords/boswell/
bourdieu,https://jcrt.org/archives/keywords/bourdieu/
boyarin,https://jcrt.org/archives/keywords/boyarin/
bradley,https://jcrt.org/archives/keywords/bradley/
brain-science,https://jcrt.org/archives/keywords/brain-science/
brazil,https://jcrt.org/archives/keywords/brazil/
bretherton,https://jcrt.org/archives/keywords/bretherton/
british-museum,https://jcrt.org/archives/keywords/british-museum/
bruce-wilshire,https://jcrt.org/archives/keywords/bruce-wilshire/
brunkhorst,https://jcrt.org/archives/keywords/brunkhorst/
bryan-s,https://jcrt.org/archives/keywords/bryan-s/
buddhism-and-philosophy,https://jcrt.org/archives/keywords/buddhism-and-philosophy/
buddhism,https://jcrt.org/archives/keywords/buddhism/
buddhist-philosophy,https://jcrt.org/archives/keywords/buddhist-philosophy/
buffy-the-vampire-slayer,https://jcrt.org/archives/keywords/buffy-the-vampire-slayer/
bugbee,https://jcrt.org/archives/keywords/bugbee/
bull,https://jcrt.org/archives/keywords/bull/
bureaucracy,https://jcrt.org/archives/keywords/bureaucracy/
bush,https://jcrt.org/archives/keywords/bush/
butler,https://jcrt.org/archives/keywords/butler/
byung-chul-han,https://jcrt.org/archives/keywords/byung-chul-han/
byzantine-icons,https://jcrt.org/archives/keywords/byzantine-icons/
c-s,https://jcrt.org/archives/keywords/c-s/
ca-1225-1274,https://jcrt.org/archives/keywords/ca-1225-1274/
calvinism,https://jcrt.org/archives/keywords/calvinism/
camille-paglia,https://jcrt.org/archives/keywords/camille-paglia/
capital,https://jcrt.org/archives/keywords/capital/
capitalism-and-ethics,https://jcrt.org/archives/keywords/capitalism-and-ethics/
capitalism-and-religion,https://jcrt.org/archives/keywords/capitalism-and-religion/
capitalism,https://jcrt.org/archives/keywords/capitalism/
caputo,https://jcrt.org/archives/keywords/caputo/
caravaggio,https://jcrt.org/archives/keywords/caravaggio/
care,https://jcrt.org/archives/keywords/care/
carl-a,https://jcrt.org/archives/keywords/carl-a/
carl-jung,https://jcrt.org/archives/keywords/carl-jung/
carl-raschke,https://jcrt.org/archives/keywords/carl-raschke/
carl-schmitt,https://jcrt.org/archives/keywords/carl-schmitt/
carl,https://jcrt.org/archives/keywords/carl/
carlson,https://jcrt.org/archives/keywords/carlson/
cartesian-subject,https://jcrt.org/archives/keywords/cartesian-subject/
cassirer,https://jcrt.org/archives/keywords/cassirer/
castration,https://jcrt.org/archives/keywords/castration/
catastrophism-polish-literature,https://jcrt.org/archives/keywords/catastrophism-polish-literature/
categories-philosophy,https://jcrt.org/archives/keywords/categories-philosophy/
category-of-religion,https://jcrt.org/archives/keywords/category-of-religion/
catherine-keller,https://jcrt.org/archives/keywords/catherine-keller/
catherine-m,https://jcrt.org/archives/keywords/catherine-m/
catherine-malabou,https://jcrt.org/archives/keywords/catherine-malabou/
catherine-walsh,https://jcrt.org/archives/keywords/catherine-walsh/
catherine,https://jcrt.org/archives/keywords/catherine/
catholic-church-doctrines,https://jcrt.org/archives/keywords/catholic-church-doctrines/
catholic-church,https://jcrt.org/archives/keywords/catholic-church/
catholic-education,https://jcrt.org/archives/keywords/catholic-education/
catholic-feminism,https://jcrt.org/archives/keywords/catholic-feminism/
catholic-missionaries,https://jcrt.org/archives/keywords/catholic-missionaries/
catholic-theology,https://jcrt.org/archives/keywords/catholic-theology/
catholic,https://jcrt.org/archives/keywords/catholic/
catholicism,https://jcrt.org/archives/keywords/catholicism/
catholics,https://jcrt.org/archives/keywords/catholics/
cavell,https://jcrt.org/archives/keywords/cavell/
cemeteries,https://jcrt.org/archives/keywords/cemeteries/
censorship,https://jcrt.org/archives/keywords/censorship/
certeau,https://jcrt.org/archives/keywords/certeau/
chakrabarty,https://jcrt.org/archives/keywords/chakrabarty/
chaos,https://jcrt.org/archives/keywords/chaos/
charisma,https://jcrt.org/archives/keywords/charisma/
charismatic-christianity,https://jcrt.org/archives/keywords/charismatic-christianity/
charles-h,https://jcrt.org/archives/keywords/charles-h/
charles-long,https://jcrt.org/archives/keywords/charles-long/
charles-peirce,https://jcrt.org/archives/keywords/charles-peirce/
charles-sanders-peirce,https://jcrt.org/archives/keywords/charles-sanders-peirce/
charles-taylor,https://jcrt.org/archives/keywords/charles-taylor/
charles-winquist,https://jcrt.org/archives/keywords/charles-winquist/
charles,https://jcrt.org/archives/keywords/charles/
chatterjee,https://jcrt.org/archives/keywords/chatterjee/
chauvet,https://jcrt.org/archives/keywords/chauvet/
chiaroscuro,https://jcrt.org/archives/keywords/chiaroscuro/
chick,https://jcrt.org/archives/keywords/chick/
chiesa,https://jcrt.org/archives/keywords/chiesa/
children,https://jcrt.org/archives/keywords/children/
childrens-literature,https://jcrt.org/archives/keywords/childrens-literature/
chinese-feminism,https://jcrt.org/archives/keywords/chinese-feminism/
chinese-history,https://jcrt.org/archives/keywords/chinese-history/
chipko-movement,https://jcrt.org/archives/keywords/chipko-movement/
choice-psychology,https://jcrt.org/archives/keywords/choice-psychology/
chomsky,https://jcrt.org/archives/keywords/chomsky/
chosen,https://jcrt.org/archives/keywords/chosen/
christian-anthropology,https://jcrt.org/archives/keywords/christian-anthropology/
christian-apologetics,https://jcrt.org/archives/keywords/christian-apologetics/
christian-atheism,https://jcrt.org/archives/keywords/christian-atheism/
christian-century-periodical,https://jcrt.org/archives/keywords/christian-century-periodical/
christian-colonialism,https://jcrt.org/archives/keywords/christian-colonialism/
christian-communities,https://jcrt.org/archives/keywords/christian-communities/
christian-discovery,https://jcrt.org/archives/keywords/christian-discovery/
christian-dominance,https://jcrt.org/archives/keywords/christian-dominance/
christian-domination,https://jcrt.org/archives/keywords/christian-domination/
christian-ethics,https://jcrt.org/archives/keywords/christian-ethics/
christian-fiction,https://jcrt.org/archives/keywords/christian-fiction/
christian-life,https://jcrt.org/archives/keywords/christian-life/
christian-literature,https://jcrt.org/archives/keywords/christian-literature/
christian-mission,https://jcrt.org/archives/keywords/christian-mission/
christian-mysticism,https://jcrt.org/archives/keywords/christian-mysticism/
christian-philosophy,https://jcrt.org/archives/keywords/christian-philosophy/
christian-poets,https://jcrt.org/archives/keywords/christian-poets/
christian-reconstructionism,https://jcrt.org/archives/keywords/christian-reconstructionism/
christian-right,https://jcrt.org/archives/keywords/christian-right/
christian-saints-in-art,https://jcrt.org/archives/keywords/christian-saints-in-art/
christian-sects,https://jcrt.org/archives/keywords/christian-sects/
christian-theology,https://jcrt.org/archives/keywords/christian-theology/
christian-thought,https://jcrt.org/archives/keywords/christian-thought/
christian,https://jcrt.org/archives/keywords/christian/
christianity-and-aesthetics,https://jcrt.org/archives/keywords/christianity-and-aesthetics/
christianity-and-atheism,https://jcrt.org/archives/keywords/christianity-and-atheism/
christianity-and-culture,https://jcrt.org/archives/keywords/christianity-and-culture/
christianity-and-judaism,https://jcrt.org/archives/keywords/christianity-and-judaism/
christianity-and-politics-evangelicalism,https://jcrt.org/archives/keywords/christianity-and-politics-evangelicalism/
christianity-and-politics,https://jcrt.org/archives/keywords/christianity-and-politics/
christianity-contemporary-politics-the-conditions-possibilities-of-faithful-witness-book,https://jcrt.org/archives/keywords/christianity-contemporary-politics-the-conditions-possibilities-of-faithful-witness-book/
christianity-essence,https://jcrt.org/archives/keywords/christianity-essence/
christianity-other-religions,https://jcrt.org/archives/keywords/christianity-other-religions/
christianity-philosophy,https://jcrt.org/archives/keywords/christianity-philosophy/
christianity,https://jcrt.org/archives/keywords/christianity/
christianization,https://jcrt.org/archives/keywords/christianization/
christians,https://jcrt.org/archives/keywords/christians/
christology,https://jcrt.org/archives/keywords/christology/
christoph,https://jcrt.org/archives/keywords/christoph/
christopher-durante,https://jcrt.org/archives/keywords/christopher-durante/
church-and-state,https://jcrt.org/archives/keywords/church-and-state/
church-authority,https://jcrt.org/archives/keywords/church-authority/
church-crisis,https://jcrt.org/archives/keywords/church-crisis/
church-history,https://jcrt.org/archives/keywords/church-history/
church-of-england,https://jcrt.org/archives/keywords/church-of-england/
church-of-jesus-christ-of-latter-day-saints,https://jcrt.org/archives/keywords/church-of-jesus-christ-of-latter-day-saints/
church-polity,https://jcrt.org/archives/keywords/church-polity/
cia,https://jcrt.org/archives/keywords/cia/
cinema,https://jcrt.org/archives/keywords/cinema/
cipher-of-religion,https://jcrt.org/archives/keywords/cipher-of-religion/
cities-of-refuge,https://jcrt.org/archives/keywords/cities-of-refuge/
civic-arts,https://jcrt.org/archives/keywords/civic-arts/
civic-dialogue,https://jcrt.org/archives/keywords/civic-dialogue/
civic-engagement,https://jcrt.org/archives/keywords/civic-engagement/
civic-humanities,https://jcrt.org/archives/keywords/civic-humanities/
civil-liberties,https://jcrt.org/archives/keywords/civil-liberties/
civil-religion,https://jcrt.org/archives/keywords/civil-religion/
civil-rights,https://jcrt.org/archives/keywords/civil-rights/
civil-society,https://jcrt.org/archives/keywords/civil-society/
civility,https://jcrt.org/archives/keywords/civility/
civilization,https://jcrt.org/archives/keywords/civilization/
clark,https://jcrt.org/archives/keywords/clark/
clash-of-civilizations,https://jcrt.org/archives/keywords/clash-of-civilizations/
classical-indian-philosophy,https://jcrt.org/archives/keywords/classical-indian-philosophy/
classical-theism,https://jcrt.org/archives/keywords/classical-theism/
classification,https://jcrt.org/archives/keywords/classification/
classroom-environment,https://jcrt.org/archives/keywords/classroom-environment/
claude,https://jcrt.org/archives/keywords/claude/
clayton,https://jcrt.org/archives/keywords/clayton/
clement-greenberg,https://jcrt.org/archives/keywords/clement-greenberg/
clergy-office,https://jcrt.org/archives/keywords/clergy-office/
clifford,https://jcrt.org/archives/keywords/clifford/
climate-change,https://jcrt.org/archives/keywords/climate-change/
climatic-changes,https://jcrt.org/archives/keywords/climatic-changes/
cloning,https://jcrt.org/archives/keywords/cloning/
cloud-of-the-impossible-negative-theology-planetary-entanglement-book,https://jcrt.org/archives/keywords/cloud-of-the-impossible-negative-theology-planetary-entanglement-book/
cloud-of-unknowing,https://jcrt.org/archives/keywords/cloud-of-unknowing/
coakley,https://jcrt.org/archives/keywords/coakley/
cognitive-science-of-religion,https://jcrt.org/archives/keywords/cognitive-science-of-religion/
cohen,https://jcrt.org/archives/keywords/cohen/
coincidentia-oppositorum,https://jcrt.org/archives/keywords/coincidentia-oppositorum/
cold-war,https://jcrt.org/archives/keywords/cold-war/
colin-ross,https://jcrt.org/archives/keywords/colin-ross/
collective-behavior,https://jcrt.org/archives/keywords/collective-behavior/
collective-memory,https://jcrt.org/archives/keywords/collective-memory/
college-students,https://jcrt.org/archives/keywords/college-students/
college-teachers,https://jcrt.org/archives/keywords/college-teachers/
colleges,https://jcrt.org/archives/keywords/colleges/
colonial-archives,https://jcrt.org/archives/keywords/colonial-archives/
colonial-domination,https://jcrt.org/archives/keywords/colonial-domination/
colonial-law,https://jcrt.org/archives/keywords/colonial-law/
colonial-matrix-of-power,https://jcrt.org/archives/keywords/colonial-matrix-of-power/
colonial-mindset,https://jcrt.org/archives/keywords/colonial-mindset/
colonialism-and-neocolonialism,https://jcrt.org/archives/keywords/colonialism-and-neocolonialism/
colonialism,https://jcrt.org/archives/keywords/colonialism/
coloniality,https://jcrt.org/archives/keywords/coloniality/
colonies,https://jcrt.org/archives/keywords/colonies/
colonization,https://jcrt.org/archives/keywords/colonization/
comedy,https://jcrt.org/archives/keywords/comedy/
comic-book-artists,https://jcrt.org/archives/keywords/comic-book-artists/
comic-books,https://jcrt.org/archives/keywords/comic-books/
comics-as-scholarship,https://jcrt.org/archives/keywords/comics-as-scholarship/
comics,https://jcrt.org/archives/keywords/comics/
commercial-printing-except-screen-and-books,https://jcrt.org/archives/keywords/commercial-printing-except-screen-and-books/
commercialization-of-education,https://jcrt.org/archives/keywords/commercialization-of-education/
commodification,https://jcrt.org/archives/keywords/commodification/
commodity-fetishism,https://jcrt.org/archives/keywords/commodity-fetishism/
commodity,https://jcrt.org/archives/keywords/commodity/
communication-theory,https://jcrt.org/archives/keywords/communication-theory/
communication,https://jcrt.org/archives/keywords/communication/
communicative-action,https://jcrt.org/archives/keywords/communicative-action/
communism,https://jcrt.org/archives/keywords/communism/
communitarianism,https://jcrt.org/archives/keywords/communitarianism/
community-and-religion,https://jcrt.org/archives/keywords/community-and-religion/
community-engagement,https://jcrt.org/archives/keywords/community-engagement/
community-involvement,https://jcrt.org/archives/keywords/community-involvement/
community,https://jcrt.org/archives/keywords/community/
comparative-literature,https://jcrt.org/archives/keywords/comparative-literature/
comparative-methodology,https://jcrt.org/archives/keywords/comparative-methodology/
comparative-mythology,https://jcrt.org/archives/keywords/comparative-mythology/
comparative-philosophy,https://jcrt.org/archives/keywords/comparative-philosophy/
comparative-religion,https://jcrt.org/archives/keywords/comparative-religion/
comparative-secularisms,https://jcrt.org/archives/keywords/comparative-secularisms/
comparative-studies,https://jcrt.org/archives/keywords/comparative-studies/
comparative-theology,https://jcrt.org/archives/keywords/comparative-theology/
complexity-theory,https://jcrt.org/archives/keywords/complexity-theory/
computer-network-resources,https://jcrt.org/archives/keywords/computer-network-resources/
concealment,https://jcrt.org/archives/keywords/concealment/
concept-of-god,https://jcrt.org/archives/keywords/concept-of-god/
concept-of-religion,https://jcrt.org/archives/keywords/concept-of-religion/
conception,https://jcrt.org/archives/keywords/conception/
concepts,https://jcrt.org/archives/keywords/concepts/
conferences-conventions,https://jcrt.org/archives/keywords/conferences-conventions/
confessions,https://jcrt.org/archives/keywords/confessions/
congresses-and-conventions,https://jcrt.org/archives/keywords/congresses-and-conventions/
conor,https://jcrt.org/archives/keywords/conor/
conquest,https://jcrt.org/archives/keywords/conquest/
conrad-martius,https://jcrt.org/archives/keywords/conrad-martius/
consciousness,https://jcrt.org/archives/keywords/consciousness/
conservation-of-natural-resources,https://jcrt.org/archives/keywords/conservation-of-natural-resources/
conservatism,https://jcrt.org/archives/keywords/conservatism/
consumer-culture,https://jcrt.org/archives/keywords/consumer-culture/
consumerism,https://jcrt.org/archives/keywords/consumerism/
consumption-economics,https://jcrt.org/archives/keywords/consumption-economics/
contagion,https://jcrt.org/archives/keywords/contagion/
contemplation,https://jcrt.org/archives/keywords/contemplation/
contemporary-art,https://jcrt.org/archives/keywords/contemporary-art/
contextual,https://jcrt.org/archives/keywords/contextual/
contextualism-philosophy,https://jcrt.org/archives/keywords/contextualism-philosophy/
contiguity,https://jcrt.org/archives/keywords/contiguity/
continental-divide-heidegger,https://jcrt.org/archives/keywords/continental-divide-heidegger/
continental-philosophy-of-religion,https://jcrt.org/archives/keywords/continental-philosophy-of-religion/
continental-philosophy,https://jcrt.org/archives/keywords/continental-philosophy/
contingency,https://jcrt.org/archives/keywords/contingency/
contributions-to-philosophy,https://jcrt.org/archives/keywords/contributions-to-philosophy/
contributor-biographies,https://jcrt.org/archives/keywords/contributor-biographies/
control-and-discipline,https://jcrt.org/archives/keywords/control-and-discipline/
convention-and-trade-show-organizers,https://jcrt.org/archives/keywords/convention-and-trade-show-organizers/
conversion-of-saint-paul,https://jcrt.org/archives/keywords/conversion-of-saint-paul/
conversion-religion,https://jcrt.org/archives/keywords/conversion-religion/
converts-from-judaism,https://jcrt.org/archives/keywords/converts-from-judaism/
cooperation,https://jcrt.org/archives/keywords/cooperation/
cornel,https://jcrt.org/archives/keywords/cornel/
cornelius-castoriadis,https://jcrt.org/archives/keywords/cornelius-castoriadis/
corporate-university,https://jcrt.org/archives/keywords/corporate-university/
corpse,https://jcrt.org/archives/keywords/corpse/
correspondence,https://jcrt.org/archives/keywords/correspondence/
cosmic-war,https://jcrt.org/archives/keywords/cosmic-war/
cosmography,https://jcrt.org/archives/keywords/cosmography/
cosmology,https://jcrt.org/archives/keywords/cosmology/
cosmopolitanism,https://jcrt.org/archives/keywords/cosmopolitanism/
counter-enlightenment,https://jcrt.org/archives/keywords/counter-enlightenment/
counterculture,https://jcrt.org/archives/keywords/counterculture/
counterterrorism,https://jcrt.org/archives/keywords/counterterrorism/
country-music,https://jcrt.org/archives/keywords/country-music/
covid-19-pandemic,https://jcrt.org/archives/keywords/covid-19-pandemic/
covid-19,https://jcrt.org/archives/keywords/covid-19/
cox,https://jcrt.org/archives/keywords/cox/
crash-reel,https://jcrt.org/archives/keywords/crash-reel/
creatio-ex-profundis,https://jcrt.org/archives/keywords/creatio-ex-profundis/
creation-biblical-teaching,https://jcrt.org/archives/keywords/creation-biblical-teaching/
creation-ex-nihilo,https://jcrt.org/archives/keywords/creation-ex-nihilo/
creation-history-of-doctrines,https://jcrt.org/archives/keywords/creation-history-of-doctrines/
creation-science,https://jcrt.org/archives/keywords/creation-science/
creation-theology,https://jcrt.org/archives/keywords/creation-theology/
creation,https://jcrt.org/archives/keywords/creation/
creationism,https://jcrt.org/archives/keywords/creationism/
creativity,https://jcrt.org/archives/keywords/creativity/
credit,https://jcrt.org/archives/keywords/credit/
creston-davis,https://jcrt.org/archives/keywords/creston-davis/
creston,https://jcrt.org/archives/keywords/creston/
crimes-against-gay-people,https://jcrt.org/archives/keywords/crimes-against-gay-people/
crimes-against-women,https://jcrt.org/archives/keywords/crimes-against-women/
criminal-justice-education,https://jcrt.org/archives/keywords/criminal-justice-education/
criminal-justice,https://jcrt.org/archives/keywords/criminal-justice/
crip-theory,https://jcrt.org/archives/keywords/crip-theory/
critical-history,https://jcrt.org/archives/keywords/critical-history/
critical-pedagogy,https://jcrt.org/archives/keywords/critical-pedagogy/
critical-race-theory,https://jcrt.org/archives/keywords/critical-race-theory/
critical-religion,https://jcrt.org/archives/keywords/critical-religion/
critical-theory,https://jcrt.org/archives/keywords/critical-theory/
critical-thinking,https://jcrt.org/archives/keywords/critical-thinking/
criticism-philosophy,https://jcrt.org/archives/keywords/criticism-philosophy/
criticism,https://jcrt.org/archives/keywords/criticism/
critique-of-capitalism,https://jcrt.org/archives/keywords/critique-of-capitalism/
critique-of-judgment-book-kant,https://jcrt.org/archives/keywords/critique-of-judgment-book-kant/
critique-of-mastery,https://jcrt.org/archives/keywords/critique-of-mastery/
critique-of-modernity,https://jcrt.org/archives/keywords/critique-of-modernity/
critique-of-political-culture,https://jcrt.org/archives/keywords/critique-of-political-culture/
critique-of-reason,https://jcrt.org/archives/keywords/critique-of-reason/
critique-of-religion,https://jcrt.org/archives/keywords/critique-of-religion/
critique-of-violence,https://jcrt.org/archives/keywords/critique-of-violence/
crockett,https://jcrt.org/archives/keywords/crockett/
cross-cultural-exchange,https://jcrt.org/archives/keywords/cross-cultural-exchange/
cross-cultural-hermeneutics,https://jcrt.org/archives/keywords/cross-cultural-hermeneutics/
crossover,https://jcrt.org/archives/keywords/crossover/
crowds,https://jcrt.org/archives/keywords/crowds/
crucifixion,https://jcrt.org/archives/keywords/crucifixion/
crusade-ideology,https://jcrt.org/archives/keywords/crusade-ideology/
crusades,https://jcrt.org/archives/keywords/crusades/
crypto-jews,https://jcrt.org/archives/keywords/crypto-jews/
crypto-judaism,https://jcrt.org/archives/keywords/crypto-judaism/
cult-television,https://jcrt.org/archives/keywords/cult-television/
cultural-appropriation,https://jcrt.org/archives/keywords/cultural-appropriation/
cultural-capital,https://jcrt.org/archives/keywords/cultural-capital/
cultural-change,https://jcrt.org/archives/keywords/cultural-change/
cultural-criticism,https://jcrt.org/archives/keywords/cultural-criticism/
cultural-heritage,https://jcrt.org/archives/keywords/cultural-heritage/
cultural-history,https://jcrt.org/archives/keywords/cultural-history/
cultural-identity,https://jcrt.org/archives/keywords/cultural-identity/
cultural-memory,https://jcrt.org/archives/keywords/cultural-memory/
cultural-ownership,https://jcrt.org/archives/keywords/cultural-ownership/
cultural-property,https://jcrt.org/archives/keywords/cultural-property/
cultural-reclamation,https://jcrt.org/archives/keywords/cultural-reclamation/
cultural-religious-theory,https://jcrt.org/archives/keywords/cultural-religious-theory/
cultural-studies,https://jcrt.org/archives/keywords/cultural-studies/
cultural-theology,https://jcrt.org/archives/keywords/cultural-theology/
cultural-theory,https://jcrt.org/archives/keywords/cultural-theory/
cultural-transmission,https://jcrt.org/archives/keywords/cultural-transmission/
culture-and-education,https://jcrt.org/archives/keywords/culture-and-education/
culture-conflict,https://jcrt.org/archives/keywords/culture-conflict/
culture-philosophy,https://jcrt.org/archives/keywords/culture-philosophy/
culture-wars,https://jcrt.org/archives/keywords/culture-wars/
culture,https://jcrt.org/archives/keywords/culture/
cultus,https://jcrt.org/archives/keywords/cultus/
cunningham,https://jcrt.org/archives/keywords/cunningham/
cupitt,https://jcrt.org/archives/keywords/cupitt/
curiosity,https://jcrt.org/archives/keywords/curiosity/
curriculum-studies,https://jcrt.org/archives/keywords/curriculum-studies/
custom,https://jcrt.org/archives/keywords/custom/
cyberculture,https://jcrt.org/archives/keywords/cyberculture/
cybernetic-immortality,https://jcrt.org/archives/keywords/cybernetic-immortality/
cybernetics,https://jcrt.org/archives/keywords/cybernetics/
cyberspace,https://jcrt.org/archives/keywords/cyberspace/
cyborg,https://jcrt.org/archives/keywords/cyborg/
cyborgs,https://jcrt.org/archives/keywords/cyborgs/
cynics,https://jcrt.org/archives/keywords/cynics/
d-z,https://jcrt.org/archives/keywords/d-z/
dalit-feminism,https://jcrt.org/archives/keywords/dalit-feminism/
dalton,https://jcrt.org/archives/keywords/dalton/
damnatio-memoriae,https://jcrt.org/archives/keywords/damnatio-memoriae/
dance-and-religion,https://jcrt.org/archives/keywords/dance-and-religion/
dance,https://jcrt.org/archives/keywords/dance/
danger,https://jcrt.org/archives/keywords/danger/
daniel,https://jcrt.org/archives/keywords/daniel/
danielle,https://jcrt.org/archives/keywords/danielle/
danish-philosophy,https://jcrt.org/archives/keywords/danish-philosophy/
dark-night-of-the-soul,https://jcrt.org/archives/keywords/dark-night-of-the-soul/
darker-side-of-western-modernity-global-futures,https://jcrt.org/archives/keywords/darker-side-of-western-modernity-global-futures/
das-ding,https://jcrt.org/archives/keywords/das-ding/
dasein,https://jcrt.org/archives/keywords/dasein/
david-chalmers,https://jcrt.org/archives/keywords/david-chalmers/
david-chidester,https://jcrt.org/archives/keywords/david-chidester/
david-f,https://jcrt.org/archives/keywords/david-f/
david-hume,https://jcrt.org/archives/keywords/david-hume/
david-sloan-wilson,https://jcrt.org/archives/keywords/david-sloan-wilson/
david,https://jcrt.org/archives/keywords/david/
davidson,https://jcrt.org/archives/keywords/davidson/
davis,https://jcrt.org/archives/keywords/davis/
davos-book,https://jcrt.org/archives/keywords/davos-book/
dawn-of-the-dead-film,https://jcrt.org/archives/keywords/dawn-of-the-dead-film/
de-luca,https://jcrt.org/archives/keywords/de-luca/
de-nomination,https://jcrt.org/archives/keywords/de-nomination/
de-saint-palle,https://jcrt.org/archives/keywords/de-saint-palle/
dead-in-religion,https://jcrt.org/archives/keywords/dead-in-religion/
dead-man,https://jcrt.org/archives/keywords/dead-man/
death-and-dying,https://jcrt.org/archives/keywords/death-and-dying/
death-drive,https://jcrt.org/archives/keywords/death-drive/
death-of-deconstruction,https://jcrt.org/archives/keywords/death-of-deconstruction/
death-of-god-philosophy,https://jcrt.org/archives/keywords/death-of-god-philosophy/
death-of-god-theology,https://jcrt.org/archives/keywords/death-of-god-theology/
death-of-god,https://jcrt.org/archives/keywords/death-of-god/
death-of-theory,https://jcrt.org/archives/keywords/death-of-theory/
death,https://jcrt.org/archives/keywords/death/
debate,https://jcrt.org/archives/keywords/debate/
debord,https://jcrt.org/archives/keywords/debord/
decalogue,https://jcrt.org/archives/keywords/decalogue/
deception,https://jcrt.org/archives/keywords/deception/
decolinizing-methodologies-research-indigenous-peoples-book,https://jcrt.org/archives/keywords/decolinizing-methodologies-research-indigenous-peoples-book/
decolonial-options,https://jcrt.org/archives/keywords/decolonial-options/
decolonial-pedagogy,https://jcrt.org/archives/keywords/decolonial-pedagogy/
decolonial-thought,https://jcrt.org/archives/keywords/decolonial-thought/
decoloniality,https://jcrt.org/archives/keywords/decoloniality/
decolonization,https://jcrt.org/archives/keywords/decolonization/
deconstruction-criticism,https://jcrt.org/archives/keywords/deconstruction-criticism/
deconstruction-of-christianity,https://jcrt.org/archives/keywords/deconstruction-of-christianity/
deconstruction-of-religion,https://jcrt.org/archives/keywords/deconstruction-of-religion/
deconstruction,https://jcrt.org/archives/keywords/deconstruction/
deep-ecology,https://jcrt.org/archives/keywords/deep-ecology/
deep-time,https://jcrt.org/archives/keywords/deep-time/
defilement,https://jcrt.org/archives/keywords/defilement/
definition-of-religion,https://jcrt.org/archives/keywords/definition-of-religion/
deforestation,https://jcrt.org/archives/keywords/deforestation/
dei,https://jcrt.org/archives/keywords/dei/
deleuze,https://jcrt.org/archives/keywords/deleuze/
della-francesca,https://jcrt.org/archives/keywords/della-francesca/
democracy-and-religion,https://jcrt.org/archives/keywords/democracy-and-religion/
democracy,https://jcrt.org/archives/keywords/democracy/
demographic-transition,https://jcrt.org/archives/keywords/demographic-transition/
denegation,https://jcrt.org/archives/keywords/denegation/
deontology,https://jcrt.org/archives/keywords/deontology/
derrida,https://jcrt.org/archives/keywords/derrida/
desacralization,https://jcrt.org/archives/keywords/desacralization/
deserts,https://jcrt.org/archives/keywords/deserts/
design-theory,https://jcrt.org/archives/keywords/design-theory/
design,https://jcrt.org/archives/keywords/design/
desire-and-religion,https://jcrt.org/archives/keywords/desire-and-religion/
desire,https://jcrt.org/archives/keywords/desire/
desiring-theology,https://jcrt.org/archives/keywords/desiring-theology/
despotic-dominion,https://jcrt.org/archives/keywords/despotic-dominion/
deviant-behavior,https://jcrt.org/archives/keywords/deviant-behavior/
dewey,https://jcrt.org/archives/keywords/dewey/
dharma-buddhism,https://jcrt.org/archives/keywords/dharma-buddhism/
dialectic,https://jcrt.org/archives/keywords/dialectic/
dialectical-materialism,https://jcrt.org/archives/keywords/dialectical-materialism/
dialectical-theology,https://jcrt.org/archives/keywords/dialectical-theology/
dialectics,https://jcrt.org/archives/keywords/dialectics/
dialogue,https://jcrt.org/archives/keywords/dialogue/
diet-culture,https://jcrt.org/archives/keywords/diet-culture/
dietrich,https://jcrt.org/archives/keywords/dietrich/
differance,https://jcrt.org/archives/keywords/differance/
difference-and-repetition,https://jcrt.org/archives/keywords/difference-and-repetition/
difference-philosophy,https://jcrt.org/archives/keywords/difference-philosophy/
difference,https://jcrt.org/archives/keywords/difference/
differential-ontology,https://jcrt.org/archives/keywords/differential-ontology/
differential-specificity,https://jcrt.org/archives/keywords/differential-specificity/
digital-citizenship,https://jcrt.org/archives/keywords/digital-citizenship/
digital-culture,https://jcrt.org/archives/keywords/digital-culture/
digital-divide,https://jcrt.org/archives/keywords/digital-divide/
digital-humanities,https://jcrt.org/archives/keywords/digital-humanities/
digital-inclusion,https://jcrt.org/archives/keywords/digital-inclusion/
digital-technology,https://jcrt.org/archives/keywords/digital-technology/
dignity-social-aspects,https://jcrt.org/archives/keywords/dignity-social-aspects/
dimorphism-biology,https://jcrt.org/archives/keywords/dimorphism-biology/
dionysus-greek-deity,https://jcrt.org/archives/keywords/dionysus-greek-deity/
dipesh,https://jcrt.org/archives/keywords/dipesh/
dis-enclosure,https://jcrt.org/archives/keywords/dis-enclosure/
disabilities,https://jcrt.org/archives/keywords/disabilities/
disability-aesthetics,https://jcrt.org/archives/keywords/disability-aesthetics/
disability-studies,https://jcrt.org/archives/keywords/disability-studies/
disability-theology,https://jcrt.org/archives/keywords/disability-theology/
disappearance-of-art,https://jcrt.org/archives/keywords/disappearance-of-art/
disappointment,https://jcrt.org/archives/keywords/disappointment/
discipleship,https://jcrt.org/archives/keywords/discipleship/
disciplinarity,https://jcrt.org/archives/keywords/disciplinarity/
disciplinary-emulation,https://jcrt.org/archives/keywords/disciplinary-emulation/
discourse-analysis,https://jcrt.org/archives/keywords/discourse-analysis/
discourse,https://jcrt.org/archives/keywords/discourse/
discovery,https://jcrt.org/archives/keywords/discovery/
discrimination-in-justice-administration,https://jcrt.org/archives/keywords/discrimination-in-justice-administration/
disenchantment,https://jcrt.org/archives/keywords/disenchantment/
disposition-philosophy,https://jcrt.org/archives/keywords/disposition-philosophy/
dissent,https://jcrt.org/archives/keywords/dissent/
dissociative-identity-disorder,https://jcrt.org/archives/keywords/dissociative-identity-disorder/
distraction,https://jcrt.org/archives/keywords/distraction/
distributed-cognition,https://jcrt.org/archives/keywords/distributed-cognition/
diversity-equity-and-inclusion,https://jcrt.org/archives/keywords/diversity-equity-and-inclusion/
diversity-equity-inclusion,https://jcrt.org/archives/keywords/diversity-equity-inclusion/
divine-being,https://jcrt.org/archives/keywords/divine-being/
divine-goodness,https://jcrt.org/archives/keywords/divine-goodness/
divine-names,https://jcrt.org/archives/keywords/divine-names/
divine-otherness,https://jcrt.org/archives/keywords/divine-otherness/
divine-simplicity,https://jcrt.org/archives/keywords/divine-simplicity/
divine-transcendence,https://jcrt.org/archives/keywords/divine-transcendence/
divine-violence,https://jcrt.org/archives/keywords/divine-violence/
division-of-labor,https://jcrt.org/archives/keywords/division-of-labor/
docter,https://jcrt.org/archives/keywords/docter/
doctrinal-methodology,https://jcrt.org/archives/keywords/doctrinal-methodology/
doctrinal-theology,https://jcrt.org/archives/keywords/doctrinal-theology/
doctrinal,https://jcrt.org/archives/keywords/doctrinal/
doctrine-of-christian-discovery,https://jcrt.org/archives/keywords/doctrine-of-christian-discovery/
doctrine-of-creation,https://jcrt.org/archives/keywords/doctrine-of-creation/
doctrine-of-discovery,https://jcrt.org/archives/keywords/doctrine-of-discovery/
dogmatic-theology,https://jcrt.org/archives/keywords/dogmatic-theology/
dogmatism,https://jcrt.org/archives/keywords/dogmatism/
domestic-spirits,https://jcrt.org/archives/keywords/domestic-spirits/
domination,https://jcrt.org/archives/keywords/domination/
dominion-word,https://jcrt.org/archives/keywords/dominion-word/
dominion,https://jcrt.org/archives/keywords/dominion/
dominique,https://jcrt.org/archives/keywords/dominique/
don-cupitt,https://jcrt.org/archives/keywords/don-cupitt/
don,https://jcrt.org/archives/keywords/don/
donald-a,https://jcrt.org/archives/keywords/donald-a/
donald-davidson,https://jcrt.org/archives/keywords/donald-davidson/
donald-trump,https://jcrt.org/archives/keywords/donald-trump/
donald,https://jcrt.org/archives/keywords/donald/
donna-jeanne,https://jcrt.org/archives/keywords/donna-jeanne/
dorothea-olkowski,https://jcrt.org/archives/keywords/dorothea-olkowski/
dr-seuss,https://jcrt.org/archives/keywords/dr-seuss/
drama-criticism,https://jcrt.org/archives/keywords/drama-criticism/
dread,https://jcrt.org/archives/keywords/dread/
dream-interpretation,https://jcrt.org/archives/keywords/dream-interpretation/
drew-dalton,https://jcrt.org/archives/keywords/drew-dalton/
drew-m,https://jcrt.org/archives/keywords/drew-m/
drone-aircraft,https://jcrt.org/archives/keywords/drone-aircraft/
duncan,https://jcrt.org/archives/keywords/duncan/
duns-scotus,https://jcrt.org/archives/keywords/duns-scotus/
duty,https://jcrt.org/archives/keywords/duty/
dying,https://jcrt.org/archives/keywords/dying/
dynamical-systems,https://jcrt.org/archives/keywords/dynamical-systems/
dyson,https://jcrt.org/archives/keywords/dyson/
dystopias,https://jcrt.org/archives/keywords/dystopias/
e-liade,https://jcrt.org/archives/keywords/e-liade/
eagleton,https://jcrt.org/archives/keywords/eagleton/
early-christianity,https://jcrt.org/archives/keywords/early-christianity/
early-modern-europe,https://jcrt.org/archives/keywords/early-modern-europe/
early-modern-literature,https://jcrt.org/archives/keywords/early-modern-literature/
early-modern-philosophy,https://jcrt.org/archives/keywords/early-modern-philosophy/
east-and-west,https://jcrt.org/archives/keywords/east-and-west/
east-west-dialogue,https://jcrt.org/archives/keywords/east-west-dialogue/
eastern-orthodoxy,https://jcrt.org/archives/keywords/eastern-orthodoxy/
ecce-homo-poem,https://jcrt.org/archives/keywords/ecce-homo-poem/
ecclesiology,https://jcrt.org/archives/keywords/ecclesiology/
ecofeminist-philosophy,https://jcrt.org/archives/keywords/ecofeminist-philosophy/
ecological-justice,https://jcrt.org/archives/keywords/ecological-justice/
ecology-and-culture,https://jcrt.org/archives/keywords/ecology-and-culture/
ecology-and-religion,https://jcrt.org/archives/keywords/ecology-and-religion/
ecology-philosophy,https://jcrt.org/archives/keywords/ecology-philosophy/
ecology,https://jcrt.org/archives/keywords/ecology/
economic-development,https://jcrt.org/archives/keywords/economic-development/
economic-status,https://jcrt.org/archives/keywords/economic-status/
economics-and-religion,https://jcrt.org/archives/keywords/economics-and-religion/
economics-history,https://jcrt.org/archives/keywords/economics-history/
economics-philosophy,https://jcrt.org/archives/keywords/economics-philosophy/
economics,https://jcrt.org/archives/keywords/economics/
economy,https://jcrt.org/archives/keywords/economy/
ecosystem,https://jcrt.org/archives/keywords/ecosystem/
ecotheology,https://jcrt.org/archives/keywords/ecotheology/
ecstasy,https://jcrt.org/archives/keywords/ecstasy/
eden,https://jcrt.org/archives/keywords/eden/
edith-wyschogrod,https://jcrt.org/archives/keywords/edith-wyschogrod/
editorial-board,https://jcrt.org/archives/keywords/editorial-board/
edmund-husserl,https://jcrt.org/archives/keywords/edmund-husserl/
edmund,https://jcrt.org/archives/keywords/edmund/
education-experimental-methods,https://jcrt.org/archives/keywords/education-experimental-methods/
education-finance,https://jcrt.org/archives/keywords/education-finance/
education-methods,https://jcrt.org/archives/keywords/education-methods/
education-philosophy,https://jcrt.org/archives/keywords/education-philosophy/
education-study-and-teaching,https://jcrt.org/archives/keywords/education-study-and-teaching/
education,https://jcrt.org/archives/keywords/education/
educational-disruption,https://jcrt.org/archives/keywords/educational-disruption/
educational-sociology,https://jcrt.org/archives/keywords/educational-sociology/
educational-support-services,https://jcrt.org/archives/keywords/educational-support-services/
educational-technology,https://jcrt.org/archives/keywords/educational-technology/
educators,https://jcrt.org/archives/keywords/educators/
edward-said,https://jcrt.org/archives/keywords/edward-said/
edward-tylor,https://jcrt.org/archives/keywords/edward-tylor/
edward-w,https://jcrt.org/archives/keywords/edward-w/
edwards,https://jcrt.org/archives/keywords/edwards/
edwin-black,https://jcrt.org/archives/keywords/edwin-black/
egyptian-antiquities,https://jcrt.org/archives/keywords/egyptian-antiquities/
einstein,https://jcrt.org/archives/keywords/einstein/
eisegesis,https://jcrt.org/archives/keywords/eisegesis/
ejercito-zapatista-de-liberacion-nacional-mexico,https://jcrt.org/archives/keywords/ejercito-zapatista-de-liberacion-nacional-mexico/
ek-sistence,https://jcrt.org/archives/keywords/ek-sistence/
ekphrasis,https://jcrt.org/archives/keywords/ekphrasis/
electracy,https://jcrt.org/archives/keywords/electracy/
elisabeth,https://jcrt.org/archives/keywords/elisabeth/
ellacuri-a,https://jcrt.org/archives/keywords/ellacuri-a/
elliot-wolfson,https://jcrt.org/archives/keywords/elliot-wolfson/
emanation,https://jcrt.org/archives/keywords/emanation/
emancipation,https://jcrt.org/archives/keywords/emancipation/
embodied-knowledge,https://jcrt.org/archives/keywords/embodied-knowledge/
embodiment,https://jcrt.org/archives/keywords/embodiment/
emile-durkheim,https://jcrt.org/archives/keywords/emile-durkheim/
emmanuel-levinas,https://jcrt.org/archives/keywords/emmanuel-levinas/
emmanuel,https://jcrt.org/archives/keywords/emmanuel/
emotions,https://jcrt.org/archives/keywords/emotions/
empire,https://jcrt.org/archives/keywords/empire/
emptiness,https://jcrt.org/archives/keywords/emptiness/
encyclopedias-and-dictionaries,https://jcrt.org/archives/keywords/encyclopedias-and-dictionaries/
end-of-life-care,https://jcrt.org/archives/keywords/end-of-life-care/
end-of-life,https://jcrt.org/archives/keywords/end-of-life/
end-of-philosophy,https://jcrt.org/archives/keywords/end-of-philosophy/
end-of-theology,https://jcrt.org/archives/keywords/end-of-theology/
engaged-theology,https://jcrt.org/archives/keywords/engaged-theology/
england,https://jcrt.org/archives/keywords/england/
enlightenment-dualism,https://jcrt.org/archives/keywords/enlightenment-dualism/
enlightenment,https://jcrt.org/archives/keywords/enlightenment/
enrique-dussel,https://jcrt.org/archives/keywords/enrique-dussel/
entomology,https://jcrt.org/archives/keywords/entomology/
enunciation,https://jcrt.org/archives/keywords/enunciation/
environment,https://jcrt.org/archives/keywords/environment/
environmental-degradation,https://jcrt.org/archives/keywords/environmental-degradation/
environmental-ethics,https://jcrt.org/archives/keywords/environmental-ethics/
environmental-justice,https://jcrt.org/archives/keywords/environmental-justice/
environmental-responsibility,https://jcrt.org/archives/keywords/environmental-responsibility/
environmental-studies,https://jcrt.org/archives/keywords/environmental-studies/
environmental-theology,https://jcrt.org/archives/keywords/environmental-theology/
environmentalism,https://jcrt.org/archives/keywords/environmentalism/
envy,https://jcrt.org/archives/keywords/envy/
ephaptic-coupling,https://jcrt.org/archives/keywords/ephaptic-coupling/
epistemic-logic,https://jcrt.org/archives/keywords/epistemic-logic/
epistemology-of-place,https://jcrt.org/archives/keywords/epistemology-of-place/
epistemology,https://jcrt.org/archives/keywords/epistemology/
epistolary-writing,https://jcrt.org/archives/keywords/epistolary-writing/
epochs,https://jcrt.org/archives/keywords/epochs/
equality,https://jcrt.org/archives/keywords/equality/
equitable-systems,https://jcrt.org/archives/keywords/equitable-systems/
ereignis,https://jcrt.org/archives/keywords/ereignis/
eric-gans,https://jcrt.org/archives/keywords/eric-gans/
eric-jager,https://jcrt.org/archives/keywords/eric-jager/
eric-l,https://jcrt.org/archives/keywords/eric-l/
eric-santner,https://jcrt.org/archives/keywords/eric-santner/
erica,https://jcrt.org/archives/keywords/erica/
erie-canal,https://jcrt.org/archives/keywords/erie-canal/
ernest-becker,https://jcrt.org/archives/keywords/ernest-becker/
ernst-bloch,https://jcrt.org/archives/keywords/ernst-bloch/
ernst-hartwig,https://jcrt.org/archives/keywords/ernst-hartwig/
ernst-kantorowicz,https://jcrt.org/archives/keywords/ernst-kantorowicz/
ernst-troeltsch,https://jcrt.org/archives/keywords/ernst-troeltsch/
ernst,https://jcrt.org/archives/keywords/ernst/
eros,https://jcrt.org/archives/keywords/eros/
erotica,https://jcrt.org/archives/keywords/erotica/
erotics-of-redemption,https://jcrt.org/archives/keywords/erotics-of-redemption/
erri,https://jcrt.org/archives/keywords/erri/
escape,https://jcrt.org/archives/keywords/escape/
eschatology-christianity-history-of-doctrines,https://jcrt.org/archives/keywords/eschatology-christianity-history-of-doctrines/
eschatology,https://jcrt.org/archives/keywords/eschatology/
esotericism,https://jcrt.org/archives/keywords/esotericism/
essentialism-philosophy,https://jcrt.org/archives/keywords/essentialism-philosophy/
etc,https://jcrt.org/archives/keywords/etc/
eternal-recurrence,https://jcrt.org/archives/keywords/eternal-recurrence/
ethical-monotheism,https://jcrt.org/archives/keywords/ethical-monotheism/
ethical-subjectivity,https://jcrt.org/archives/keywords/ethical-subjectivity/
ethical-theory,https://jcrt.org/archives/keywords/ethical-theory/
ethicists,https://jcrt.org/archives/keywords/ethicists/
ethics-and-religion,https://jcrt.org/archives/keywords/ethics-and-religion/
ethics-methodology,https://jcrt.org/archives/keywords/ethics-methodology/
ethics-of-alterity,https://jcrt.org/archives/keywords/ethics-of-alterity/
ethics-of-commitment,https://jcrt.org/archives/keywords/ethics-of-commitment/
ethics-of-psychoanalysis,https://jcrt.org/archives/keywords/ethics-of-psychoanalysis/
ethics-of-remembering,https://jcrt.org/archives/keywords/ethics-of-remembering/
ethics-of-suicide,https://jcrt.org/archives/keywords/ethics-of-suicide/
ethics-of-value,https://jcrt.org/archives/keywords/ethics-of-value/
ethics,https://jcrt.org/archives/keywords/ethics/
ethiopia,https://jcrt.org/archives/keywords/ethiopia/
ethiopian-evangelical-church-mekane-yesus,https://jcrt.org/archives/keywords/ethiopian-evangelical-church-mekane-yesus/
ethiopians,https://jcrt.org/archives/keywords/ethiopians/
ethnicity,https://jcrt.org/archives/keywords/ethnicity/
ethnocentrism,https://jcrt.org/archives/keywords/ethnocentrism/
ethnohistory,https://jcrt.org/archives/keywords/ethnohistory/
ethnology-methodology,https://jcrt.org/archives/keywords/ethnology-methodology/
ethnology,https://jcrt.org/archives/keywords/ethnology/
etymology,https://jcrt.org/archives/keywords/etymology/
eucharist,https://jcrt.org/archives/keywords/eucharist/
eucharistic-prayers,https://jcrt.org/archives/keywords/eucharistic-prayers/
eurocentrism,https://jcrt.org/archives/keywords/eurocentrism/
european-claims,https://jcrt.org/archives/keywords/european-claims/
european-expansion,https://jcrt.org/archives/keywords/european-expansion/
euthanasia,https://jcrt.org/archives/keywords/euthanasia/
evangelical-churches,https://jcrt.org/archives/keywords/evangelical-churches/
evangelical-theology,https://jcrt.org/archives/keywords/evangelical-theology/
evangelicalism-history,https://jcrt.org/archives/keywords/evangelicalism-history/
evangelicalism-missions,https://jcrt.org/archives/keywords/evangelicalism-missions/
evangelicalism,https://jcrt.org/archives/keywords/evangelicalism/
evangelism,https://jcrt.org/archives/keywords/evangelism/
evans-pritchard,https://jcrt.org/archives/keywords/evans-pritchard/
event-of-truth,https://jcrt.org/archives/keywords/event-of-truth/
event,https://jcrt.org/archives/keywords/event/
events-philosophy,https://jcrt.org/archives/keywords/events-philosophy/
everyday-life,https://jcrt.org/archives/keywords/everyday-life/
evidentialism,https://jcrt.org/archives/keywords/evidentialism/
evil,https://jcrt.org/archives/keywords/evil/
evolution,https://jcrt.org/archives/keywords/evolution/
evolutionary-biology,https://jcrt.org/archives/keywords/evolutionary-biology/
excavations-archaeology,https://jcrt.org/archives/keywords/excavations-archaeology/
exchange-theory-sociology,https://jcrt.org/archives/keywords/exchange-theory-sociology/
exchange,https://jcrt.org/archives/keywords/exchange/
exemplarism,https://jcrt.org/archives/keywords/exemplarism/
exemplarity,https://jcrt.org/archives/keywords/exemplarity/
exhibition,https://jcrt.org/archives/keywords/exhibition/
exhibitions,https://jcrt.org/archives/keywords/exhibitions/
existence,https://jcrt.org/archives/keywords/existence/
existentialism,https://jcrt.org/archives/keywords/existentialism/
exodus,https://jcrt.org/archives/keywords/exodus/
exorcist,https://jcrt.org/archives/keywords/exorcist/
experience-religion,https://jcrt.org/archives/keywords/experience-religion/
experience,https://jcrt.org/archives/keywords/experience/
experiential-learning,https://jcrt.org/archives/keywords/experiential-learning/
exploring-the-decolonial-imaginary-four-transnational-lives-book,https://jcrt.org/archives/keywords/exploring-the-decolonial-imaginary-four-transnational-lives-book/
expressive-rationality,https://jcrt.org/archives/keywords/expressive-rationality/
extinction-biology,https://jcrt.org/archives/keywords/extinction-biology/
extraterrestrials,https://jcrt.org/archives/keywords/extraterrestrials/
f-w-r-francis-william-rutherford,https://jcrt.org/archives/keywords/f-w-r-francis-william-rutherford/
fabulation,https://jcrt.org/archives/keywords/fabulation/
facticity,https://jcrt.org/archives/keywords/facticity/
faith-and-culture,https://jcrt.org/archives/keywords/faith-and-culture/
faith-and-doubt,https://jcrt.org/archives/keywords/faith-and-doubt/
faith-and-knowledge,https://jcrt.org/archives/keywords/faith-and-knowledge/
faith-and-reason,https://jcrt.org/archives/keywords/faith-and-reason/
faith-biblical-teaching,https://jcrt.org/archives/keywords/faith-biblical-teaching/
faith-christianity,https://jcrt.org/archives/keywords/faith-christianity/
faith,https://jcrt.org/archives/keywords/faith/
fallen-soldiers,https://jcrt.org/archives/keywords/fallen-soldiers/
falling,https://jcrt.org/archives/keywords/falling/
false-memory-syndrome,https://jcrt.org/archives/keywords/false-memory-syndrome/
family,https://jcrt.org/archives/keywords/family/
fascism,https://jcrt.org/archives/keywords/fascism/
fashion-and-art,https://jcrt.org/archives/keywords/fashion-and-art/
fashion,https://jcrt.org/archives/keywords/fashion/
fasting,https://jcrt.org/archives/keywords/fasting/
fathers-in-literature,https://jcrt.org/archives/keywords/fathers-in-literature/
fathers-of-the-church,https://jcrt.org/archives/keywords/fathers-of-the-church/
fear-trembling-book-kierkegaard,https://jcrt.org/archives/keywords/fear-trembling-book-kierkegaard/
fear,https://jcrt.org/archives/keywords/fear/
federal-indian-law,https://jcrt.org/archives/keywords/federal-indian-law/
felix-guattari,https://jcrt.org/archives/keywords/felix-guattari/
femininity,https://jcrt.org/archives/keywords/femininity/
feminism-art,https://jcrt.org/archives/keywords/feminism-art/
feminism,https://jcrt.org/archives/keywords/feminism/
feminist-biblical-criticism,https://jcrt.org/archives/keywords/feminist-biblical-criticism/
feminist-critique,https://jcrt.org/archives/keywords/feminist-critique/
feminist-revolutionary,https://jcrt.org/archives/keywords/feminist-revolutionary/
feminist-theology,https://jcrt.org/archives/keywords/feminist-theology/
feminist-theory,https://jcrt.org/archives/keywords/feminist-theory/
feminists,https://jcrt.org/archives/keywords/feminists/
fernando,https://jcrt.org/archives/keywords/fernando/
fertility,https://jcrt.org/archives/keywords/fertility/
fetish,https://jcrt.org/archives/keywords/fetish/
fetishism-religion,https://jcrt.org/archives/keywords/fetishism-religion/
fetishism,https://jcrt.org/archives/keywords/fetishism/
feuerbach,https://jcrt.org/archives/keywords/feuerbach/
fiction,https://jcrt.org/archives/keywords/fiction/
fidelity,https://jcrt.org/archives/keywords/fidelity/
fiegle,https://jcrt.org/archives/keywords/fiegle/
field,https://jcrt.org/archives/keywords/field/
fight-club-film,https://jcrt.org/archives/keywords/fight-club-film/
film-criticism,https://jcrt.org/archives/keywords/film-criticism/
film-philosophy,https://jcrt.org/archives/keywords/film-philosophy/
film-theory,https://jcrt.org/archives/keywords/film-theory/
film,https://jcrt.org/archives/keywords/film/
finance,https://jcrt.org/archives/keywords/finance/
financial-crises,https://jcrt.org/archives/keywords/financial-crises/
fincher,https://jcrt.org/archives/keywords/fincher/
finite,https://jcrt.org/archives/keywords/finite/
finitude,https://jcrt.org/archives/keywords/finitude/
first-discovery,https://jcrt.org/archives/keywords/first-discovery/
flesh-and-spirit,https://jcrt.org/archives/keywords/flesh-and-spirit/
flint-mich,https://jcrt.org/archives/keywords/flint-mich/
football,https://jcrt.org/archives/keywords/football/
foreign-policy,https://jcrt.org/archives/keywords/foreign-policy/
forest-reserves,https://jcrt.org/archives/keywords/forest-reserves/
forgetfulness,https://jcrt.org/archives/keywords/forgetfulness/
forgiveness,https://jcrt.org/archives/keywords/forgiveness/
foster,https://jcrt.org/archives/keywords/foster/
foucault-derrida-debate,https://jcrt.org/archives/keywords/foucault-derrida-debate/
foucault,https://jcrt.org/archives/keywords/foucault/
foundational-myths,https://jcrt.org/archives/keywords/foundational-myths/
foundationalism-theory-of-knowledge,https://jcrt.org/archives/keywords/foundationalism-theory-of-knowledge/
foundationalism,https://jcrt.org/archives/keywords/foundationalism/
four-discourses,https://jcrt.org/archives/keywords/four-discourses/
fractured-self,https://jcrt.org/archives/keywords/fractured-self/
fragment,https://jcrt.org/archives/keywords/fragment/
franc-ois,https://jcrt.org/archives/keywords/franc-ois/
frances-ferguson,https://jcrt.org/archives/keywords/frances-ferguson/
francis,https://jcrt.org/archives/keywords/francis/
franco,https://jcrt.org/archives/keywords/franco/
francois-laruelle,https://jcrt.org/archives/keywords/francois-laruelle/
frankfurt-school-of-sociology,https://jcrt.org/archives/keywords/frankfurt-school-of-sociology/
frankfurt-school,https://jcrt.org/archives/keywords/frankfurt-school/
franz-kafka,https://jcrt.org/archives/keywords/franz-kafka/
franz-rosenzweig,https://jcrt.org/archives/keywords/franz-rosenzweig/
franz,https://jcrt.org/archives/keywords/franz/
fraternity,https://jcrt.org/archives/keywords/fraternity/
fredric-jameson,https://jcrt.org/archives/keywords/fredric-jameson/
fredric,https://jcrt.org/archives/keywords/fredric/
free-will-and-determinism,https://jcrt.org/archives/keywords/free-will-and-determinism/
free-will,https://jcrt.org/archives/keywords/free-will/
freedom-philosophy,https://jcrt.org/archives/keywords/freedom-philosophy/
freedom,https://jcrt.org/archives/keywords/freedom/
freeman-j,https://jcrt.org/archives/keywords/freeman-j/
freire,https://jcrt.org/archives/keywords/freire/
french-phenomenology,https://jcrt.org/archives/keywords/french-phenomenology/
french-revolution,https://jcrt.org/archives/keywords/french-revolution/
french-theory,https://jcrt.org/archives/keywords/french-theory/
french,https://jcrt.org/archives/keywords/french/
freud,https://jcrt.org/archives/keywords/freud/
friedrich-nietzsche,https://jcrt.org/archives/keywords/friedrich-nietzsche/
friedrich-schelling,https://jcrt.org/archives/keywords/friedrich-schelling/
friedrich-wilhelm-joseph-von,https://jcrt.org/archives/keywords/friedrich-wilhelm-joseph-von/
friedrich-wilhelm,https://jcrt.org/archives/keywords/friedrich-wilhelm/
friedrich,https://jcrt.org/archives/keywords/friedrich/
friendship,https://jcrt.org/archives/keywords/friendship/
frye,https://jcrt.org/archives/keywords/frye/
functionalism,https://jcrt.org/archives/keywords/functionalism/
fundamental-anthropology,https://jcrt.org/archives/keywords/fundamental-anthropology/
fundamental-theology,https://jcrt.org/archives/keywords/fundamental-theology/
fundamentalism-comparative-studies,https://jcrt.org/archives/keywords/fundamentalism-comparative-studies/
fundamentalism-islam,https://jcrt.org/archives/keywords/fundamentalism-islam/
fundamentalism,https://jcrt.org/archives/keywords/fundamentalism/
future-life,https://jcrt.org/archives/keywords/future-life/
future-of-religion,https://jcrt.org/archives/keywords/future-of-religion/
future-of-theory,https://jcrt.org/archives/keywords/future-of-theory/
future,https://jcrt.org/archives/keywords/future/
futurity-of-god,https://jcrt.org/archives/keywords/futurity-of-god/
g-w-f-hegel,https://jcrt.org/archives/keywords/g-w-f-hegel/
gabriel-vahanian,https://jcrt.org/archives/keywords/gabriel-vahanian/
gabriel,https://jcrt.org/archives/keywords/gabriel/
gaia,https://jcrt.org/archives/keywords/gaia/
gambling,https://jcrt.org/archives/keywords/gambling/
gans,https://jcrt.org/archives/keywords/gans/
gardening,https://jcrt.org/archives/keywords/gardening/
garth-ennis,https://jcrt.org/archives/keywords/garth-ennis/
gary-dorrien,https://jcrt.org/archives/keywords/gary-dorrien/
gavin-hyman,https://jcrt.org/archives/keywords/gavin-hyman/
gayatri-chakravorty,https://jcrt.org/archives/keywords/gayatri-chakravorty/
gayatri-spivak,https://jcrt.org/archives/keywords/gayatri-spivak/
geertz,https://jcrt.org/archives/keywords/geertz/
gelassenheit,https://jcrt.org/archives/keywords/gelassenheit/
gems,https://jcrt.org/archives/keywords/gems/
gender-affirming-care,https://jcrt.org/archives/keywords/gender-affirming-care/
gender-and-religion,https://jcrt.org/archives/keywords/gender-and-religion/
gender-and-sexuality,https://jcrt.org/archives/keywords/gender-and-sexuality/
gender-differences-psychology,https://jcrt.org/archives/keywords/gender-differences-psychology/
gender-identity,https://jcrt.org/archives/keywords/gender-identity/
gender-theory,https://jcrt.org/archives/keywords/gender-theory/
gender,https://jcrt.org/archives/keywords/gender/
genealogy-of-modernity,https://jcrt.org/archives/keywords/genealogy-of-modernity/
genealogy-of-morals,https://jcrt.org/archives/keywords/genealogy-of-morals/
genealogy,https://jcrt.org/archives/keywords/genealogy/
general-relativity-physics,https://jcrt.org/archives/keywords/general-relativity-physics/
generation-x,https://jcrt.org/archives/keywords/generation-x/
genetics,https://jcrt.org/archives/keywords/genetics/
genocide,https://jcrt.org/archives/keywords/genocide/
gentrification,https://jcrt.org/archives/keywords/gentrification/
geography-of-religion,https://jcrt.org/archives/keywords/geography-of-religion/
geography,https://jcrt.org/archives/keywords/geography/
geophilosophy,https://jcrt.org/archives/keywords/geophilosophy/
geopolitics,https://jcrt.org/archives/keywords/geopolitics/
georg-hegel,https://jcrt.org/archives/keywords/georg-hegel/
georg-wilhelm-friedrich,https://jcrt.org/archives/keywords/georg-wilhelm-friedrich/
georg,https://jcrt.org/archives/keywords/georg/
george-a,https://jcrt.org/archives/keywords/george-a/
george-e,https://jcrt.org/archives/keywords/george-e/
george-lindbeck,https://jcrt.org/archives/keywords/george-lindbeck/
george-romero,https://jcrt.org/archives/keywords/george-romero/
george-w-george-walker,https://jcrt.org/archives/keywords/george-w-george-walker/
george,https://jcrt.org/archives/keywords/george/
georges-bataille,https://jcrt.org/archives/keywords/georges-bataille/
georges,https://jcrt.org/archives/keywords/georges/
gerald,https://jcrt.org/archives/keywords/gerald/
german-history,https://jcrt.org/archives/keywords/german-history/
german-idealism,https://jcrt.org/archives/keywords/german-idealism/
german-jewish-thought,https://jcrt.org/archives/keywords/german-jewish-thought/
german-language-translating-into-english,https://jcrt.org/archives/keywords/german-language-translating-into-english/
german,https://jcrt.org/archives/keywords/german/
germany,https://jcrt.org/archives/keywords/germany/
gershom-scholem,https://jcrt.org/archives/keywords/gershom-scholem/
gesture-in-worship,https://jcrt.org/archives/keywords/gesture-in-worship/
gesture,https://jcrt.org/archives/keywords/gesture/
ghost-of-theory,https://jcrt.org/archives/keywords/ghost-of-theory/
ghosts,https://jcrt.org/archives/keywords/ghosts/
giambattista,https://jcrt.org/archives/keywords/giambattista/
gianni-vattimo,https://jcrt.org/archives/keywords/gianni-vattimo/
gift-exchange,https://jcrt.org/archives/keywords/gift-exchange/
gift,https://jcrt.org/archives/keywords/gift/
gifts,https://jcrt.org/archives/keywords/gifts/
gilbert-simondon,https://jcrt.org/archives/keywords/gilbert-simondon/
gildea,https://jcrt.org/archives/keywords/gildea/
gilkey,https://jcrt.org/archives/keywords/gilkey/
gilles-deleuze,https://jcrt.org/archives/keywords/gilles-deleuze/
gilles-grelet,https://jcrt.org/archives/keywords/gilles-grelet/
gilles,https://jcrt.org/archives/keywords/gilles/
gillian,https://jcrt.org/archives/keywords/gillian/
giordano-bruno,https://jcrt.org/archives/keywords/giordano-bruno/
giorgio-agamben,https://jcrt.org/archives/keywords/giorgio-agamben/
giorgio,https://jcrt.org/archives/keywords/giorgio/
giovanna-borradori,https://jcrt.org/archives/keywords/giovanna-borradori/
girard,https://jcrt.org/archives/keywords/girard/
giroux,https://jcrt.org/archives/keywords/giroux/
givenness,https://jcrt.org/archives/keywords/givenness/
global-christianity,https://jcrt.org/archives/keywords/global-christianity/
global-economy,https://jcrt.org/archives/keywords/global-economy/
global-financial-crisis,https://jcrt.org/archives/keywords/global-financial-crisis/
global-warming,https://jcrt.org/archives/keywords/global-warming/
globalization-and-ethics,https://jcrt.org/archives/keywords/globalization-and-ethics/
globalization-and-religion,https://jcrt.org/archives/keywords/globalization-and-religion/
globalization,https://jcrt.org/archives/keywords/globalization/
glory,https://jcrt.org/archives/keywords/glory/
glossary,https://jcrt.org/archives/keywords/glossary/
gnosticism,https://jcrt.org/archives/keywords/gnosticism/
god-after-god,https://jcrt.org/archives/keywords/god-after-god/
god-and-human-beings,https://jcrt.org/archives/keywords/god-and-human-beings/
god-attributes,https://jcrt.org/archives/keywords/god-attributes/
god-goodness,https://jcrt.org/archives/keywords/god-goodness/
god-hiddenness,https://jcrt.org/archives/keywords/god-hiddenness/
god-in-christianity,https://jcrt.org/archives/keywords/god-in-christianity/
god-is-dead-book,https://jcrt.org/archives/keywords/god-is-dead-book/
god-judaism,https://jcrt.org/archives/keywords/god-judaism/
god-language,https://jcrt.org/archives/keywords/god-language/
god-love,https://jcrt.org/archives/keywords/god-love/
god-name,https://jcrt.org/archives/keywords/god-name/
god-philosophy,https://jcrt.org/archives/keywords/god-philosophy/
god-sovereignty,https://jcrt.org/archives/keywords/god-sovereignty/
god-without-being,https://jcrt.org/archives/keywords/god-without-being/
god,https://jcrt.org/archives/keywords/god/
godzieba,https://jcrt.org/archives/keywords/godzieba/
golden-age-mythology,https://jcrt.org/archives/keywords/golden-age-mythology/
gonzalez,https://jcrt.org/archives/keywords/gonzalez/
good-and-evil,https://jcrt.org/archives/keywords/good-and-evil/
good-beyond-being,https://jcrt.org/archives/keywords/good-beyond-being/
good-evil,https://jcrt.org/archives/keywords/good-evil/
good-works-theology,https://jcrt.org/archives/keywords/good-works-theology/
good,https://jcrt.org/archives/keywords/good/
goodchild,https://jcrt.org/archives/keywords/goodchild/
gordon,https://jcrt.org/archives/keywords/gordon/
gospel-of-john,https://jcrt.org/archives/keywords/gospel-of-john/
gospel,https://jcrt.org/archives/keywords/gospel/
government,https://jcrt.org/archives/keywords/government/
governmentality,https://jcrt.org/archives/keywords/governmentality/
grace-davie,https://jcrt.org/archives/keywords/grace-davie/
grace-theology-history-of-doctrines,https://jcrt.org/archives/keywords/grace-theology-history-of-doctrines/
grace-theology,https://jcrt.org/archives/keywords/grace-theology/
grace,https://jcrt.org/archives/keywords/grace/
graffiti,https://jcrt.org/archives/keywords/graffiti/
graham-ward,https://jcrt.org/archives/keywords/graham-ward/
grammar-of-address,https://jcrt.org/archives/keywords/grammar-of-address/
grammatology,https://jcrt.org/archives/keywords/grammatology/
gramsci,https://jcrt.org/archives/keywords/gramsci/
grantmaking-foundations,https://jcrt.org/archives/keywords/grantmaking-foundations/
graphic-dissertation,https://jcrt.org/archives/keywords/graphic-dissertation/
graphic-novels,https://jcrt.org/archives/keywords/graphic-novels/
gratitude,https://jcrt.org/archives/keywords/gratitude/
great-chain-of-being,https://jcrt.org/archives/keywords/great-chain-of-being/
great-commission,https://jcrt.org/archives/keywords/great-commission/
greek-philosophy,https://jcrt.org/archives/keywords/greek-philosophy/
greek,https://jcrt.org/archives/keywords/greek/
green-commons,https://jcrt.org/archives/keywords/green-commons/
greenhouse-gas-mitigation,https://jcrt.org/archives/keywords/greenhouse-gas-mitigation/
greg-garrett,https://jcrt.org/archives/keywords/greg-garrett/
gregg,https://jcrt.org/archives/keywords/gregg/
gregory-l,https://jcrt.org/archives/keywords/gregory-l/
gregory-ulmer,https://jcrt.org/archives/keywords/gregory-ulmer/
gregory,https://jcrt.org/archives/keywords/gregory/
grief,https://jcrt.org/archives/keywords/grief/
group-identity,https://jcrt.org/archives/keywords/group-identity/
group-selection,https://jcrt.org/archives/keywords/group-selection/
guha,https://jcrt.org/archives/keywords/guha/
guy-debord,https://jcrt.org/archives/keywords/guy-debord/
guy,https://jcrt.org/archives/keywords/guy/
h-d-hilda-doolittle,https://jcrt.org/archives/keywords/h-d-hilda-doolittle/
h-g-herbert-george,https://jcrt.org/archives/keywords/h-g-herbert-george/
h-g,https://jcrt.org/archives/keywords/h-g/
h-m-h-martinus,https://jcrt.org/archives/keywords/h-m-h-martinus/
ha-gglund,https://jcrt.org/archives/keywords/ha-gglund/
habermas,https://jcrt.org/archives/keywords/habermas/
habit,https://jcrt.org/archives/keywords/habit/
habitus,https://jcrt.org/archives/keywords/habitus/
hadith,https://jcrt.org/archives/keywords/hadith/
hal-foster,https://jcrt.org/archives/keywords/hal-foster/
hal,https://jcrt.org/archives/keywords/hal/
halakha,https://jcrt.org/archives/keywords/halakha/
hamilton,https://jcrt.org/archives/keywords/hamilton/
hannah-arendt,https://jcrt.org/archives/keywords/hannah-arendt/
hannah,https://jcrt.org/archives/keywords/hannah/
hans-georg-gadamer,https://jcrt.org/archives/keywords/hans-georg-gadamer/
hans-jonas,https://jcrt.org/archives/keywords/hans-jonas/
hans-morgenthau,https://jcrt.org/archives/keywords/hans-morgenthau/
hans-urs-von-balthasar,https://jcrt.org/archives/keywords/hans-urs-von-balthasar/
happiness,https://jcrt.org/archives/keywords/happiness/
haraway,https://jcrt.org/archives/keywords/haraway/
hardt,https://jcrt.org/archives/keywords/hardt/
harrison,https://jcrt.org/archives/keywords/harrison/
harry-frankfurt,https://jcrt.org/archives/keywords/harry-frankfurt/
hartnell,https://jcrt.org/archives/keywords/hartnell/
harvey,https://jcrt.org/archives/keywords/harvey/
hasidic-mysticism,https://jcrt.org/archives/keywords/hasidic-mysticism/
haudenosaunee-confederacy,https://jcrt.org/archives/keywords/haudenosaunee-confederacy/
haudenosaunee,https://jcrt.org/archives/keywords/haudenosaunee/
hauke,https://jcrt.org/archives/keywords/hauke/
hauntology,https://jcrt.org/archives/keywords/hauntology/
healers,https://jcrt.org/archives/keywords/healers/
healing,https://jcrt.org/archives/keywords/healing/
health-and-religion,https://jcrt.org/archives/keywords/health-and-religion/
health,https://jcrt.org/archives/keywords/health/
heart-metaphor,https://jcrt.org/archives/keywords/heart-metaphor/
hebrew-language-terms-adamah,https://jcrt.org/archives/keywords/hebrew-language-terms-adamah/
hebrew,https://jcrt.org/archives/keywords/hebrew/
hedwig,https://jcrt.org/archives/keywords/hedwig/
hegel,https://jcrt.org/archives/keywords/hegel/
hegelian-marxism,https://jcrt.org/archives/keywords/hegelian-marxism/
hegelianism,https://jcrt.org/archives/keywords/hegelianism/
hegemony,https://jcrt.org/archives/keywords/hegemony/
heidegger,https://jcrt.org/archives/keywords/heidegger/
helene-cixous,https://jcrt.org/archives/keywords/helene-cixous/
hellenistic,https://jcrt.org/archives/keywords/hellenistic/
henri,https://jcrt.org/archives/keywords/henri/
henry-a,https://jcrt.org/archives/keywords/henry-a/
henry-giroux,https://jcrt.org/archives/keywords/henry-giroux/
henry-greenwood,https://jcrt.org/archives/keywords/henry-greenwood/
henry-miller,https://jcrt.org/archives/keywords/henry-miller/
henry-suso,https://jcrt.org/archives/keywords/henry-suso/
hent-de-vries,https://jcrt.org/archives/keywords/hent-de-vries/
herbert-marcuse,https://jcrt.org/archives/keywords/herbert-marcuse/
heresy,https://jcrt.org/archives/keywords/heresy/
heritage-tourism,https://jcrt.org/archives/keywords/heritage-tourism/
hermann-cohen,https://jcrt.org/archives/keywords/hermann-cohen/
hermann-samuel-reimarus,https://jcrt.org/archives/keywords/hermann-samuel-reimarus/
hermann,https://jcrt.org/archives/keywords/hermann/
hermeneutics-of-finitude,https://jcrt.org/archives/keywords/hermeneutics-of-finitude/
hermeneutics-of-religion,https://jcrt.org/archives/keywords/hermeneutics-of-religion/
hermeneutics-of-suspicion,https://jcrt.org/archives/keywords/hermeneutics-of-suspicion/
hermeneutics-of-the-self,https://jcrt.org/archives/keywords/hermeneutics-of-the-self/
hermeneutics,https://jcrt.org/archives/keywords/hermeneutics/
heroism,https://jcrt.org/archives/keywords/heroism/
herrero,https://jcrt.org/archives/keywords/herrero/
heterology,https://jcrt.org/archives/keywords/heterology/
heteronomy,https://jcrt.org/archives/keywords/heteronomy/
heterosexism,https://jcrt.org/archives/keywords/heterosexism/
heuretics,https://jcrt.org/archives/keywords/heuretics/
hierophany,https://jcrt.org/archives/keywords/hierophany/
higher-education,https://jcrt.org/archives/keywords/higher-education/
hindu-identity,https://jcrt.org/archives/keywords/hindu-identity/
hindu-nationalism,https://jcrt.org/archives/keywords/hindu-nationalism/
hinduism,https://jcrt.org/archives/keywords/hinduism/
hindutva,https://jcrt.org/archives/keywords/hindutva/
hip-hop-culture,https://jcrt.org/archives/keywords/hip-hop-culture/
historical-jesus,https://jcrt.org/archives/keywords/historical-jesus/
historical-method,https://jcrt.org/archives/keywords/historical-method/
historical-sites,https://jcrt.org/archives/keywords/historical-sites/
historical-theory,https://jcrt.org/archives/keywords/historical-theory/
historicism,https://jcrt.org/archives/keywords/historicism/
historicity,https://jcrt.org/archives/keywords/historicity/
historiography,https://jcrt.org/archives/keywords/historiography/
history-in-religion,https://jcrt.org/archives/keywords/history-in-religion/
history-of-god,https://jcrt.org/archives/keywords/history-of-god/
history-of-madness,https://jcrt.org/archives/keywords/history-of-madness/
history-of-philosophy,https://jcrt.org/archives/keywords/history-of-philosophy/
history-of-religion,https://jcrt.org/archives/keywords/history-of-religion/
history-of-religions,https://jcrt.org/archives/keywords/history-of-religions/
history-philosophy,https://jcrt.org/archives/keywords/history-philosophy/
history-religious-aspects-christianity,https://jcrt.org/archives/keywords/history-religious-aspects-christianity/
history,https://jcrt.org/archives/keywords/history/
hmo-medical-centers,https://jcrt.org/archives/keywords/hmo-medical-centers/
holderlin,https://jcrt.org/archives/keywords/holderlin/
holiness-movement,https://jcrt.org/archives/keywords/holiness-movement/
holiness,https://jcrt.org/archives/keywords/holiness/
holocaust-studies,https://jcrt.org/archives/keywords/holocaust-studies/
holocaust,https://jcrt.org/archives/keywords/holocaust/
holy-spirit,https://jcrt.org/archives/keywords/holy-spirit/
holy,https://jcrt.org/archives/keywords/holy/
homeostasis,https://jcrt.org/archives/keywords/homeostasis/
homiletics,https://jcrt.org/archives/keywords/homiletics/
homo-faber,https://jcrt.org/archives/keywords/homo-faber/
homo-religiosus,https://jcrt.org/archives/keywords/homo-religiosus/
homophobia,https://jcrt.org/archives/keywords/homophobia/
homosexuality-and-christianity,https://jcrt.org/archives/keywords/homosexuality-and-christianity/
homosexuality-in-motion-pictures,https://jcrt.org/archives/keywords/homosexuality-in-motion-pictures/
homosexuality,https://jcrt.org/archives/keywords/homosexuality/
honesty,https://jcrt.org/archives/keywords/honesty/
honneth,https://jcrt.org/archives/keywords/honneth/
hope,https://jcrt.org/archives/keywords/hope/
horowitz,https://jcrt.org/archives/keywords/horowitz/
horror-tales,https://jcrt.org/archives/keywords/horror-tales/
horror,https://jcrt.org/archives/keywords/horror/
hospitality,https://jcrt.org/archives/keywords/hospitality/
howard,https://jcrt.org/archives/keywords/howard/
hugh-rayment-pickard,https://jcrt.org/archives/keywords/hugh-rayment-pickard/
human-beings-relation-to-nature,https://jcrt.org/archives/keywords/human-beings-relation-to-nature/
human-beings,https://jcrt.org/archives/keywords/human-beings/
human-body-in-culture,https://jcrt.org/archives/keywords/human-body-in-culture/
human-body-in-religion,https://jcrt.org/archives/keywords/human-body-in-religion/
human-body,https://jcrt.org/archives/keywords/human-body/
human-dignity,https://jcrt.org/archives/keywords/human-dignity/
human-figure-in-art,https://jcrt.org/archives/keywords/human-figure-in-art/
human-life-cycle,https://jcrt.org/archives/keywords/human-life-cycle/
human-machine-boundary,https://jcrt.org/archives/keywords/human-machine-boundary/
human-nature,https://jcrt.org/archives/keywords/human-nature/
human-philosophy,https://jcrt.org/archives/keywords/human-philosophy/
human-rights-organizations,https://jcrt.org/archives/keywords/human-rights-organizations/
human-rights,https://jcrt.org/archives/keywords/human-rights/
human-sacrifice,https://jcrt.org/archives/keywords/human-sacrifice/
human-sexuality,https://jcrt.org/archives/keywords/human-sexuality/
human-technology-relations,https://jcrt.org/archives/keywords/human-technology-relations/
human,https://jcrt.org/archives/keywords/human/
humanism,https://jcrt.org/archives/keywords/humanism/
humanistic-education,https://jcrt.org/archives/keywords/humanistic-education/
humanitarian-intervention,https://jcrt.org/archives/keywords/humanitarian-intervention/
humanities,https://jcrt.org/archives/keywords/humanities/
humanity,https://jcrt.org/archives/keywords/humanity/
hume,https://jcrt.org/archives/keywords/hume/
humility,https://jcrt.org/archives/keywords/humility/
husserl,https://jcrt.org/archives/keywords/husserl/
hutchins,https://jcrt.org/archives/keywords/hutchins/
hylomorphism,https://jcrt.org/archives/keywords/hylomorphism/
hymns,https://jcrt.org/archives/keywords/hymns/
hyper-realism,https://jcrt.org/archives/keywords/hyper-realism/
hyperreality,https://jcrt.org/archives/keywords/hyperreality/
hyperspeculation,https://jcrt.org/archives/keywords/hyperspeculation/
hypertext,https://jcrt.org/archives/keywords/hypertext/
hypnosis,https://jcrt.org/archives/keywords/hypnosis/
hysteria,https://jcrt.org/archives/keywords/hysteria/
ian-markham,https://jcrt.org/archives/keywords/ian-markham/
iberian-monarchies,https://jcrt.org/archives/keywords/iberian-monarchies/
ibn-arabi,https://jcrt.org/archives/keywords/ibn-arabi/
ibrahim-niasse,https://jcrt.org/archives/keywords/ibrahim-niasse/
icon,https://jcrt.org/archives/keywords/icon/
iconoclasm,https://jcrt.org/archives/keywords/iconoclasm/
iconography,https://jcrt.org/archives/keywords/iconography/
icons,https://jcrt.org/archives/keywords/icons/
idealism,https://jcrt.org/archives/keywords/idealism/
identification-religion,https://jcrt.org/archives/keywords/identification-religion/
identity,https://jcrt.org/archives/keywords/identity/
ideology-criticism,https://jcrt.org/archives/keywords/ideology-criticism/
ideology-critique,https://jcrt.org/archives/keywords/ideology-critique/
ideology,https://jcrt.org/archives/keywords/ideology/
idolatry,https://jcrt.org/archives/keywords/idolatry/
idols-and-images,https://jcrt.org/archives/keywords/idols-and-images/
ignacio-ellacuria,https://jcrt.org/archives/keywords/ignacio-ellacuria/
ignacio,https://jcrt.org/archives/keywords/ignacio/
ignorant-schoolmaster-five-lessons-in-intellectual-emancipation,https://jcrt.org/archives/keywords/ignorant-schoolmaster-five-lessons-in-intellectual-emancipation/
il-y-a,https://jcrt.org/archives/keywords/il-y-a/
illusion,https://jcrt.org/archives/keywords/illusion/
image-of-god,https://jcrt.org/archives/keywords/image-of-god/
image-of-thought,https://jcrt.org/archives/keywords/image-of-thought/
image,https://jcrt.org/archives/keywords/image/
imagination-of-matter,https://jcrt.org/archives/keywords/imagination-of-matter/
imagination,https://jcrt.org/archives/keywords/imagination/
imago-dei,https://jcrt.org/archives/keywords/imago-dei/
imitative-behavior,https://jcrt.org/archives/keywords/imitative-behavior/
immaculate-conception,https://jcrt.org/archives/keywords/immaculate-conception/
immanence-and-transcendence,https://jcrt.org/archives/keywords/immanence-and-transcendence/
immanence-philosophy,https://jcrt.org/archives/keywords/immanence-philosophy/
immanence,https://jcrt.org/archives/keywords/immanence/
immanuel-kant,https://jcrt.org/archives/keywords/immanuel-kant/
immanuel,https://jcrt.org/archives/keywords/immanuel/
immaterial-labor,https://jcrt.org/archives/keywords/immaterial-labor/
immigrants,https://jcrt.org/archives/keywords/immigrants/
immigration,https://jcrt.org/archives/keywords/immigration/
imperialism,https://jcrt.org/archives/keywords/imperialism/
implicit-religion,https://jcrt.org/archives/keywords/implicit-religion/
imposed-legal-systems,https://jcrt.org/archives/keywords/imposed-legal-systems/
impossibility,https://jcrt.org/archives/keywords/impossibility/
imprinting,https://jcrt.org/archives/keywords/imprinting/
imputation,https://jcrt.org/archives/keywords/imputation/
in-literature,https://jcrt.org/archives/keywords/in-literature/
in-memoriam,https://jcrt.org/archives/keywords/in-memoriam/
incarnation,https://jcrt.org/archives/keywords/incarnation/
incommensurability,https://jcrt.org/archives/keywords/incommensurability/
indeterminacy,https://jcrt.org/archives/keywords/indeterminacy/
indian-philosophy,https://jcrt.org/archives/keywords/indian-philosophy/
indian-religion,https://jcrt.org/archives/keywords/indian-religion/
indian-subcontinent,https://jcrt.org/archives/keywords/indian-subcontinent/
indigeneity,https://jcrt.org/archives/keywords/indigeneity/
indigenization-of-worship,https://jcrt.org/archives/keywords/indigenization-of-worship/
indigenous-dispossession,https://jcrt.org/archives/keywords/indigenous-dispossession/
indigenous-ethnic-identity,https://jcrt.org/archives/keywords/indigenous-ethnic-identity/
indigenous-feminism,https://jcrt.org/archives/keywords/indigenous-feminism/
indigenous-knowledge,https://jcrt.org/archives/keywords/indigenous-knowledge/
indigenous-land-reclamation,https://jcrt.org/archives/keywords/indigenous-land-reclamation/
indigenous-land-rights,https://jcrt.org/archives/keywords/indigenous-land-rights/
indigenous-land,https://jcrt.org/archives/keywords/indigenous-land/
indigenous-limited-sovereign-and-commercial-rights,https://jcrt.org/archives/keywords/indigenous-limited-sovereign-and-commercial-rights/
indigenous-peoples,https://jcrt.org/archives/keywords/indigenous-peoples/
indigenous-relationality,https://jcrt.org/archives/keywords/indigenous-relationality/
indigenous-religion,https://jcrt.org/archives/keywords/indigenous-religion/
indigenous-religions,https://jcrt.org/archives/keywords/indigenous-religions/
indigenous-religious-traditions,https://jcrt.org/archives/keywords/indigenous-religious-traditions/
indigenous-rights,https://jcrt.org/archives/keywords/indigenous-rights/
indigenous-sovereignty,https://jcrt.org/archives/keywords/indigenous-sovereignty/
indigenous-studies,https://jcrt.org/archives/keywords/indigenous-studies/
indigenous-values,https://jcrt.org/archives/keywords/indigenous-values/
indigenous-women,https://jcrt.org/archives/keywords/indigenous-women/
indiscrete-image-infinitude-creation-of-the-human,https://jcrt.org/archives/keywords/indiscrete-image-infinitude-creation-of-the-human/
individual-agency,https://jcrt.org/archives/keywords/individual-agency/
individual-and-society,https://jcrt.org/archives/keywords/individual-and-society/
individualism,https://jcrt.org/archives/keywords/individualism/
individuation,https://jcrt.org/archives/keywords/individuation/
industrialization,https://jcrt.org/archives/keywords/industrialization/
ineffability,https://jcrt.org/archives/keywords/ineffability/
inequality,https://jcrt.org/archives/keywords/inequality/
infinite,https://jcrt.org/archives/keywords/infinite/
infinity,https://jcrt.org/archives/keywords/infinity/
inflation,https://jcrt.org/archives/keywords/inflation/
information-society,https://jcrt.org/archives/keywords/information-society/
information-technology,https://jcrt.org/archives/keywords/information-technology/
information-theory,https://jcrt.org/archives/keywords/information-theory/
inner-cities,https://jcrt.org/archives/keywords/inner-cities/
inner-experience,https://jcrt.org/archives/keywords/inner-experience/
insects,https://jcrt.org/archives/keywords/insects/
inside-out-film,https://jcrt.org/archives/keywords/inside-out-film/
inspiration,https://jcrt.org/archives/keywords/inspiration/
installation-art,https://jcrt.org/archives/keywords/installation-art/
institution-of-theory,https://jcrt.org/archives/keywords/institution-of-theory/
institutionalism-religion,https://jcrt.org/archives/keywords/institutionalism-religion/
intellect,https://jcrt.org/archives/keywords/intellect/
intellectual-development,https://jcrt.org/archives/keywords/intellectual-development/
intellectual-history,https://jcrt.org/archives/keywords/intellectual-history/
intellectual-life,https://jcrt.org/archives/keywords/intellectual-life/
intellectual-property,https://jcrt.org/archives/keywords/intellectual-property/
intellectuals,https://jcrt.org/archives/keywords/intellectuals/
intelligence-community,https://jcrt.org/archives/keywords/intelligence-community/
intentionalism-aesthetics,https://jcrt.org/archives/keywords/intentionalism-aesthetics/
intentionality,https://jcrt.org/archives/keywords/intentionality/
inter-caetera,https://jcrt.org/archives/keywords/inter-caetera/
interdependence,https://jcrt.org/archives/keywords/interdependence/
interdisciplinary-study,https://jcrt.org/archives/keywords/interdisciplinary-study/
interfaith-dialogue,https://jcrt.org/archives/keywords/interfaith-dialogue/
interfaith,https://jcrt.org/archives/keywords/interfaith/
intergenerational-relations,https://jcrt.org/archives/keywords/intergenerational-relations/
international-affairs,https://jcrt.org/archives/keywords/international-affairs/
international-law-of-colonialism,https://jcrt.org/archives/keywords/international-law-of-colonialism/
international-law,https://jcrt.org/archives/keywords/international-law/
international-politics,https://jcrt.org/archives/keywords/international-politics/
international-relations,https://jcrt.org/archives/keywords/international-relations/
internet,https://jcrt.org/archives/keywords/internet/
interpersonal-relations,https://jcrt.org/archives/keywords/interpersonal-relations/
interpretation-history,https://jcrt.org/archives/keywords/interpretation-history/
interpretation,https://jcrt.org/archives/keywords/interpretation/
interreligious-dialogue,https://jcrt.org/archives/keywords/interreligious-dialogue/
interruption,https://jcrt.org/archives/keywords/interruption/
interstitiality,https://jcrt.org/archives/keywords/interstitiality/
intersubjectivity,https://jcrt.org/archives/keywords/intersubjectivity/
intertextuality,https://jcrt.org/archives/keywords/intertextuality/
interviews,https://jcrt.org/archives/keywords/interviews/
intimacy-psychology,https://jcrt.org/archives/keywords/intimacy-psychology/
inventing-eden-primitivism,https://jcrt.org/archives/keywords/inventing-eden-primitivism/
invisibility,https://jcrt.org/archives/keywords/invisibility/
involuntary-memory,https://jcrt.org/archives/keywords/involuntary-memory/
ionian-philosophy,https://jcrt.org/archives/keywords/ionian-philosophy/
iran,https://jcrt.org/archives/keywords/iran/
ireland,https://jcrt.org/archives/keywords/ireland/
irony,https://jcrt.org/archives/keywords/irony/
irrationalism,https://jcrt.org/archives/keywords/irrationalism/
irving-singer,https://jcrt.org/archives/keywords/irving-singer/
islam-and-culture,https://jcrt.org/archives/keywords/islam-and-culture/
islam-and-politics,https://jcrt.org/archives/keywords/islam-and-politics/
islam-and-secularism,https://jcrt.org/archives/keywords/islam-and-secularism/
islam-and-state,https://jcrt.org/archives/keywords/islam-and-state/
islam-and-the-west,https://jcrt.org/archives/keywords/islam-and-the-west/
islam,https://jcrt.org/archives/keywords/islam/
islamic-bioethics,https://jcrt.org/archives/keywords/islamic-bioethics/
islamic-law,https://jcrt.org/archives/keywords/islamic-law/
islamic-metaphysics,https://jcrt.org/archives/keywords/islamic-metaphysics/
islamic-studies,https://jcrt.org/archives/keywords/islamic-studies/
islamic-theology,https://jcrt.org/archives/keywords/islamic-theology/
islamic-world,https://jcrt.org/archives/keywords/islamic-world/
island-of-dr-moreau,https://jcrt.org/archives/keywords/island-of-dr-moreau/
israel,https://jcrt.org/archives/keywords/israel/
ivan-illich,https://jcrt.org/archives/keywords/ivan-illich/
j-l-austin,https://jcrt.org/archives/keywords/j-l-austin/
jack-t,https://jcrt.org/archives/keywords/jack-t/
jackson,https://jcrt.org/archives/keywords/jackson/
jacqueline,https://jcrt.org/archives/keywords/jacqueline/
jacques-derrida,https://jcrt.org/archives/keywords/jacques-derrida/
jacques-lacan,https://jcrt.org/archives/keywords/jacques-lacan/
jacques-louis,https://jcrt.org/archives/keywords/jacques-louis/
jacques,https://jcrt.org/archives/keywords/jacques/
jaina-ethics,https://jcrt.org/archives/keywords/jaina-ethics/
jainism,https://jcrt.org/archives/keywords/jainism/
jalal,https://jcrt.org/archives/keywords/jalal/
james-frazer,https://jcrt.org/archives/keywords/james-frazer/
james-m,https://jcrt.org/archives/keywords/james-m/
james-mackey,https://jcrt.org/archives/keywords/james-mackey/
jameson,https://jcrt.org/archives/keywords/jameson/
jan,https://jcrt.org/archives/keywords/jan/
jane-ellen,https://jcrt.org/archives/keywords/jane-ellen/
janet-jakobsen,https://jcrt.org/archives/keywords/janet-jakobsen/
janicaud,https://jcrt.org/archives/keywords/janicaud/
jansenists-and-jansenism,https://jcrt.org/archives/keywords/jansenists-and-jansenism/
jazz,https://jcrt.org/archives/keywords/jazz/
jean-baudrillard,https://jcrt.org/archives/keywords/jean-baudrillard/
jean-francois-lyotard,https://jcrt.org/archives/keywords/jean-francois-lyotard/
jean-jacques,https://jcrt.org/archives/keywords/jean-jacques/
jean-louis-chretien,https://jcrt.org/archives/keywords/jean-louis-chretien/
jean-luc-marion,https://jcrt.org/archives/keywords/jean-luc-marion/
jean-luc-nancy,https://jcrt.org/archives/keywords/jean-luc-nancy/
jean-luc,https://jcrt.org/archives/keywords/jean-luc/
jean-michel-rabate,https://jcrt.org/archives/keywords/jean-michel-rabate/
jean-paul-sartre,https://jcrt.org/archives/keywords/jean-paul-sartre/
jean-paul,https://jcrt.org/archives/keywords/jean-paul/
jean-renoir,https://jcrt.org/archives/keywords/jean-renoir/
jean,https://jcrt.org/archives/keywords/jean/
jeff,https://jcrt.org/archives/keywords/jeff/
jeffrey-bloechl,https://jcrt.org/archives/keywords/jeffrey-bloechl/
jeffrey-stout,https://jcrt.org/archives/keywords/jeffrey-stout/
jeffrey-w,https://jcrt.org/archives/keywords/jeffrey-w/
jennifer-r,https://jcrt.org/archives/keywords/jennifer-r/
jennifer,https://jcrt.org/archives/keywords/jennifer/
jeremy-bentham,https://jcrt.org/archives/keywords/jeremy-bentham/
jeremy,https://jcrt.org/archives/keywords/jeremy/
jesus-christ-art,https://jcrt.org/archives/keywords/jesus-christ-art/
jesus-christ-crucifixion,https://jcrt.org/archives/keywords/jesus-christ-crucifixion/
jesus-christ-history-of-doctrines,https://jcrt.org/archives/keywords/jesus-christ-history-of-doctrines/
jesus-christ-humanity,https://jcrt.org/archives/keywords/jesus-christ-humanity/
jesus-christ-in-literature,https://jcrt.org/archives/keywords/jesus-christ-in-literature/
jesus-christ-mystical-body,https://jcrt.org/archives/keywords/jesus-christ-mystical-body/
jesus-christ-person-and-offices,https://jcrt.org/archives/keywords/jesus-christ-person-and-offices/
jesus-christ-resurrection,https://jcrt.org/archives/keywords/jesus-christ-resurrection/
jesus-christ-teachings,https://jcrt.org/archives/keywords/jesus-christ-teachings/
jesus-christ,https://jcrt.org/archives/keywords/jesus-christ/
jewish-1939-1945-in-literature,https://jcrt.org/archives/keywords/jewish-1939-1945-in-literature/
jewish-1939-1945,https://jcrt.org/archives/keywords/jewish-1939-1945/
jewish-arab-relations,https://jcrt.org/archives/keywords/jewish-arab-relations/
jewish-christian-relations,https://jcrt.org/archives/keywords/jewish-christian-relations/
jewish-culture,https://jcrt.org/archives/keywords/jewish-culture/
jewish-history,https://jcrt.org/archives/keywords/jewish-history/
jewish-identity,https://jcrt.org/archives/keywords/jewish-identity/
jewish-law,https://jcrt.org/archives/keywords/jewish-law/
jewish-mysticism,https://jcrt.org/archives/keywords/jewish-mysticism/
jewish-philosophy,https://jcrt.org/archives/keywords/jewish-philosophy/
jewish-scholars,https://jcrt.org/archives/keywords/jewish-scholars/
jewish-studies,https://jcrt.org/archives/keywords/jewish-studies/
jewish-theology,https://jcrt.org/archives/keywords/jewish-theology/
jewish-thought,https://jcrt.org/archives/keywords/jewish-thought/
jewish,https://jcrt.org/archives/keywords/jewish/
jews-civil-rights,https://jcrt.org/archives/keywords/jews-civil-rights/
jews-history,https://jcrt.org/archives/keywords/jews-history/
jews-identity,https://jcrt.org/archives/keywords/jews-identity/
jews-legal-status,https://jcrt.org/archives/keywords/jews-legal-status/
jews,https://jcrt.org/archives/keywords/jews/
jim-jarmusch,https://jcrt.org/archives/keywords/jim-jarmusch/
jim,https://jcrt.org/archives/keywords/jim/
joel-osteen,https://jcrt.org/archives/keywords/joel-osteen/
john-a-t-john-arthur-thomas,https://jcrt.org/archives/keywords/john-a-t-john-arthur-thomas/
john-caputo,https://jcrt.org/archives/keywords/john-caputo/
john-d-caputo,https://jcrt.org/archives/keywords/john-d-caputo/
john-d,https://jcrt.org/archives/keywords/john-d/
john-dewey,https://jcrt.org/archives/keywords/john-dewey/
john-howard-yoder,https://jcrt.org/archives/keywords/john-howard-yoder/
john-milbank,https://jcrt.org/archives/keywords/john-milbank/
john-of-the-cross,https://jcrt.org/archives/keywords/john-of-the-cross/
john-panteleimon-manoussakis,https://jcrt.org/archives/keywords/john-panteleimon-manoussakis/
john-rawls,https://jcrt.org/archives/keywords/john-rawls/
john-roth,https://jcrt.org/archives/keywords/john-roth/
john-sallis,https://jcrt.org/archives/keywords/john-sallis/
john,https://jcrt.org/archives/keywords/john/
johnny-cash,https://jcrt.org/archives/keywords/johnny-cash/
johnson-v-mintosh,https://jcrt.org/archives/keywords/johnson-v-mintosh/
jon-pahl,https://jcrt.org/archives/keywords/jon-pahl/
jonathan-israel,https://jcrt.org/archives/keywords/jonathan-israel/
jonathan-z-smith,https://jcrt.org/archives/keywords/jonathan-z-smith/
jonathan,https://jcrt.org/archives/keywords/jonathan/
joseph-beuys,https://jcrt.org/archives/keywords/joseph-beuys/
jouissance,https://jcrt.org/archives/keywords/jouissance/
journal-for-cultural-and-religious-theory,https://jcrt.org/archives/keywords/journal-for-cultural-and-religious-theory/
journalism,https://jcrt.org/archives/keywords/journalism/
ju-rgen,https://jcrt.org/archives/keywords/ju-rgen/
judaism-and-philosophy,https://jcrt.org/archives/keywords/judaism-and-philosophy/
judaism-and-politics,https://jcrt.org/archives/keywords/judaism-and-politics/
judaism-history,https://jcrt.org/archives/keywords/judaism-history/
judaism-study-and-teaching,https://jcrt.org/archives/keywords/judaism-study-and-teaching/
judaism,https://jcrt.org/archives/keywords/judaism/
judeo-christian-tradition,https://jcrt.org/archives/keywords/judeo-christian-tradition/
judith-butler,https://jcrt.org/archives/keywords/judith-butler/
judith,https://jcrt.org/archives/keywords/judith/
juergensmeyer,https://jcrt.org/archives/keywords/juergensmeyer/
julia-kristeva,https://jcrt.org/archives/keywords/julia-kristeva/
julia-reinhard,https://jcrt.org/archives/keywords/julia-reinhard/
jurgen-habermas,https://jcrt.org/archives/keywords/jurgen-habermas/
jurgen-moltmann,https://jcrt.org/archives/keywords/jurgen-moltmann/
just-war,https://jcrt.org/archives/keywords/just-war/
justice-and-equity,https://jcrt.org/archives/keywords/justice-and-equity/
justice,https://jcrt.org/archives/keywords/justice/
justification-ethics,https://jcrt.org/archives/keywords/justification-ethics/
k-12-education,https://jcrt.org/archives/keywords/k-12-education/
kabbalah,https://jcrt.org/archives/keywords/kabbalah/
kafka,https://jcrt.org/archives/keywords/kafka/
kant,https://jcrt.org/archives/keywords/kant/
kantian-ethics,https://jcrt.org/archives/keywords/kantian-ethics/
kantorowicz,https://jcrt.org/archives/keywords/kantorowicz/
karatani,https://jcrt.org/archives/keywords/karatani/
karen-king,https://jcrt.org/archives/keywords/karen-king/
karl-barth,https://jcrt.org/archives/keywords/karl-barth/
karl-marx,https://jcrt.org/archives/keywords/karl-marx/
karl,https://jcrt.org/archives/keywords/karl/
katherine-hayles,https://jcrt.org/archives/keywords/katherine-hayles/
kathryn-tanner,https://jcrt.org/archives/keywords/kathryn-tanner/
kaupapa-maori,https://jcrt.org/archives/keywords/kaupapa-maori/
kearney,https://jcrt.org/archives/keywords/kearney/
keller,https://jcrt.org/archives/keywords/keller/
kenneth-s,https://jcrt.org/archives/keywords/kenneth-s/
kenneth-waltz,https://jcrt.org/archives/keywords/kenneth-waltz/
kenosis-theology,https://jcrt.org/archives/keywords/kenosis-theology/
kenosis,https://jcrt.org/archives/keywords/kenosis/
kevin-vanhoozer,https://jcrt.org/archives/keywords/kevin-vanhoozer/
khomeini,https://jcrt.org/archives/keywords/khomeini/
khora,https://jcrt.org/archives/keywords/khora/
kierkegaard,https://jcrt.org/archives/keywords/kierkegaard/
king-of-israel,https://jcrt.org/archives/keywords/king-of-israel/
kingdom-of-god,https://jcrt.org/archives/keywords/kingdom-of-god/
kings-two-bodies,https://jcrt.org/archives/keywords/kings-two-bodies/
kinkade,https://jcrt.org/archives/keywords/kinkade/
kinship,https://jcrt.org/archives/keywords/kinship/
kitsch,https://jcrt.org/archives/keywords/kitsch/
knowledge-production,https://jcrt.org/archives/keywords/knowledge-production/
knowledge,https://jcrt.org/archives/keywords/knowledge/
ko-jin,https://jcrt.org/archives/keywords/ko-jin/
kofman,https://jcrt.org/archives/keywords/kofman/
koons,https://jcrt.org/archives/keywords/koons/
kornbluh,https://jcrt.org/archives/keywords/kornbluh/
kottman,https://jcrt.org/archives/keywords/kottman/
kuitert,https://jcrt.org/archives/keywords/kuitert/
kushner,https://jcrt.org/archives/keywords/kushner/
lacan,https://jcrt.org/archives/keywords/lacan/
lacanian-psychoanalysis,https://jcrt.org/archives/keywords/lacanian-psychoanalysis/
lamanites-mormon-doctrine,https://jcrt.org/archives/keywords/lamanites-mormon-doctrine/
lambert,https://jcrt.org/archives/keywords/lambert/
land-justice,https://jcrt.org/archives/keywords/land-justice/
land-stewardship,https://jcrt.org/archives/keywords/land-stewardship/
land-use,https://jcrt.org/archives/keywords/land-use/
landscapes-in-art,https://jcrt.org/archives/keywords/landscapes-in-art/
langdon,https://jcrt.org/archives/keywords/langdon/
language-and-languages-philosophy,https://jcrt.org/archives/keywords/language-and-languages-philosophy/
language-and-reality,https://jcrt.org/archives/keywords/language-and-reality/
language-and-religion,https://jcrt.org/archives/keywords/language-and-religion/
language-languages,https://jcrt.org/archives/keywords/language-languages/
language-recovery,https://jcrt.org/archives/keywords/language-recovery/
language,https://jcrt.org/archives/keywords/language/
laruelle,https://jcrt.org/archives/keywords/laruelle/
las-vegas-nev,https://jcrt.org/archives/keywords/las-vegas-nev/
last-god,https://jcrt.org/archives/keywords/last-god/
late-capitalism,https://jcrt.org/archives/keywords/late-capitalism/
latin-american-philosophy,https://jcrt.org/archives/keywords/latin-american-philosophy/
latin-american-theology,https://jcrt.org/archives/keywords/latin-american-theology/
latin-american-thought,https://jcrt.org/archives/keywords/latin-american-thought/
latina-feminisms,https://jcrt.org/archives/keywords/latina-feminisms/
latino-immigrants,https://jcrt.org/archives/keywords/latino-immigrants/
latino-studies,https://jcrt.org/archives/keywords/latino-studies/
laughter,https://jcrt.org/archives/keywords/laughter/
law-and-gospel,https://jcrt.org/archives/keywords/law-and-gospel/
law-philosophy,https://jcrt.org/archives/keywords/law-philosophy/
law,https://jcrt.org/archives/keywords/law/
laws,https://jcrt.org/archives/keywords/laws/
le-vinas,https://jcrt.org/archives/keywords/le-vinas/
learning-and-scholarship,https://jcrt.org/archives/keywords/learning-and-scholarship/
learning,https://jcrt.org/archives/keywords/learning/
lectures-and-lecturing,https://jcrt.org/archives/keywords/lectures-and-lecturing/
lefort,https://jcrt.org/archives/keywords/lefort/
leftist-politics,https://jcrt.org/archives/keywords/leftist-politics/
legal-formalism,https://jcrt.org/archives/keywords/legal-formalism/
legitimation-religion,https://jcrt.org/archives/keywords/legitimation-religion/
lenart-skof,https://jcrt.org/archives/keywords/lenart-skof/
lenin,https://jcrt.org/archives/keywords/lenin/
leo-tolstoy,https://jcrt.org/archives/keywords/leo-tolstoy/
less-than-nothing-hegel-the-shadow-of-dialectical-materialism-book,https://jcrt.org/archives/keywords/less-than-nothing-hegel-the-shadow-of-dialectical-materialism-book/
lesser-evil,https://jcrt.org/archives/keywords/lesser-evil/
leviathan,https://jcrt.org/archives/keywords/leviathan/
levinasian-ethics,https://jcrt.org/archives/keywords/levinasian-ethics/
leviticus,https://jcrt.org/archives/keywords/leviticus/
lewis,https://jcrt.org/archives/keywords/lewis/
liberal-democracy,https://jcrt.org/archives/keywords/liberal-democracy/
liberal-education,https://jcrt.org/archives/keywords/liberal-education/
liberal-humanism,https://jcrt.org/archives/keywords/liberal-humanism/
liberal-theology,https://jcrt.org/archives/keywords/liberal-theology/
liberalism-religion,https://jcrt.org/archives/keywords/liberalism-religion/
liberalism,https://jcrt.org/archives/keywords/liberalism/
liberation-philosophy,https://jcrt.org/archives/keywords/liberation-philosophy/
liberation-theology,https://jcrt.org/archives/keywords/liberation-theology/
liberation,https://jcrt.org/archives/keywords/liberation/
liberty,https://jcrt.org/archives/keywords/liberty/
life-and-death,https://jcrt.org/archives/keywords/life-and-death/
life-biblical-teaching,https://jcrt.org/archives/keywords/life-biblical-teaching/
life-centered-sovereignty,https://jcrt.org/archives/keywords/life-centered-sovereignty/
life-in-literature,https://jcrt.org/archives/keywords/life-in-literature/
life-of-pi-book-martel,https://jcrt.org/archives/keywords/life-of-pi-book-martel/
life-phenomenology,https://jcrt.org/archives/keywords/life-phenomenology/
life-writing,https://jcrt.org/archives/keywords/life-writing/
life,https://jcrt.org/archives/keywords/life/
light-darkness-in-the-bible,https://jcrt.org/archives/keywords/light-darkness-in-the-bible/
lilla,https://jcrt.org/archives/keywords/lilla/
liminality,https://jcrt.org/archives/keywords/liminality/
limits-of-language,https://jcrt.org/archives/keywords/limits-of-language/
linda-tuhiwai,https://jcrt.org/archives/keywords/linda-tuhiwai/
lindbeck,https://jcrt.org/archives/keywords/lindbeck/
linguistic-turn,https://jcrt.org/archives/keywords/linguistic-turn/
lisa-j,https://jcrt.org/archives/keywords/lisa-j/
lisa-shaver,https://jcrt.org/archives/keywords/lisa-shaver/
listening,https://jcrt.org/archives/keywords/listening/
literalism,https://jcrt.org/archives/keywords/literalism/
literary-archives,https://jcrt.org/archives/keywords/literary-archives/
literary-criticism,https://jcrt.org/archives/keywords/literary-criticism/
literary-theory,https://jcrt.org/archives/keywords/literary-theory/
literary,https://jcrt.org/archives/keywords/literary/
literature-and-society,https://jcrt.org/archives/keywords/literature-and-society/
literature,https://jcrt.org/archives/keywords/literature/
lithuania,https://jcrt.org/archives/keywords/lithuania/
lloyd,https://jcrt.org/archives/keywords/lloyd/
logic,https://jcrt.org/archives/keywords/logic/
logics-of-worlds-book,https://jcrt.org/archives/keywords/logics-of-worlds-book/
logocentrism,https://jcrt.org/archives/keywords/logocentrism/
logos,https://jcrt.org/archives/keywords/logos/
london-england,https://jcrt.org/archives/keywords/london-england/
long,https://jcrt.org/archives/keywords/long/
longing-for-the-other,https://jcrt.org/archives/keywords/longing-for-the-other/
lord-s-supper-real-presence,https://jcrt.org/archives/keywords/lord-s-supper-real-presence/
lorenzo,https://jcrt.org/archives/keywords/lorenzo/
lost-causes,https://jcrt.org/archives/keywords/lost-causes/
louis-althusser,https://jcrt.org/archives/keywords/louis-althusser/
louis-marie,https://jcrt.org/archives/keywords/louis-marie/
love-in-religion,https://jcrt.org/archives/keywords/love-in-religion/
love,https://jcrt.org/archives/keywords/love/
luce-irigaray,https://jcrt.org/archives/keywords/luce-irigaray/
lucy,https://jcrt.org/archives/keywords/lucy/
ludwig-wittgenstein,https://jcrt.org/archives/keywords/ludwig-wittgenstein/
ludwig,https://jcrt.org/archives/keywords/ludwig/
luevano,https://jcrt.org/archives/keywords/luevano/
luke,https://jcrt.org/archives/keywords/luke/
lupton,https://jcrt.org/archives/keywords/lupton/
lutheran-churches,https://jcrt.org/archives/keywords/lutheran-churches/
lying,https://jcrt.org/archives/keywords/lying/
magic-realism-literature,https://jcrt.org/archives/keywords/magic-realism-literature/
maha-ya-na-buddhism,https://jcrt.org/archives/keywords/maha-ya-na-buddhism/
maitreyana-tha,https://jcrt.org/archives/keywords/maitreyana-tha/
malabou,https://jcrt.org/archives/keywords/malabou/
malcolm,https://jcrt.org/archives/keywords/malcolm/
male-domination-social-structure,https://jcrt.org/archives/keywords/male-domination-social-structure/
manchurian-candidate,https://jcrt.org/archives/keywords/manchurian-candidate/
manifest-destiny,https://jcrt.org/archives/keywords/manifest-destiny/
manuel-a,https://jcrt.org/archives/keywords/manuel-a/
manuscripts,https://jcrt.org/archives/keywords/manuscripts/
marcel-gauchet,https://jcrt.org/archives/keywords/marcel-gauchet/
marcel-mauss,https://jcrt.org/archives/keywords/marcel-mauss/
marcel-proust,https://jcrt.org/archives/keywords/marcel-proust/
marcel,https://jcrt.org/archives/keywords/marcel/
marcus-pound,https://jcrt.org/archives/keywords/marcus-pound/
marginality,https://jcrt.org/archives/keywords/marginality/
marion,https://jcrt.org/archives/keywords/marion/
mark-c-taylor,https://jcrt.org/archives/keywords/mark-c-taylor/
mark-c,https://jcrt.org/archives/keywords/mark-c/
mark-juergensmeyer,https://jcrt.org/archives/keywords/mark-juergensmeyer/
mark-millar,https://jcrt.org/archives/keywords/mark-millar/
mark-noll,https://jcrt.org/archives/keywords/mark-noll/
mark-oppenheimer,https://jcrt.org/archives/keywords/mark-oppenheimer/
mark-taylor,https://jcrt.org/archives/keywords/mark-taylor/
mark-twain,https://jcrt.org/archives/keywords/mark-twain/
mark,https://jcrt.org/archives/keywords/mark/
market-fundamentalism,https://jcrt.org/archives/keywords/market-fundamentalism/
market-populism,https://jcrt.org/archives/keywords/market-populism/
marketing-research-and-public-opinion-polling,https://jcrt.org/archives/keywords/marketing-research-and-public-opinion-polling/
markets,https://jcrt.org/archives/keywords/markets/
marranism,https://jcrt.org/archives/keywords/marranism/
marshall-mcluhan,https://jcrt.org/archives/keywords/marshall-mcluhan/
martin-buber,https://jcrt.org/archives/keywords/martin-buber/
martin-heidegger,https://jcrt.org/archives/keywords/martin-heidegger/
martin-luther,https://jcrt.org/archives/keywords/martin-luther/
martin-stokhof,https://jcrt.org/archives/keywords/martin-stokhof/
martin,https://jcrt.org/archives/keywords/martin/
martyrdom,https://jcrt.org/archives/keywords/martyrdom/
marx,https://jcrt.org/archives/keywords/marx/
marxian-economics,https://jcrt.org/archives/keywords/marxian-economics/
marxism,https://jcrt.org/archives/keywords/marxism/
marxist-political-economy,https://jcrt.org/archives/keywords/marxist-political-economy/
mary-douglas,https://jcrt.org/archives/keywords/mary-douglas/
mary-kelly,https://jcrt.org/archives/keywords/mary-kelly/
masculinity,https://jcrt.org/archives/keywords/masculinity/
mashup-philosophy-of-religion,https://jcrt.org/archives/keywords/mashup-philosophy-of-religion/
mashups-musical-form,https://jcrt.org/archives/keywords/mashups-musical-form/
mass-incarceration,https://jcrt.org/archives/keywords/mass-incarceration/
mass-media,https://jcrt.org/archives/keywords/mass-media/
master-signifier,https://jcrt.org/archives/keywords/master-signifier/
material-culture,https://jcrt.org/archives/keywords/material-culture/
material-phenomenology,https://jcrt.org/archives/keywords/material-phenomenology/
materialism,https://jcrt.org/archives/keywords/materialism/
materiality-of-the-book,https://jcrt.org/archives/keywords/materiality-of-the-book/
materiality,https://jcrt.org/archives/keywords/materiality/
maternity,https://jcrt.org/archives/keywords/maternity/
mathematics-philosophy,https://jcrt.org/archives/keywords/mathematics-philosophy/
mathematics,https://jcrt.org/archives/keywords/mathematics/
maudoodi,https://jcrt.org/archives/keywords/maudoodi/
maulana,https://jcrt.org/archives/keywords/maulana/
maurice-blanchot,https://jcrt.org/archives/keywords/maurice-blanchot/
maurice-merleau-ponty,https://jcrt.org/archives/keywords/maurice-merleau-ponty/
maurice,https://jcrt.org/archives/keywords/maurice/
mauss,https://jcrt.org/archives/keywords/mauss/
max-horkheimer,https://jcrt.org/archives/keywords/max-horkheimer/
max-kommerell,https://jcrt.org/archives/keywords/max-kommerell/
max-scheler,https://jcrt.org/archives/keywords/max-scheler/
max-weber,https://jcrt.org/archives/keywords/max-weber/
max,https://jcrt.org/archives/keywords/max/
maxine-greene,https://jcrt.org/archives/keywords/maxine-greene/
may-1968,https://jcrt.org/archives/keywords/may-1968/
mccarthy,https://jcrt.org/archives/keywords/mccarthy/
mccutcheon,https://jcrt.org/archives/keywords/mccutcheon/
mciver,https://jcrt.org/archives/keywords/mciver/
meaning-philosophy,https://jcrt.org/archives/keywords/meaning-philosophy/
meaning,https://jcrt.org/archives/keywords/meaning/
meaninglessness-philosophy,https://jcrt.org/archives/keywords/meaninglessness-philosophy/
mec,https://jcrt.org/archives/keywords/mec/
media-access,https://jcrt.org/archives/keywords/media-access/
media-studies,https://jcrt.org/archives/keywords/media-studies/
media-theory,https://jcrt.org/archives/keywords/media-theory/
mediation,https://jcrt.org/archives/keywords/mediation/
mediatization,https://jcrt.org/archives/keywords/mediatization/
medical-anthropology,https://jcrt.org/archives/keywords/medical-anthropology/
medical-ethics,https://jcrt.org/archives/keywords/medical-ethics/
medical-offices,https://jcrt.org/archives/keywords/medical-offices/
medicalization,https://jcrt.org/archives/keywords/medicalization/
medicine-bundles,https://jcrt.org/archives/keywords/medicine-bundles/
medicine-philosophy,https://jcrt.org/archives/keywords/medicine-philosophy/
medieval-mysticism,https://jcrt.org/archives/keywords/medieval-mysticism/
medieval-philosophy,https://jcrt.org/archives/keywords/medieval-philosophy/
medieval-scholasticism,https://jcrt.org/archives/keywords/medieval-scholasticism/
medieval-studies,https://jcrt.org/archives/keywords/medieval-studies/
medieval,https://jcrt.org/archives/keywords/medieval/
mediology,https://jcrt.org/archives/keywords/mediology/
medium-specificity,https://jcrt.org/archives/keywords/medium-specificity/
mediums,https://jcrt.org/archives/keywords/mediums/
mediumship,https://jcrt.org/archives/keywords/mediumship/
megachurch,https://jcrt.org/archives/keywords/megachurch/
meister-eckhart,https://jcrt.org/archives/keywords/meister-eckhart/
mel-gibson,https://jcrt.org/archives/keywords/mel-gibson/
melancholia,https://jcrt.org/archives/keywords/melancholia/
memorials,https://jcrt.org/archives/keywords/memorials/
memory-philosophy,https://jcrt.org/archives/keywords/memory-philosophy/
memory,https://jcrt.org/archives/keywords/memory/
menstruation,https://jcrt.org/archives/keywords/menstruation/
mental-health-specialists,https://jcrt.org/archives/keywords/mental-health-specialists/
mental-health,https://jcrt.org/archives/keywords/mental-health/
merchant-of-venice,https://jcrt.org/archives/keywords/merchant-of-venice/
mercier-camier-book,https://jcrt.org/archives/keywords/mercier-camier-book/
mercy,https://jcrt.org/archives/keywords/mercy/
merleau-ponty,https://jcrt.org/archives/keywords/merleau-ponty/
merold-westphal,https://jcrt.org/archives/keywords/merold-westphal/
messianic-era-judaism,https://jcrt.org/archives/keywords/messianic-era-judaism/
messianicity,https://jcrt.org/archives/keywords/messianicity/
messianism,https://jcrt.org/archives/keywords/messianism/
meta-philosophy,https://jcrt.org/archives/keywords/meta-philosophy/
metamodernism,https://jcrt.org/archives/keywords/metamodernism/
metanarrative,https://jcrt.org/archives/keywords/metanarrative/
metanarratives,https://jcrt.org/archives/keywords/metanarratives/
metaphor,https://jcrt.org/archives/keywords/metaphor/
metaphysical-cosmology,https://jcrt.org/archives/keywords/metaphysical-cosmology/
metaphysical-desire,https://jcrt.org/archives/keywords/metaphysical-desire/
metaphysical-realism,https://jcrt.org/archives/keywords/metaphysical-realism/
metaphysical-religion,https://jcrt.org/archives/keywords/metaphysical-religion/
metaphysics-of-presence,https://jcrt.org/archives/keywords/metaphysics-of-presence/
metaphysics,https://jcrt.org/archives/keywords/metaphysics/
methodism,https://jcrt.org/archives/keywords/methodism/
methodological-atheism,https://jcrt.org/archives/keywords/methodological-atheism/
methodology,https://jcrt.org/archives/keywords/methodology/
mia-l,https://jcrt.org/archives/keywords/mia-l/
michael-brown,https://jcrt.org/archives/keywords/michael-brown/
michael-hanby,https://jcrt.org/archives/keywords/michael-hanby/
michael-hardt,https://jcrt.org/archives/keywords/michael-hardt/
michael-ignatieff,https://jcrt.org/archives/keywords/michael-ignatieff/
michael-p-lynch,https://jcrt.org/archives/keywords/michael-p-lynch/
michael-t,https://jcrt.org/archives/keywords/michael-t/
michael,https://jcrt.org/archives/keywords/michael/
michel-de-certeau,https://jcrt.org/archives/keywords/michel-de-certeau/
michel-de,https://jcrt.org/archives/keywords/michel-de/
michel-foucault,https://jcrt.org/archives/keywords/michel-foucault/
michel-henry,https://jcrt.org/archives/keywords/michel-henry/
michel-maffesoli,https://jcrt.org/archives/keywords/michel-maffesoli/
michel-serres,https://jcrt.org/archives/keywords/michel-serres/
michel,https://jcrt.org/archives/keywords/michel/
michelangelo-buonarroti,https://jcrt.org/archives/keywords/michelangelo-buonarroti/
middle-ages,https://jcrt.org/archives/keywords/middle-ages/
middle-path,https://jcrt.org/archives/keywords/middle-path/
midrash,https://jcrt.org/archives/keywords/midrash/
mieke-bal,https://jcrt.org/archives/keywords/mieke-bal/
mignolo,https://jcrt.org/archives/keywords/mignolo/
migration,https://jcrt.org/archives/keywords/migration/
mika,https://jcrt.org/archives/keywords/mika/
milbank,https://jcrt.org/archives/keywords/milbank/
military-policy,https://jcrt.org/archives/keywords/military-policy/
military-rabbinate,https://jcrt.org/archives/keywords/military-rabbinate/
millennialism-the-making-of-new-england-book,https://jcrt.org/archives/keywords/millennialism-the-making-of-new-england-book/
millennialism,https://jcrt.org/archives/keywords/millennialism/
miller,https://jcrt.org/archives/keywords/miller/
mimesis,https://jcrt.org/archives/keywords/mimesis/
mind-and-body,https://jcrt.org/archives/keywords/mind-and-body/
mind-control,https://jcrt.org/archives/keywords/mind-control/
minesweepers,https://jcrt.org/archives/keywords/minesweepers/
minimal-theology,https://jcrt.org/archives/keywords/minimal-theology/
minor-literature,https://jcrt.org/archives/keywords/minor-literature/
miracles,https://jcrt.org/archives/keywords/miracles/
mirce-a,https://jcrt.org/archives/keywords/mirce-a/
mircea-eliade,https://jcrt.org/archives/keywords/mircea-eliade/
misrecognition,https://jcrt.org/archives/keywords/misrecognition/
missiology,https://jcrt.org/archives/keywords/missiology/
mkultra,https://jcrt.org/archives/keywords/mkultra/
mode-of-production,https://jcrt.org/archives/keywords/mode-of-production/
modern-art,https://jcrt.org/archives/keywords/modern-art/
modern-theology,https://jcrt.org/archives/keywords/modern-theology/
modern-university,https://jcrt.org/archives/keywords/modern-university/
modern,https://jcrt.org/archives/keywords/modern/
modernism-christian-theology,https://jcrt.org/archives/keywords/modernism-christian-theology/
modernism-literature,https://jcrt.org/archives/keywords/modernism-literature/
modernism,https://jcrt.org/archives/keywords/modernism/
modernist-art,https://jcrt.org/archives/keywords/modernist-art/
modernist-poetry,https://jcrt.org/archives/keywords/modernist-poetry/
modernity,https://jcrt.org/archives/keywords/modernity/
modernization,https://jcrt.org/archives/keywords/modernization/
monarchy,https://jcrt.org/archives/keywords/monarchy/
monasticism-and-religious-orders-education,https://jcrt.org/archives/keywords/monasticism-and-religious-orders-education/
monasticism,https://jcrt.org/archives/keywords/monasticism/
money,https://jcrt.org/archives/keywords/money/
monica,https://jcrt.org/archives/keywords/monica/
monotheism,https://jcrt.org/archives/keywords/monotheism/
monster-theory,https://jcrt.org/archives/keywords/monster-theory/
monuments,https://jcrt.org/archives/keywords/monuments/
moral-demand,https://jcrt.org/archives/keywords/moral-demand/
moral-development,https://jcrt.org/archives/keywords/moral-development/
moral-education,https://jcrt.org/archives/keywords/moral-education/
moral-lessons,https://jcrt.org/archives/keywords/moral-lessons/
moral-obligation,https://jcrt.org/archives/keywords/moral-obligation/
moral-philosophy,https://jcrt.org/archives/keywords/moral-philosophy/
moral-responsibility,https://jcrt.org/archives/keywords/moral-responsibility/
moral-theology,https://jcrt.org/archives/keywords/moral-theology/
moral-universalism,https://jcrt.org/archives/keywords/moral-universalism/
morality,https://jcrt.org/archives/keywords/morality/
more-than-belief-a-materialist-theory-of-religion-book,https://jcrt.org/archives/keywords/more-than-belief-a-materialist-theory-of-religion-book/
mormonism,https://jcrt.org/archives/keywords/mormonism/
morphogenesis,https://jcrt.org/archives/keywords/morphogenesis/
mortality,https://jcrt.org/archives/keywords/mortality/
moser,https://jcrt.org/archives/keywords/moser/
moses-and-monotheism,https://jcrt.org/archives/keywords/moses-and-monotheism/
moses,https://jcrt.org/archives/keywords/moses/
mothers-in-literature,https://jcrt.org/archives/keywords/mothers-in-literature/
motion-pictures-and-religion,https://jcrt.org/archives/keywords/motion-pictures-and-religion/
motion-pictures,https://jcrt.org/archives/keywords/motion-pictures/
mourning,https://jcrt.org/archives/keywords/mourning/
multiculturalism,https://jcrt.org/archives/keywords/multiculturalism/
multiple-personality-disorder,https://jcrt.org/archives/keywords/multiple-personality-disorder/
multitude,https://jcrt.org/archives/keywords/multitude/
municipal-art,https://jcrt.org/archives/keywords/municipal-art/
mural-art,https://jcrt.org/archives/keywords/mural-art/
muralism,https://jcrt.org/archives/keywords/muralism/
music-and-society,https://jcrt.org/archives/keywords/music-and-society/
music-and-technology,https://jcrt.org/archives/keywords/music-and-technology/
music-composition,https://jcrt.org/archives/keywords/music-composition/
music-philosophy-and-aesthetics,https://jcrt.org/archives/keywords/music-philosophy-and-aesthetics/
muslim-biomedical-ethics,https://jcrt.org/archives/keywords/muslim-biomedical-ethics/
muslim-identity,https://jcrt.org/archives/keywords/muslim-identity/
muslims,https://jcrt.org/archives/keywords/muslims/
mystery-theology,https://jcrt.org/archives/keywords/mystery-theology/
mystery,https://jcrt.org/archives/keywords/mystery/
mystical-experience,https://jcrt.org/archives/keywords/mystical-experience/
mystical-theology,https://jcrt.org/archives/keywords/mystical-theology/
mysticism,https://jcrt.org/archives/keywords/mysticism/
myth,https://jcrt.org/archives/keywords/myth/
mythic-violence,https://jcrt.org/archives/keywords/mythic-violence/
mythology,https://jcrt.org/archives/keywords/mythology/
nag-hammadi,https://jcrt.org/archives/keywords/nag-hammadi/
name-of-god,https://jcrt.org/archives/keywords/name-of-god/
narcissism,https://jcrt.org/archives/keywords/narcissism/
narrative-identity,https://jcrt.org/archives/keywords/narrative-identity/
narrative-theology,https://jcrt.org/archives/keywords/narrative-theology/
narrative-theory,https://jcrt.org/archives/keywords/narrative-theory/
narratology,https://jcrt.org/archives/keywords/narratology/
natality,https://jcrt.org/archives/keywords/natality/
nation-state,https://jcrt.org/archives/keywords/nation-state/
national-characteristics,https://jcrt.org/archives/keywords/national-characteristics/
national-depression,https://jcrt.org/archives/keywords/national-depression/
national-identity,https://jcrt.org/archives/keywords/national-identity/
national-parks-and-reserves,https://jcrt.org/archives/keywords/national-parks-and-reserves/
national-socialism,https://jcrt.org/archives/keywords/national-socialism/
nationalism-and-religion,https://jcrt.org/archives/keywords/nationalism-and-religion/
nationalism,https://jcrt.org/archives/keywords/nationalism/
native-american-philosophy,https://jcrt.org/archives/keywords/native-american-philosophy/
native-american-religion,https://jcrt.org/archives/keywords/native-american-religion/
native-american-religions,https://jcrt.org/archives/keywords/native-american-religions/
native-american-representation,https://jcrt.org/archives/keywords/native-american-representation/
native-american-studies,https://jcrt.org/archives/keywords/native-american-studies/
native-american-thought,https://jcrt.org/archives/keywords/native-american-thought/
native-american,https://jcrt.org/archives/keywords/native-american/
native-cultural-preservation,https://jcrt.org/archives/keywords/native-cultural-preservation/
native-nations,https://jcrt.org/archives/keywords/native-nations/
native-title,https://jcrt.org/archives/keywords/native-title/
natural-evil,https://jcrt.org/archives/keywords/natural-evil/
natural-history,https://jcrt.org/archives/keywords/natural-history/
natural-law,https://jcrt.org/archives/keywords/natural-law/
natural-selection,https://jcrt.org/archives/keywords/natural-selection/
natural-theology,https://jcrt.org/archives/keywords/natural-theology/
naturalism,https://jcrt.org/archives/keywords/naturalism/
nature-conservation,https://jcrt.org/archives/keywords/nature-conservation/
nature-in-religion,https://jcrt.org/archives/keywords/nature-in-religion/
nature,https://jcrt.org/archives/keywords/nature/
nausea,https://jcrt.org/archives/keywords/nausea/
navel-metaphor,https://jcrt.org/archives/keywords/navel-metaphor/
nazism,https://jcrt.org/archives/keywords/nazism/
need-psychology,https://jcrt.org/archives/keywords/need-psychology/
negation-logic,https://jcrt.org/archives/keywords/negation-logic/
negation,https://jcrt.org/archives/keywords/negation/
negative-dialectics,https://jcrt.org/archives/keywords/negative-dialectics/
negative-theology,https://jcrt.org/archives/keywords/negative-theology/
negativism,https://jcrt.org/archives/keywords/negativism/
negri,https://jcrt.org/archives/keywords/negri/
neighbor-love,https://jcrt.org/archives/keywords/neighbor-love/
nelson,https://jcrt.org/archives/keywords/nelson/
neo-thomism,https://jcrt.org/archives/keywords/neo-thomism/
neoclassicism-art,https://jcrt.org/archives/keywords/neoclassicism-art/
neoliberal-capitalism,https://jcrt.org/archives/keywords/neoliberal-capitalism/
neoliberalism,https://jcrt.org/archives/keywords/neoliberalism/
neolithic-revolution,https://jcrt.org/archives/keywords/neolithic-revolution/
neoplatonism,https://jcrt.org/archives/keywords/neoplatonism/
netherlands,https://jcrt.org/archives/keywords/netherlands/
network-culture,https://jcrt.org/archives/keywords/network-culture/
networked-city,https://jcrt.org/archives/keywords/networked-city/
networks,https://jcrt.org/archives/keywords/networks/
neuropolitics,https://jcrt.org/archives/keywords/neuropolitics/
neuroscience-of-religion,https://jcrt.org/archives/keywords/neuroscience-of-religion/
neuroscience,https://jcrt.org/archives/keywords/neuroscience/
neurosciences,https://jcrt.org/archives/keywords/neurosciences/
neurotheology,https://jcrt.org/archives/keywords/neurotheology/
new-age,https://jcrt.org/archives/keywords/new-age/
new-criticism,https://jcrt.org/archives/keywords/new-criticism/
new-england-literature-history-criticism,https://jcrt.org/archives/keywords/new-england-literature-history-criticism/
new-england,https://jcrt.org/archives/keywords/new-england/
new-media-theory,https://jcrt.org/archives/keywords/new-media-theory/
new-media,https://jcrt.org/archives/keywords/new-media/
new-positivism,https://jcrt.org/archives/keywords/new-positivism/
new-right-christianity,https://jcrt.org/archives/keywords/new-right-christianity/
new-testament,https://jcrt.org/archives/keywords/new-testament/
new-world,https://jcrt.org/archives/keywords/new-world/
new-zealand,https://jcrt.org/archives/keywords/new-zealand/
niall-gildea,https://jcrt.org/archives/keywords/niall-gildea/
niall,https://jcrt.org/archives/keywords/niall/
nicene-creed,https://jcrt.org/archives/keywords/nicene-creed/
nichol,https://jcrt.org/archives/keywords/nichol/
nicholas-lash,https://jcrt.org/archives/keywords/nicholas-lash/
nicholas-of-cusa,https://jcrt.org/archives/keywords/nicholas-of-cusa/
nichole-e,https://jcrt.org/archives/keywords/nichole-e/
nick-sousanis,https://jcrt.org/archives/keywords/nick-sousanis/
nick,https://jcrt.org/archives/keywords/nick/
nietzsche,https://jcrt.org/archives/keywords/nietzsche/
night-of-the-living-dead-film-1968,https://jcrt.org/archives/keywords/night-of-the-living-dead-film-1968/
nihilism,https://jcrt.org/archives/keywords/nihilism/
nihilopolitics,https://jcrt.org/archives/keywords/nihilopolitics/
niki,https://jcrt.org/archives/keywords/niki/
nineteenth-century-america,https://jcrt.org/archives/keywords/nineteenth-century-america/
nirvana,https://jcrt.org/archives/keywords/nirvana/
noam-noam-avram,https://jcrt.org/archives/keywords/noam-noam-avram/
nominalism,https://jcrt.org/archives/keywords/nominalism/
non-contrastive-transcendence,https://jcrt.org/archives/keywords/non-contrastive-transcendence/
non-governmental-organizations,https://jcrt.org/archives/keywords/non-governmental-organizations/
non-philosophie,https://jcrt.org/archives/keywords/non-philosophie/
nonduality,https://jcrt.org/archives/keywords/nonduality/
nonfiction,https://jcrt.org/archives/keywords/nonfiction/
nonfoundationalism,https://jcrt.org/archives/keywords/nonfoundationalism/
nonviolence,https://jcrt.org/archives/keywords/nonviolence/
noreen-herzfeld,https://jcrt.org/archives/keywords/noreen-herzfeld/
northrop,https://jcrt.org/archives/keywords/northrop/
nostalgia,https://jcrt.org/archives/keywords/nostalgia/
notebooks-for-an-ethics-book,https://jcrt.org/archives/keywords/notebooks-for-an-ethics-book/
notebooks,https://jcrt.org/archives/keywords/notebooks/
nothing-philosophy,https://jcrt.org/archives/keywords/nothing-philosophy/
nothingness,https://jcrt.org/archives/keywords/nothingness/
nuclear-weapons,https://jcrt.org/archives/keywords/nuclear-weapons/
nudity,https://jcrt.org/archives/keywords/nudity/
nuns,https://jcrt.org/archives/keywords/nuns/
obedience,https://jcrt.org/archives/keywords/obedience/
obituaries,https://jcrt.org/archives/keywords/obituaries/
obituary,https://jcrt.org/archives/keywords/obituary/
object-philosophy,https://jcrt.org/archives/keywords/object-philosophy/
object-relations-psychoanalysis,https://jcrt.org/archives/keywords/object-relations-psychoanalysis/
objectivity,https://jcrt.org/archives/keywords/objectivity/
objet-petit-a,https://jcrt.org/archives/keywords/objet-petit-a/
occultism,https://jcrt.org/archives/keywords/occultism/
occupy-protest-movement,https://jcrt.org/archives/keywords/occupy-protest-movement/
october-7-attack,https://jcrt.org/archives/keywords/october-7-attack/
of-hippo,https://jcrt.org/archives/keywords/of-hippo/
office-administrative-services,https://jcrt.org/archives/keywords/office-administrative-services/
offices-of-all-other-health-practitioners,https://jcrt.org/archives/keywords/offices-of-all-other-health-practitioners/
offices-of-all-other-miscellaneous-health-practitioners,https://jcrt.org/archives/keywords/offices-of-all-other-miscellaneous-health-practitioners/
offices-of-mental-health-practitioners-except-physicians,https://jcrt.org/archives/keywords/offices-of-mental-health-practitioners-except-physicians/
offices-of-physicians-except-mental-health-specialists,https://jcrt.org/archives/keywords/offices-of-physicians-except-mental-health-specialists/
offices-of-physicians,https://jcrt.org/archives/keywords/offices-of-physicians/
ojakangas,https://jcrt.org/archives/keywords/ojakangas/
old-testament,https://jcrt.org/archives/keywords/old-testament/
on-religion-speeches-to-its-cultured-despisers-book,https://jcrt.org/archives/keywords/on-religion-speeches-to-its-cultured-despisers-book/
oneself-as-another,https://jcrt.org/archives/keywords/oneself-as-another/
onto-theo-logy,https://jcrt.org/archives/keywords/onto-theo-logy/
onto-theology,https://jcrt.org/archives/keywords/onto-theology/
ontological-difference,https://jcrt.org/archives/keywords/ontological-difference/
ontology,https://jcrt.org/archives/keywords/ontology/
ontotheology,https://jcrt.org/archives/keywords/ontotheology/
oona,https://jcrt.org/archives/keywords/oona/
oppression-psychology,https://jcrt.org/archives/keywords/oppression-psychology/
oracles,https://jcrt.org/archives/keywords/oracles/
order-philosophy,https://jcrt.org/archives/keywords/order-philosophy/
organizational-sociology,https://jcrt.org/archives/keywords/organizational-sociology/
orientalism,https://jcrt.org/archives/keywords/orientalism/
original-sin,https://jcrt.org/archives/keywords/original-sin/
origins-of-philosophy,https://jcrt.org/archives/keywords/origins-of-philosophy/
orson-welles,https://jcrt.org/archives/keywords/orson-welles/
orthodox-theology,https://jcrt.org/archives/keywords/orthodox-theology/
orthodoxy-and-heresy,https://jcrt.org/archives/keywords/orthodoxy-and-heresy/
orthodoxy,https://jcrt.org/archives/keywords/orthodoxy/
osama,https://jcrt.org/archives/keywords/osama/
other-philosophy,https://jcrt.org/archives/keywords/other-philosophy/
other-printing,https://jcrt.org/archives/keywords/other-printing/
other-social-advocacy-organizations,https://jcrt.org/archives/keywords/other-social-advocacy-organizations/
othering,https://jcrt.org/archives/keywords/othering/
otherness,https://jcrt.org/archives/keywords/otherness/
overbeck,https://jcrt.org/archives/keywords/overbeck/
overcoming-of-metaphysics,https://jcrt.org/archives/keywords/overcoming-of-metaphysics/
pacifism,https://jcrt.org/archives/keywords/pacifism/
pain,https://jcrt.org/archives/keywords/pain/
painting,https://jcrt.org/archives/keywords/painting/
pandemic,https://jcrt.org/archives/keywords/pandemic/
panentheism,https://jcrt.org/archives/keywords/panentheism/
panpsychism,https://jcrt.org/archives/keywords/panpsychism/
papal-bulls,https://jcrt.org/archives/keywords/papal-bulls/
parabasis,https://jcrt.org/archives/keywords/parabasis/
parables,https://jcrt.org/archives/keywords/parables/
paradigm-shift,https://jcrt.org/archives/keywords/paradigm-shift/
paradise-in-art,https://jcrt.org/archives/keywords/paradise-in-art/
paradox,https://jcrt.org/archives/keywords/paradox/
paraenesis,https://jcrt.org/archives/keywords/paraenesis/
parainquiry,https://jcrt.org/archives/keywords/parainquiry/
parallax,https://jcrt.org/archives/keywords/parallax/
paralogy,https://jcrt.org/archives/keywords/paralogy/
paranoia,https://jcrt.org/archives/keywords/paranoia/
parenthood,https://jcrt.org/archives/keywords/parenthood/
park-young-sook,https://jcrt.org/archives/keywords/park-young-sook/
parody,https://jcrt.org/archives/keywords/parody/
partha,https://jcrt.org/archives/keywords/partha/
participation-philosophy,https://jcrt.org/archives/keywords/participation-philosophy/
pascal,https://jcrt.org/archives/keywords/pascal/
pasolini,https://jcrt.org/archives/keywords/pasolini/
passion-of-jesus-christ,https://jcrt.org/archives/keywords/passion-of-jesus-christ/
passion-of-the-christ,https://jcrt.org/archives/keywords/passion-of-the-christ/
passions,https://jcrt.org/archives/keywords/passions/
patoc-ka,https://jcrt.org/archives/keywords/patoc-ka/
patriarchal-theology,https://jcrt.org/archives/keywords/patriarchal-theology/
patriarchy,https://jcrt.org/archives/keywords/patriarchy/
patricia-a,https://jcrt.org/archives/keywords/patricia-a/
patristics,https://jcrt.org/archives/keywords/patristics/
paul-a,https://jcrt.org/archives/keywords/paul-a/
paul-bowles,https://jcrt.org/archives/keywords/paul-bowles/
paul-de-man,https://jcrt.org/archives/keywords/paul-de-man/
paul-k,https://jcrt.org/archives/keywords/paul-k/
paul-klee,https://jcrt.org/archives/keywords/paul-klee/
paul-matthews,https://jcrt.org/archives/keywords/paul-matthews/
paul-ricoeur,https://jcrt.org/archives/keywords/paul-ricoeur/
paul-tillich,https://jcrt.org/archives/keywords/paul-tillich/
paul,https://jcrt.org/archives/keywords/paul/
paula,https://jcrt.org/archives/keywords/paula/
paulo,https://jcrt.org/archives/keywords/paulo/
peace-corps-u-s,https://jcrt.org/archives/keywords/peace-corps-u-s/
peacemaking,https://jcrt.org/archives/keywords/peacemaking/
pedagogy,https://jcrt.org/archives/keywords/pedagogy/
pentecostalism-catholic-church,https://jcrt.org/archives/keywords/pentecostalism-catholic-church/
pentecostalism,https://jcrt.org/archives/keywords/pentecostalism/
people-with-disabilities-and-the-arts,https://jcrt.org/archives/keywords/people-with-disabilities-and-the-arts/
people-with-disabilities-religious-life,https://jcrt.org/archives/keywords/people-with-disabilities-religious-life/
people-with-disabilities,https://jcrt.org/archives/keywords/people-with-disabilities/
perception,https://jcrt.org/archives/keywords/perception/
performance-studies,https://jcrt.org/archives/keywords/performance-studies/
performative-philosophy,https://jcrt.org/archives/keywords/performative-philosophy/
performativity,https://jcrt.org/archives/keywords/performativity/
periodical-publishers,https://jcrt.org/archives/keywords/periodical-publishers/
personality,https://jcrt.org/archives/keywords/personality/
personhood,https://jcrt.org/archives/keywords/personhood/
perspective,https://jcrt.org/archives/keywords/perspective/
perversion,https://jcrt.org/archives/keywords/perversion/
pessimism,https://jcrt.org/archives/keywords/pessimism/
pete,https://jcrt.org/archives/keywords/pete/
peter-e,https://jcrt.org/archives/keywords/peter-e/
peter-hallward,https://jcrt.org/archives/keywords/peter-hallward/
peter-hodgson,https://jcrt.org/archives/keywords/peter-hodgson/
peter-ochs,https://jcrt.org/archives/keywords/peter-ochs/
peter,https://jcrt.org/archives/keywords/peter/
phantasy,https://jcrt.org/archives/keywords/phantasy/
phenomenology-of-place,https://jcrt.org/archives/keywords/phenomenology-of-place/
phenomenology-of-religion,https://jcrt.org/archives/keywords/phenomenology-of-religion/
phenomenology,https://jcrt.org/archives/keywords/phenomenology/
philip-goodchild,https://jcrt.org/archives/keywords/philip-goodchild/
philip-p-arnold,https://jcrt.org/archives/keywords/philip-p-arnold/
philip-roth,https://jcrt.org/archives/keywords/philip-roth/
philip,https://jcrt.org/archives/keywords/philip/
phillips,https://jcrt.org/archives/keywords/phillips/
philo-of-alexandria,https://jcrt.org/archives/keywords/philo-of-alexandria/
philosophers,https://jcrt.org/archives/keywords/philosophers/
philosophical-analysis,https://jcrt.org/archives/keywords/philosophical-analysis/
philosophical-anthropology,https://jcrt.org/archives/keywords/philosophical-anthropology/
philosophical-method,https://jcrt.org/archives/keywords/philosophical-method/
philosophical-negativity,https://jcrt.org/archives/keywords/philosophical-negativity/
philosophical-theology,https://jcrt.org/archives/keywords/philosophical-theology/
philosophy-and-christianity,https://jcrt.org/archives/keywords/philosophy-and-christianity/
philosophy-and-religion,https://jcrt.org/archives/keywords/philosophy-and-religion/
philosophy-and-theology,https://jcrt.org/archives/keywords/philosophy-and-theology/
philosophy-as-inquiry,https://jcrt.org/archives/keywords/philosophy-as-inquiry/
philosophy-historiography,https://jcrt.org/archives/keywords/philosophy-historiography/
philosophy-history,https://jcrt.org/archives/keywords/philosophy-history/
philosophy-methodology,https://jcrt.org/archives/keywords/philosophy-methodology/
philosophy-of-art,https://jcrt.org/archives/keywords/philosophy-of-art/
philosophy-of-christianity,https://jcrt.org/archives/keywords/philosophy-of-christianity/
philosophy-of-creation,https://jcrt.org/archives/keywords/philosophy-of-creation/
philosophy-of-culture,https://jcrt.org/archives/keywords/philosophy-of-culture/
philosophy-of-difference,https://jcrt.org/archives/keywords/philosophy-of-difference/
philosophy-of-history,https://jcrt.org/archives/keywords/philosophy-of-history/
philosophy-of-language,https://jcrt.org/archives/keywords/philosophy-of-language/
philosophy-of-medicine,https://jcrt.org/archives/keywords/philosophy-of-medicine/
philosophy-of-mind,https://jcrt.org/archives/keywords/philosophy-of-mind/
philosophy-of-production,https://jcrt.org/archives/keywords/philosophy-of-production/
philosophy-of-religion,https://jcrt.org/archives/keywords/philosophy-of-religion/
philosophy-of-technology,https://jcrt.org/archives/keywords/philosophy-of-technology/
philosophy-of-the-body,https://jcrt.org/archives/keywords/philosophy-of-the-body/
philosophy-of-time,https://jcrt.org/archives/keywords/philosophy-of-time/
philosophy-of-truth,https://jcrt.org/archives/keywords/philosophy-of-truth/
philosophy-religion,https://jcrt.org/archives/keywords/philosophy-religion/
philosophy-science,https://jcrt.org/archives/keywords/philosophy-science/
philosophy-study-and-teaching,https://jcrt.org/archives/keywords/philosophy-study-and-teaching/
philosophy-terminology,https://jcrt.org/archives/keywords/philosophy-terminology/
philosophy,https://jcrt.org/archives/keywords/philosophy/
photography,https://jcrt.org/archives/keywords/photography/
phronesis,https://jcrt.org/archives/keywords/phronesis/
physical-anthropology,https://jcrt.org/archives/keywords/physical-anthropology/
physicalism,https://jcrt.org/archives/keywords/physicalism/
physician-assisted-suicide,https://jcrt.org/archives/keywords/physician-assisted-suicide/
physicians-in-literature,https://jcrt.org/archives/keywords/physicians-in-literature/
pier-paolo,https://jcrt.org/archives/keywords/pier-paolo/
piero,https://jcrt.org/archives/keywords/piero/
pierre-bourdieu,https://jcrt.org/archives/keywords/pierre-bourdieu/
pierre,https://jcrt.org/archives/keywords/pierre/
piety,https://jcrt.org/archives/keywords/piety/
pinocchio,https://jcrt.org/archives/keywords/pinocchio/
place,https://jcrt.org/archives/keywords/place/
plane-of-immanence,https://jcrt.org/archives/keywords/plane-of-immanence/
planetarity,https://jcrt.org/archives/keywords/planetarity/
planinc,https://jcrt.org/archives/keywords/planinc/
plastination,https://jcrt.org/archives/keywords/plastination/
plato-euthyphro,https://jcrt.org/archives/keywords/plato-euthyphro/
plato-timaeus,https://jcrt.org/archives/keywords/plato-timaeus/
plato,https://jcrt.org/archives/keywords/plato/
platonic-dialogue,https://jcrt.org/archives/keywords/platonic-dialogue/
platonism,https://jcrt.org/archives/keywords/platonism/
platonists,https://jcrt.org/archives/keywords/platonists/
pleasure-principle,https://jcrt.org/archives/keywords/pleasure-principle/
plenary-power,https://jcrt.org/archives/keywords/plenary-power/
plotinus,https://jcrt.org/archives/keywords/plotinus/
pluralism,https://jcrt.org/archives/keywords/pluralism/
pneumatology,https://jcrt.org/archives/keywords/pneumatology/
poetics,https://jcrt.org/archives/keywords/poetics/
poetry-and-philosophy,https://jcrt.org/archives/keywords/poetry-and-philosophy/
poetry,https://jcrt.org/archives/keywords/poetry/
polis,https://jcrt.org/archives/keywords/polis/
political-action,https://jcrt.org/archives/keywords/political-action/
political-attitudes,https://jcrt.org/archives/keywords/political-attitudes/
political-disappearance,https://jcrt.org/archives/keywords/political-disappearance/
political-erasure,https://jcrt.org/archives/keywords/political-erasure/
political-ethics-history,https://jcrt.org/archives/keywords/political-ethics-history/
political-ethics,https://jcrt.org/archives/keywords/political-ethics/
political-mobilization,https://jcrt.org/archives/keywords/political-mobilization/
political-participation,https://jcrt.org/archives/keywords/political-participation/
political-philosophy,https://jcrt.org/archives/keywords/political-philosophy/
political-plays,https://jcrt.org/archives/keywords/political-plays/
political-process-theory,https://jcrt.org/archives/keywords/political-process-theory/
political-realism,https://jcrt.org/archives/keywords/political-realism/
political-science-history,https://jcrt.org/archives/keywords/political-science-history/
political-science-philosophy,https://jcrt.org/archives/keywords/political-science-philosophy/
political-systems,https://jcrt.org/archives/keywords/political-systems/
political-theology,https://jcrt.org/archives/keywords/political-theology/
political-theory,https://jcrt.org/archives/keywords/political-theory/
political-violence,https://jcrt.org/archives/keywords/political-violence/
political,https://jcrt.org/archives/keywords/political/
politics-and-government,https://jcrt.org/archives/keywords/politics-and-government/
politics-in-literature,https://jcrt.org/archives/keywords/politics-in-literature/
politics-in-motion-pictures,https://jcrt.org/archives/keywords/politics-in-motion-pictures/
politics-of-friendship,https://jcrt.org/archives/keywords/politics-of-friendship/
politics-of-identity,https://jcrt.org/archives/keywords/politics-of-identity/
politics-of-religion,https://jcrt.org/archives/keywords/politics-of-religion/
politics-of-representation,https://jcrt.org/archives/keywords/politics-of-representation/
politics-of-resistance,https://jcrt.org/archives/keywords/politics-of-resistance/
politics-the-earth-the-new-materialism-book,https://jcrt.org/archives/keywords/politics-the-earth-the-new-materialism-book/
politics,https://jcrt.org/archives/keywords/politics/
pop-art,https://jcrt.org/archives/keywords/pop-art/
pope-2013-2025-francis-laudato-si,https://jcrt.org/archives/keywords/pope-2013-2025-francis-laudato-si/
popular-culture,https://jcrt.org/archives/keywords/popular-culture/
popular-religion,https://jcrt.org/archives/keywords/popular-religion/
popular-sovereignty,https://jcrt.org/archives/keywords/popular-sovereignty/
populism,https://jcrt.org/archives/keywords/populism/
pornography,https://jcrt.org/archives/keywords/pornography/
port-royal-des-champs-abbey,https://jcrt.org/archives/keywords/port-royal-des-champs-abbey/
portia,https://jcrt.org/archives/keywords/portia/
possibility,https://jcrt.org/archives/keywords/possibility/
post-holocaust-theology,https://jcrt.org/archives/keywords/post-holocaust-theology/
post-kantian-philosophy,https://jcrt.org/archives/keywords/post-kantian-philosophy/
post-medium-condition,https://jcrt.org/archives/keywords/post-medium-condition/
post-secular,https://jcrt.org/archives/keywords/post-secular/
post-traumatic-stress-disorder,https://jcrt.org/archives/keywords/post-traumatic-stress-disorder/
postcolonial-studies,https://jcrt.org/archives/keywords/postcolonial-studies/
postcolonial-theory,https://jcrt.org/archives/keywords/postcolonial-theory/
postcolonialism,https://jcrt.org/archives/keywords/postcolonialism/
postcoloniality,https://jcrt.org/archives/keywords/postcoloniality/
postcritical-theology,https://jcrt.org/archives/keywords/postcritical-theology/
posthuman,https://jcrt.org/archives/keywords/posthuman/
posthumanism,https://jcrt.org/archives/keywords/posthumanism/
posthumous-sperm-retrieval,https://jcrt.org/archives/keywords/posthumous-sperm-retrieval/
postliberal-theology,https://jcrt.org/archives/keywords/postliberal-theology/
postliberalism,https://jcrt.org/archives/keywords/postliberalism/
postmetaphysical-thinking,https://jcrt.org/archives/keywords/postmetaphysical-thinking/
postmodern-atheology,https://jcrt.org/archives/keywords/postmodern-atheology/
postmodern-rationality,https://jcrt.org/archives/keywords/postmodern-rationality/
postmodern-religion,https://jcrt.org/archives/keywords/postmodern-religion/
postmodern-religious-theory,https://jcrt.org/archives/keywords/postmodern-religious-theory/
postmodern-religious-thought,https://jcrt.org/archives/keywords/postmodern-religious-thought/
postmodern-sacred,https://jcrt.org/archives/keywords/postmodern-sacred/
postmodern-theology,https://jcrt.org/archives/keywords/postmodern-theology/
postmodernism-literature,https://jcrt.org/archives/keywords/postmodernism-literature/
postmodernism-philosophy,https://jcrt.org/archives/keywords/postmodernism-philosophy/
postmodernism-the-revolution-in-religious-theory-toward-a-semiotics-of-the-event-book,https://jcrt.org/archives/keywords/postmodernism-the-revolution-in-religious-theory-toward-a-semiotics-of-the-event-book/
postmodernism,https://jcrt.org/archives/keywords/postmodernism/
postphenomenology,https://jcrt.org/archives/keywords/postphenomenology/
postsecularism,https://jcrt.org/archives/keywords/postsecularism/
poststructuralism,https://jcrt.org/archives/keywords/poststructuralism/
poverty,https://jcrt.org/archives/keywords/poverty/
power-philosophy,https://jcrt.org/archives/keywords/power-philosophy/
power-politics,https://jcrt.org/archives/keywords/power-politics/
power-social-sciences,https://jcrt.org/archives/keywords/power-social-sciences/
power,https://jcrt.org/archives/keywords/power/
practical-politics,https://jcrt.org/archives/keywords/practical-politics/
practical-reason,https://jcrt.org/archives/keywords/practical-reason/
practical-wisdom,https://jcrt.org/archives/keywords/practical-wisdom/
practice-philosophy,https://jcrt.org/archives/keywords/practice-philosophy/
pragmatism,https://jcrt.org/archives/keywords/pragmatism/
prague,https://jcrt.org/archives/keywords/prague/
praxis-process,https://jcrt.org/archives/keywords/praxis-process/
praxis,https://jcrt.org/archives/keywords/praxis/
prayer,https://jcrt.org/archives/keywords/prayer/
prayers,https://jcrt.org/archives/keywords/prayers/
preacher,https://jcrt.org/archives/keywords/preacher/
preaching,https://jcrt.org/archives/keywords/preaching/
precession-of-simulacra,https://jcrt.org/archives/keywords/precession-of-simulacra/
predestination,https://jcrt.org/archives/keywords/predestination/
preemption,https://jcrt.org/archives/keywords/preemption/
preposterous-history,https://jcrt.org/archives/keywords/preposterous-history/
presence-and-absence,https://jcrt.org/archives/keywords/presence-and-absence/
presidential-endorsement,https://jcrt.org/archives/keywords/presidential-endorsement/
presidential-politics,https://jcrt.org/archives/keywords/presidential-politics/
presocratic-philosophy,https://jcrt.org/archives/keywords/presocratic-philosophy/
pride-and-vanity,https://jcrt.org/archives/keywords/pride-and-vanity/
primitivism,https://jcrt.org/archives/keywords/primitivism/
print-culture,https://jcrt.org/archives/keywords/print-culture/
prisons-and-prisoners,https://jcrt.org/archives/keywords/prisons-and-prisoners/
privatization,https://jcrt.org/archives/keywords/privatization/
problem-of-evil,https://jcrt.org/archives/keywords/problem-of-evil/
problem-with-grace-reconfiguring-political-theology,https://jcrt.org/archives/keywords/problem-with-grace-reconfiguring-political-theology/
process-philosophy,https://jcrt.org/archives/keywords/process-philosophy/
process-theology,https://jcrt.org/archives/keywords/process-theology/
professoriate,https://jcrt.org/archives/keywords/professoriate/
progress,https://jcrt.org/archives/keywords/progress/
progressive-christianity,https://jcrt.org/archives/keywords/progressive-christianity/
progressive-politics,https://jcrt.org/archives/keywords/progressive-politics/
prometheus,https://jcrt.org/archives/keywords/prometheus/
promise-theology,https://jcrt.org/archives/keywords/promise-theology/
proof-of-god,https://jcrt.org/archives/keywords/proof-of-god/
propaganda,https://jcrt.org/archives/keywords/propaganda/
prophecy,https://jcrt.org/archives/keywords/prophecy/
prophetic-office,https://jcrt.org/archives/keywords/prophetic-office/
prophetic-philosophy,https://jcrt.org/archives/keywords/prophetic-philosophy/
prophetic-pragmatism,https://jcrt.org/archives/keywords/prophetic-pragmatism/
prosthesis,https://jcrt.org/archives/keywords/prosthesis/
prosthetics,https://jcrt.org/archives/keywords/prosthetics/
protestant-fundamentalism,https://jcrt.org/archives/keywords/protestant-fundamentalism/
protestant-theology,https://jcrt.org/archives/keywords/protestant-theology/
protestant-work-ethic,https://jcrt.org/archives/keywords/protestant-work-ethic/
protestantism,https://jcrt.org/archives/keywords/protestantism/
pseudo-dionysius,https://jcrt.org/archives/keywords/pseudo-dionysius/
psychedelics,https://jcrt.org/archives/keywords/psychedelics/
psychiatric-abuse,https://jcrt.org/archives/keywords/psychiatric-abuse/
psychic-trauma,https://jcrt.org/archives/keywords/psychic-trauma/
psychoanalysis-and-literature,https://jcrt.org/archives/keywords/psychoanalysis-and-literature/
psychoanalysis-and-religion,https://jcrt.org/archives/keywords/psychoanalysis-and-religion/
psychoanalysis,https://jcrt.org/archives/keywords/psychoanalysis/
psychology-and-religion,https://jcrt.org/archives/keywords/psychology-and-religion/
psychology-culture,https://jcrt.org/archives/keywords/psychology-culture/
psychology-of-religion,https://jcrt.org/archives/keywords/psychology-of-religion/
psychology-philosophy,https://jcrt.org/archives/keywords/psychology-philosophy/
psychology,https://jcrt.org/archives/keywords/psychology/
psychosexual-development,https://jcrt.org/archives/keywords/psychosexual-development/
public-art,https://jcrt.org/archives/keywords/public-art/
public-bioethics,https://jcrt.org/archives/keywords/public-bioethics/
public-discourse,https://jcrt.org/archives/keywords/public-discourse/
public-humanities,https://jcrt.org/archives/keywords/public-humanities/
public-intellectual,https://jcrt.org/archives/keywords/public-intellectual/
public-lands,https://jcrt.org/archives/keywords/public-lands/
public-opinion,https://jcrt.org/archives/keywords/public-opinion/
public-reason,https://jcrt.org/archives/keywords/public-reason/
public-religion,https://jcrt.org/archives/keywords/public-religion/
public-scholarship,https://jcrt.org/archives/keywords/public-scholarship/
public-space,https://jcrt.org/archives/keywords/public-space/
public-sphere,https://jcrt.org/archives/keywords/public-sphere/
public-theology,https://jcrt.org/archives/keywords/public-theology/
purity-and-danger,https://jcrt.org/archives/keywords/purity-and-danger/
qiu-jin,https://jcrt.org/archives/keywords/qiu-jin/
quality-of-life,https://jcrt.org/archives/keywords/quality-of-life/
quantum-entanglement,https://jcrt.org/archives/keywords/quantum-entanglement/
queer-theory,https://jcrt.org/archives/keywords/queer-theory/
quotation,https://jcrt.org/archives/keywords/quotation/
qur-an-use,https://jcrt.org/archives/keywords/qur-an-use/
qur-an,https://jcrt.org/archives/keywords/qur-an/
quran,https://jcrt.org/archives/keywords/quran/
r-marie-griffith,https://jcrt.org/archives/keywords/r-marie-griffith/
rabbinic-hermeneutics,https://jcrt.org/archives/keywords/rabbinic-hermeneutics/
race-and-class,https://jcrt.org/archives/keywords/race-and-class/
race-and-religion,https://jcrt.org/archives/keywords/race-and-religion/
race-discrimination,https://jcrt.org/archives/keywords/race-discrimination/
race,https://jcrt.org/archives/keywords/race/
racial-equality,https://jcrt.org/archives/keywords/racial-equality/
racism,https://jcrt.org/archives/keywords/racism/
radhakrishnan,https://jcrt.org/archives/keywords/radhakrishnan/
radical-contingency,https://jcrt.org/archives/keywords/radical-contingency/
radical-democracy,https://jcrt.org/archives/keywords/radical-democracy/
radical-empiricism,https://jcrt.org/archives/keywords/radical-empiricism/
radical-engagement,https://jcrt.org/archives/keywords/radical-engagement/
radical-enlightenment,https://jcrt.org/archives/keywords/radical-enlightenment/
radical-hermeneutics,https://jcrt.org/archives/keywords/radical-hermeneutics/
radical-imaginary,https://jcrt.org/archives/keywords/radical-imaginary/
radical-immanence,https://jcrt.org/archives/keywords/radical-immanence/
radical-jew,https://jcrt.org/archives/keywords/radical-jew/
radical-orthodoxy-movement,https://jcrt.org/archives/keywords/radical-orthodoxy-movement/
radical-orthodoxy,https://jcrt.org/archives/keywords/radical-orthodoxy/
radical-theology,https://jcrt.org/archives/keywords/radical-theology/
radical-theory,https://jcrt.org/archives/keywords/radical-theory/
radicalism,https://jcrt.org/archives/keywords/radicalism/
rafael,https://jcrt.org/archives/keywords/rafael/
rainer-maria-rilke,https://jcrt.org/archives/keywords/rainer-maria-rilke/
ralph-waldo-emerson,https://jcrt.org/archives/keywords/ralph-waldo-emerson/
ranajit,https://jcrt.org/archives/keywords/ranajit/
rancie-re,https://jcrt.org/archives/keywords/rancie-re/
rap-music,https://jcrt.org/archives/keywords/rap-music/
rapture,https://jcrt.org/archives/keywords/rapture/
raschke,https://jcrt.org/archives/keywords/raschke/
rational-discourse,https://jcrt.org/archives/keywords/rational-discourse/
rationalism,https://jcrt.org/archives/keywords/rationalism/
rationality,https://jcrt.org/archives/keywords/rationality/
rationalization,https://jcrt.org/archives/keywords/rationalization/
ray-brassier,https://jcrt.org/archives/keywords/ray-brassier/
raymond-ruyer,https://jcrt.org/archives/keywords/raymond-ruyer/
re-enchantment,https://jcrt.org/archives/keywords/re-enchantment/
reader-response-criticism,https://jcrt.org/archives/keywords/reader-response-criticism/
reading,https://jcrt.org/archives/keywords/reading/
realism,https://jcrt.org/archives/keywords/realism/
reason-and-faith,https://jcrt.org/archives/keywords/reason-and-faith/
reason,https://jcrt.org/archives/keywords/reason/
reasoning,https://jcrt.org/archives/keywords/reasoning/
rebellion,https://jcrt.org/archives/keywords/rebellion/
receptivity,https://jcrt.org/archives/keywords/receptivity/
reciprocity,https://jcrt.org/archives/keywords/reciprocity/
recitation-education,https://jcrt.org/archives/keywords/recitation-education/
recitations,https://jcrt.org/archives/keywords/recitations/
reclamation,https://jcrt.org/archives/keywords/reclamation/
recognition,https://jcrt.org/archives/keywords/recognition/
reconciliation-theology,https://jcrt.org/archives/keywords/reconciliation-theology/
reconciliation,https://jcrt.org/archives/keywords/reconciliation/
redemption-comparative-studies,https://jcrt.org/archives/keywords/redemption-comparative-studies/
redemption,https://jcrt.org/archives/keywords/redemption/
reductionism,https://jcrt.org/archives/keywords/reductionism/
referentiality,https://jcrt.org/archives/keywords/referentiality/
reflection-philosophy,https://jcrt.org/archives/keywords/reflection-philosophy/
reflection,https://jcrt.org/archives/keywords/reflection/
refugees,https://jcrt.org/archives/keywords/refugees/
refusal,https://jcrt.org/archives/keywords/refusal/
regis-debray,https://jcrt.org/archives/keywords/regis-debray/
reiner-schurmann,https://jcrt.org/archives/keywords/reiner-schurmann/
reinhold-niebuhr,https://jcrt.org/archives/keywords/reinhold-niebuhr/
relational-anthropology,https://jcrt.org/archives/keywords/relational-anthropology/
relational-ethics,https://jcrt.org/archives/keywords/relational-ethics/
relativism,https://jcrt.org/archives/keywords/relativism/
relativity,https://jcrt.org/archives/keywords/relativity/
religion-and-bioethics,https://jcrt.org/archives/keywords/religion-and-bioethics/
religion-and-culture,https://jcrt.org/archives/keywords/religion-and-culture/
religion-and-drama,https://jcrt.org/archives/keywords/religion-and-drama/
religion-and-economics,https://jcrt.org/archives/keywords/religion-and-economics/
religion-and-economy,https://jcrt.org/archives/keywords/religion-and-economy/
religion-and-film,https://jcrt.org/archives/keywords/religion-and-film/
religion-and-gender,https://jcrt.org/archives/keywords/religion-and-gender/
religion-and-literature,https://jcrt.org/archives/keywords/religion-and-literature/
religion-and-media,https://jcrt.org/archives/keywords/religion-and-media/
religion-and-medicine,https://jcrt.org/archives/keywords/religion-and-medicine/
religion-and-music,https://jcrt.org/archives/keywords/religion-and-music/
religion-and-politics,https://jcrt.org/archives/keywords/religion-and-politics/
religion-and-popular-culture,https://jcrt.org/archives/keywords/religion-and-popular-culture/
religion-and-public-life,https://jcrt.org/archives/keywords/religion-and-public-life/
religion-and-science,https://jcrt.org/archives/keywords/religion-and-science/
religion-and-sexuality,https://jcrt.org/archives/keywords/religion-and-sexuality/
religion-and-society,https://jcrt.org/archives/keywords/religion-and-society/
religion-and-state,https://jcrt.org/archives/keywords/religion-and-state/
religion-and-television,https://jcrt.org/archives/keywords/religion-and-television/
religion-and-violence,https://jcrt.org/archives/keywords/religion-and-violence/
religion-critique,https://jcrt.org/archives/keywords/religion-critique/
religion-culture,https://jcrt.org/archives/keywords/religion-culture/
religion-definition,https://jcrt.org/archives/keywords/religion-definition/
religion-essence,https://jcrt.org/archives/keywords/religion-essence/
religion-ethics,https://jcrt.org/archives/keywords/religion-ethics/
religion-gender,https://jcrt.org/archives/keywords/religion-gender/
religion-hip-hop-book,https://jcrt.org/archives/keywords/religion-hip-hop-book/
religion-historians,https://jcrt.org/archives/keywords/religion-historians/
religion-in-literature,https://jcrt.org/archives/keywords/religion-in-literature/
religion-philosophy,https://jcrt.org/archives/keywords/religion-philosophy/
religion-secularism,https://jcrt.org/archives/keywords/religion-secularism/
religion-study-and-teaching,https://jcrt.org/archives/keywords/religion-study-and-teaching/
religion-without-religion,https://jcrt.org/archives/keywords/religion-without-religion/
religion,https://jcrt.org/archives/keywords/religion/
religions-comparative-studies,https://jcrt.org/archives/keywords/religions-comparative-studies/
religions-study-and-teaching,https://jcrt.org/archives/keywords/religions-study-and-teaching/
religions,https://jcrt.org/archives/keywords/religions/
religionsgeschichtliche-schule,https://jcrt.org/archives/keywords/religionsgeschichtliche-schule/
religious-architecture,https://jcrt.org/archives/keywords/religious-architecture/
religious-art,https://jcrt.org/archives/keywords/religious-art/
religious-aspects,https://jcrt.org/archives/keywords/religious-aspects/
religious-capital,https://jcrt.org/archives/keywords/religious-capital/
religious-change,https://jcrt.org/archives/keywords/religious-change/
religious-communities,https://jcrt.org/archives/keywords/religious-communities/
religious-diversity,https://jcrt.org/archives/keywords/religious-diversity/
religious-education,https://jcrt.org/archives/keywords/religious-education/
religious-educators,https://jcrt.org/archives/keywords/religious-educators/
religious-ethics,https://jcrt.org/archives/keywords/religious-ethics/
religious-experience,https://jcrt.org/archives/keywords/religious-experience/
religious-groups,https://jcrt.org/archives/keywords/religious-groups/
religious-history,https://jcrt.org/archives/keywords/religious-history/
religious-humanism,https://jcrt.org/archives/keywords/religious-humanism/
religious-identity,https://jcrt.org/archives/keywords/religious-identity/
religious-imagination,https://jcrt.org/archives/keywords/religious-imagination/
religious-imperialism,https://jcrt.org/archives/keywords/religious-imperialism/
religious-journalism,https://jcrt.org/archives/keywords/religious-journalism/
religious-language,https://jcrt.org/archives/keywords/religious-language/
religious-liberalism,https://jcrt.org/archives/keywords/religious-liberalism/
religious-life-of-children,https://jcrt.org/archives/keywords/religious-life-of-children/
religious-life,https://jcrt.org/archives/keywords/religious-life/
religious-literature,https://jcrt.org/archives/keywords/religious-literature/
religious-nationalism,https://jcrt.org/archives/keywords/religious-nationalism/
religious-philosophy,https://jcrt.org/archives/keywords/religious-philosophy/
religious-pluralism,https://jcrt.org/archives/keywords/religious-pluralism/
religious-revivalism,https://jcrt.org/archives/keywords/religious-revivalism/
religious-right,https://jcrt.org/archives/keywords/religious-right/
religious-studies,https://jcrt.org/archives/keywords/religious-studies/
religious-symbolism,https://jcrt.org/archives/keywords/religious-symbolism/
religious-syncretism,https://jcrt.org/archives/keywords/religious-syncretism/
religious-theory,https://jcrt.org/archives/keywords/religious-theory/
religious-thought,https://jcrt.org/archives/keywords/religious-thought/
religious-violence,https://jcrt.org/archives/keywords/religious-violence/
religious,https://jcrt.org/archives/keywords/religious/
religiousness,https://jcrt.org/archives/keywords/religiousness/
rematriation,https://jcrt.org/archives/keywords/rematriation/
renaissance,https://jcrt.org/archives/keywords/renaissance/
rene-descartes,https://jcrt.org/archives/keywords/rene-descartes/
rene,https://jcrt.org/archives/keywords/rene/
renewable-energy-sources,https://jcrt.org/archives/keywords/renewable-energy-sources/
reparations-for-historical-injustices,https://jcrt.org/archives/keywords/reparations-for-historical-injustices/
repentance,https://jcrt.org/archives/keywords/repentance/
repetition,https://jcrt.org/archives/keywords/repetition/
representation-of-disability,https://jcrt.org/archives/keywords/representation-of-disability/
representation-philosophy,https://jcrt.org/archives/keywords/representation-philosophy/
representation,https://jcrt.org/archives/keywords/representation/
representations-of-islam,https://jcrt.org/archives/keywords/representations-of-islam/
representative-government-and-representation,https://jcrt.org/archives/keywords/representative-government-and-representation/
reproduction,https://jcrt.org/archives/keywords/reproduction/
reproductive-ethics,https://jcrt.org/archives/keywords/reproductive-ethics/
republic,https://jcrt.org/archives/keywords/republic/
republicanism,https://jcrt.org/archives/keywords/republicanism/
research-ethics,https://jcrt.org/archives/keywords/research-ethics/
research-university,https://jcrt.org/archives/keywords/research-university/
resignation,https://jcrt.org/archives/keywords/resignation/
resilience,https://jcrt.org/archives/keywords/resilience/
resistance-to-theory,https://jcrt.org/archives/keywords/resistance-to-theory/
resistance-to,https://jcrt.org/archives/keywords/resistance-to/
resistance,https://jcrt.org/archives/keywords/resistance/
responsibility,https://jcrt.org/archives/keywords/responsibility/
ressentiment,https://jcrt.org/archives/keywords/ressentiment/
restlessness,https://jcrt.org/archives/keywords/restlessness/
resurrection,https://jcrt.org/archives/keywords/resurrection/
revelation-on-sinai,https://jcrt.org/archives/keywords/revelation-on-sinai/
revelation,https://jcrt.org/archives/keywords/revelation/
revenge,https://jcrt.org/archives/keywords/revenge/
revival-movements-in-music,https://jcrt.org/archives/keywords/revival-movements-in-music/
revivalism,https://jcrt.org/archives/keywords/revivalism/
revolt,https://jcrt.org/archives/keywords/revolt/
revolution-france-1789-1799,https://jcrt.org/archives/keywords/revolution-france-1789-1799/
revolution,https://jcrt.org/archives/keywords/revolution/
revolutions,https://jcrt.org/archives/keywords/revolutions/
rewriting-exodus-american-futures-from-du-bois-to-obama-book,https://jcrt.org/archives/keywords/rewriting-exodus-american-futures-from-du-bois-to-obama-book/
rhetoric,https://jcrt.org/archives/keywords/rhetoric/
rhetorical-criticism,https://jcrt.org/archives/keywords/rhetorical-criticism/
rhetorical-history,https://jcrt.org/archives/keywords/rhetorical-history/
rhizome,https://jcrt.org/archives/keywords/rhizome/
rhythm,https://jcrt.org/archives/keywords/rhythm/
ric-ur,https://jcrt.org/archives/keywords/ric-ur/
richard-kearney,https://jcrt.org/archives/keywords/richard-kearney/
richard-rorty,https://jcrt.org/archives/keywords/richard-rorty/
richard-rubenstein,https://jcrt.org/archives/keywords/richard-rubenstein/
richard-wolin,https://jcrt.org/archives/keywords/richard-wolin/
richard,https://jcrt.org/archives/keywords/richard/
ricoeur,https://jcrt.org/archives/keywords/ricoeur/
right-and-left-political-science,https://jcrt.org/archives/keywords/right-and-left-political-science/
risk-assessment,https://jcrt.org/archives/keywords/risk-assessment/
rite-of-passage,https://jcrt.org/archives/keywords/rite-of-passage/
rites-ceremonies,https://jcrt.org/archives/keywords/rites-ceremonies/
rites-of-passage,https://jcrt.org/archives/keywords/rites-of-passage/
ritual-abuse,https://jcrt.org/archives/keywords/ritual-abuse/
ritual-and-liturgy,https://jcrt.org/archives/keywords/ritual-and-liturgy/
ritual-death,https://jcrt.org/archives/keywords/ritual-death/
ritual-murder,https://jcrt.org/archives/keywords/ritual-murder/
ritual-study-and-teaching,https://jcrt.org/archives/keywords/ritual-study-and-teaching/
ritual-theory,https://jcrt.org/archives/keywords/ritual-theory/
ritual,https://jcrt.org/archives/keywords/ritual/
robbins,https://jcrt.org/archives/keywords/robbins/
robert-duncan,https://jcrt.org/archives/keywords/robert-duncan/
robert-glenn,https://jcrt.org/archives/keywords/robert-glenn/
robert-n-robert-neelly,https://jcrt.org/archives/keywords/robert-n-robert-neelly/
robert-short,https://jcrt.org/archives/keywords/robert-short/
robert-wuthnow,https://jcrt.org/archives/keywords/robert-wuthnow/
robert,https://jcrt.org/archives/keywords/robert/
roberto-esposito,https://jcrt.org/archives/keywords/roberto-esposito/
roberto-roberto-gastone-zeffiro,https://jcrt.org/archives/keywords/roberto-roberto-gastone-zeffiro/
robinson,https://jcrt.org/archives/keywords/robinson/
robotics,https://jcrt.org/archives/keywords/robotics/
roger-williams,https://jcrt.org/archives/keywords/roger-williams/
roland-barthes,https://jcrt.org/archives/keywords/roland-barthes/
roman-catholicism,https://jcrt.org/archives/keywords/roman-catholicism/
roman-law,https://jcrt.org/archives/keywords/roman-law/
romanticism,https://jcrt.org/archives/keywords/romanticism/
romero,https://jcrt.org/archives/keywords/romero/
rosalind-krauss,https://jcrt.org/archives/keywords/rosalind-krauss/
rose,https://jcrt.org/archives/keywords/rose/
rosemarie-garland-thomson,https://jcrt.org/archives/keywords/rosemarie-garland-thomson/
rosenzweig,https://jcrt.org/archives/keywords/rosenzweig/
rossellini,https://jcrt.org/archives/keywords/rossellini/
roudinesco,https://jcrt.org/archives/keywords/roudinesco/
rousseau,https://jcrt.org/archives/keywords/rousseau/
rudolf-bultmann,https://jcrt.org/archives/keywords/rudolf-bultmann/
rudolf-otto,https://jcrt.org/archives/keywords/rudolf-otto/
ruhollah,https://jcrt.org/archives/keywords/ruhollah/
ruin-of-representation,https://jcrt.org/archives/keywords/ruin-of-representation/
rupture,https://jcrt.org/archives/keywords/rupture/
russell-t,https://jcrt.org/archives/keywords/russell-t/
russian-invasion-of-ukraine,https://jcrt.org/archives/keywords/russian-invasion-of-ukraine/
russian-religious-literature,https://jcrt.org/archives/keywords/russian-religious-literature/
rust,https://jcrt.org/archives/keywords/rust/
s-ren,https://jcrt.org/archives/keywords/s-ren/
sabbath,https://jcrt.org/archives/keywords/sabbath/
sacramental-poetics,https://jcrt.org/archives/keywords/sacramental-poetics/
sacramentality,https://jcrt.org/archives/keywords/sacramentality/
sacred-and-profane,https://jcrt.org/archives/keywords/sacred-and-profane/
sacred-and-secular,https://jcrt.org/archives/keywords/sacred-and-secular/
sacred-land,https://jcrt.org/archives/keywords/sacred-land/
sacred-objects,https://jcrt.org/archives/keywords/sacred-objects/
sacred-pain,https://jcrt.org/archives/keywords/sacred-pain/
sacred-sites,https://jcrt.org/archives/keywords/sacred-sites/
sacred-space,https://jcrt.org/archives/keywords/sacred-space/
sacredness,https://jcrt.org/archives/keywords/sacredness/
sacrifice-christianity,https://jcrt.org/archives/keywords/sacrifice-christianity/
sacrifice,https://jcrt.org/archives/keywords/sacrifice/
said,https://jcrt.org/archives/keywords/said/
saint-ethics,https://jcrt.org/archives/keywords/saint-ethics/
saint-literary-activity,https://jcrt.org/archives/keywords/saint-literary-activity/
saint-paul-la-fondation-de-l-universalisme-book,https://jcrt.org/archives/keywords/saint-paul-la-fondation-de-l-universalisme-book/
saint-paul,https://jcrt.org/archives/keywords/saint-paul/
saint-political-and-social-views,https://jcrt.org/archives/keywords/saint-political-and-social-views/
saint-psychology,https://jcrt.org/archives/keywords/saint-psychology/
saint-theology-anthropology,https://jcrt.org/archives/keywords/saint-theology-anthropology/
saint-theology-church,https://jcrt.org/archives/keywords/saint-theology-church/
saint-theology-god,https://jcrt.org/archives/keywords/saint-theology-god/
saint-theology-law-and-gospel,https://jcrt.org/archives/keywords/saint-theology-law-and-gospel/
saint-theology-ministry,https://jcrt.org/archives/keywords/saint-theology-ministry/
saint-theology,https://jcrt.org/archives/keywords/saint-theology/
saint,https://jcrt.org/archives/keywords/saint/
saints,https://jcrt.org/archives/keywords/saints/
sallekhana,https://jcrt.org/archives/keywords/sallekhana/
salvation-in-christianity,https://jcrt.org/archives/keywords/salvation-in-christianity/
salvation,https://jcrt.org/archives/keywords/salvation/
samuel-weber,https://jcrt.org/archives/keywords/samuel-weber/
samuel,https://jcrt.org/archives/keywords/samuel/
sans-philosophie,https://jcrt.org/archives/keywords/sans-philosophie/
santhara,https://jcrt.org/archives/keywords/santhara/
santiago-zabala,https://jcrt.org/archives/keywords/santiago-zabala/
santner,https://jcrt.org/archives/keywords/santner/
sarah,https://jcrt.org/archives/keywords/sarah/
sartre,https://jcrt.org/archives/keywords/sartre/
sastra,https://jcrt.org/archives/keywords/sastra/
scapegoating,https://jcrt.org/archives/keywords/scapegoating/
schechner,https://jcrt.org/archives/keywords/schechner/
schechter,https://jcrt.org/archives/keywords/schechter/
scheler,https://jcrt.org/archives/keywords/scheler/
schelling,https://jcrt.org/archives/keywords/schelling/
schiavo,https://jcrt.org/archives/keywords/schiavo/
schism,https://jcrt.org/archives/keywords/schism/
schleiermacher,https://jcrt.org/archives/keywords/schleiermacher/
schmitt,https://jcrt.org/archives/keywords/schmitt/
scho-n,https://jcrt.org/archives/keywords/scho-n/
scholarly-periodicals,https://jcrt.org/archives/keywords/scholarly-periodicals/
scholars,https://jcrt.org/archives/keywords/scholars/
scholarships,https://jcrt.org/archives/keywords/scholarships/
scholasticism,https://jcrt.org/archives/keywords/scholasticism/
schulman,https://jcrt.org/archives/keywords/schulman/
science-and-civilization,https://jcrt.org/archives/keywords/science-and-civilization/
science-and-religion,https://jcrt.org/archives/keywords/science-and-religion/
science-fiction,https://jcrt.org/archives/keywords/science-fiction/
science-of-religion,https://jcrt.org/archives/keywords/science-of-religion/
science-philosophy,https://jcrt.org/archives/keywords/science-philosophy/
science,https://jcrt.org/archives/keywords/science/
scientific-gaze,https://jcrt.org/archives/keywords/scientific-gaze/
scientism,https://jcrt.org/archives/keywords/scientism/
scott-appleby,https://jcrt.org/archives/keywords/scott-appleby/
scott-f,https://jcrt.org/archives/keywords/scott-f/
scott,https://jcrt.org/archives/keywords/scott/
scriptural-reasoning,https://jcrt.org/archives/keywords/scriptural-reasoning/
scripture-interpretation,https://jcrt.org/archives/keywords/scripture-interpretation/
scripture,https://jcrt.org/archives/keywords/scripture/
sculpture,https://jcrt.org/archives/keywords/sculpture/
seance,https://jcrt.org/archives/keywords/seance/
second-coming-of-christ,https://jcrt.org/archives/keywords/second-coming-of-christ/
second-person,https://jcrt.org/archives/keywords/second-person/
second-persona,https://jcrt.org/archives/keywords/second-persona/
secret-philosophy,https://jcrt.org/archives/keywords/secret-philosophy/
sectarian-conflict,https://jcrt.org/archives/keywords/sectarian-conflict/
secular-city,https://jcrt.org/archives/keywords/secular-city/
secular-modernism,https://jcrt.org/archives/keywords/secular-modernism/
secular-modernity,https://jcrt.org/archives/keywords/secular-modernity/
secular-reason,https://jcrt.org/archives/keywords/secular-reason/
secular-spirituality,https://jcrt.org/archives/keywords/secular-spirituality/
secular-theology,https://jcrt.org/archives/keywords/secular-theology/
secular-university,https://jcrt.org/archives/keywords/secular-university/
secular,https://jcrt.org/archives/keywords/secular/
secularism,https://jcrt.org/archives/keywords/secularism/
secularity,https://jcrt.org/archives/keywords/secularity/
secularization-religion,https://jcrt.org/archives/keywords/secularization-religion/
secularization-sociology,https://jcrt.org/archives/keywords/secularization-sociology/
secularization-theology,https://jcrt.org/archives/keywords/secularization-theology/
secularization-theory,https://jcrt.org/archives/keywords/secularization-theory/
secularization,https://jcrt.org/archives/keywords/secularization/
security,https://jcrt.org/archives/keywords/security/
selected-essays,https://jcrt.org/archives/keywords/selected-essays/
self-awareness,https://jcrt.org/archives/keywords/self-awareness/
self-consciousness-awareness,https://jcrt.org/archives/keywords/self-consciousness-awareness/
self-in-literature,https://jcrt.org/archives/keywords/self-in-literature/
self-knowledge,https://jcrt.org/archives/keywords/self-knowledge/
self-love,https://jcrt.org/archives/keywords/self-love/
self-mutilation,https://jcrt.org/archives/keywords/self-mutilation/
self-philosophy,https://jcrt.org/archives/keywords/self-philosophy/
self-religion,https://jcrt.org/archives/keywords/self-religion/
self-sacrifice,https://jcrt.org/archives/keywords/self-sacrifice/
self-sameness,https://jcrt.org/archives/keywords/self-sameness/
self-transformation,https://jcrt.org/archives/keywords/self-transformation/
self,https://jcrt.org/archives/keywords/self/
selfhood,https://jcrt.org/archives/keywords/selfhood/
semiotics,https://jcrt.org/archives/keywords/semiotics/
senegal,https://jcrt.org/archives/keywords/senegal/
senses-and-sensation,https://jcrt.org/archives/keywords/senses-and-sensation/
senses-of-the-subject-book,https://jcrt.org/archives/keywords/senses-of-the-subject-book/
senses-of-the-subject,https://jcrt.org/archives/keywords/senses-of-the-subject/
sensibility,https://jcrt.org/archives/keywords/sensibility/
sensory-perception,https://jcrt.org/archives/keywords/sensory-perception/
separation-of-church-and-state,https://jcrt.org/archives/keywords/separation-of-church-and-state/
september-11-terrorist-attacks,https://jcrt.org/archives/keywords/september-11-terrorist-attacks/
september-11,https://jcrt.org/archives/keywords/september-11/
service-learning,https://jcrt.org/archives/keywords/service-learning/
set-theory,https://jcrt.org/archives/keywords/set-theory/
settler-colonialism,https://jcrt.org/archives/keywords/settler-colonialism/
sex-and-society,https://jcrt.org/archives/keywords/sex-and-society/
sex-discrimination-against-women,https://jcrt.org/archives/keywords/sex-discrimination-against-women/
sex-discrimination,https://jcrt.org/archives/keywords/sex-discrimination/
sex-in-the-bible,https://jcrt.org/archives/keywords/sex-in-the-bible/
sex,https://jcrt.org/archives/keywords/sex/
sexual-assault,https://jcrt.org/archives/keywords/sexual-assault/
sexual-difference,https://jcrt.org/archives/keywords/sexual-difference/
sexual-ethics,https://jcrt.org/archives/keywords/sexual-ethics/
sexual-orientation,https://jcrt.org/archives/keywords/sexual-orientation/
sexuality-and-religion,https://jcrt.org/archives/keywords/sexuality-and-religion/
sexuality,https://jcrt.org/archives/keywords/sexuality/
shaffer,https://jcrt.org/archives/keywords/shaffer/
shakespeare,https://jcrt.org/archives/keywords/shakespeare/
shamanism,https://jcrt.org/archives/keywords/shamanism/
shame,https://jcrt.org/archives/keywords/shame/
shankara,https://jcrt.org/archives/keywords/shankara/
shaver,https://jcrt.org/archives/keywords/shaver/
shepherds-religious-aspects-judaism,https://jcrt.org/archives/keywords/shepherds-religious-aspects-judaism/
shepherds,https://jcrt.org/archives/keywords/shepherds/
sherry-turkle,https://jcrt.org/archives/keywords/sherry-turkle/
shia,https://jcrt.org/archives/keywords/shia/
shoah,https://jcrt.org/archives/keywords/shoah/
shopping-malls,https://jcrt.org/archives/keywords/shopping-malls/
sigmund-freud,https://jcrt.org/archives/keywords/sigmund-freud/
sigmund,https://jcrt.org/archives/keywords/sigmund/
signification,https://jcrt.org/archives/keywords/signification/
sikh-religious-practice,https://jcrt.org/archives/keywords/sikh-religious-practice/
sikh,https://jcrt.org/archives/keywords/sikh/
sikhism-sacred-books,https://jcrt.org/archives/keywords/sikhism-sacred-books/
sikhs,https://jcrt.org/archives/keywords/sikhs/
silence,https://jcrt.org/archives/keywords/silence/
silent-hill-film,https://jcrt.org/archives/keywords/silent-hill-film/
simon-critchley,https://jcrt.org/archives/keywords/simon-critchley/
simone-de-beauvoir,https://jcrt.org/archives/keywords/simone-de-beauvoir/
simone,https://jcrt.org/archives/keywords/simone/
simplicity-philosophy,https://jcrt.org/archives/keywords/simplicity-philosophy/
simulacra,https://jcrt.org/archives/keywords/simulacra/
simulation,https://jcrt.org/archives/keywords/simulation/
sin-and-redemption,https://jcrt.org/archives/keywords/sin-and-redemption/
sin-christianity,https://jcrt.org/archives/keywords/sin-christianity/
sin,https://jcrt.org/archives/keywords/sin/
sincerity,https://jcrt.org/archives/keywords/sincerity/
singularity,https://jcrt.org/archives/keywords/singularity/
singularization,https://jcrt.org/archives/keywords/singularization/
situationism,https://jcrt.org/archives/keywords/situationism/
skepticism,https://jcrt.org/archives/keywords/skepticism/
slavoj-zizek,https://jcrt.org/archives/keywords/slavoj-zizek/
slavoj,https://jcrt.org/archives/keywords/slavoj/
slide-projection,https://jcrt.org/archives/keywords/slide-projection/
sloterdijk,https://jcrt.org/archives/keywords/sloterdijk/
smith,https://jcrt.org/archives/keywords/smith/
social-advocacy-organizations,https://jcrt.org/archives/keywords/social-advocacy-organizations/
social-advocacy,https://jcrt.org/archives/keywords/social-advocacy/
social-anthropology,https://jcrt.org/archives/keywords/social-anthropology/
social-bonds,https://jcrt.org/archives/keywords/social-bonds/
social-change,https://jcrt.org/archives/keywords/social-change/
social-conditions-of-black-people,https://jcrt.org/archives/keywords/social-conditions-of-black-people/
social-conflict,https://jcrt.org/archives/keywords/social-conflict/
social-constructionism,https://jcrt.org/archives/keywords/social-constructionism/
social-credit,https://jcrt.org/archives/keywords/social-credit/
social-criticism,https://jcrt.org/archives/keywords/social-criticism/
social-critique,https://jcrt.org/archives/keywords/social-critique/
social-distancing,https://jcrt.org/archives/keywords/social-distancing/
social-ethics,https://jcrt.org/archives/keywords/social-ethics/
social-gospel,https://jcrt.org/archives/keywords/social-gospel/
social-hierarchy,https://jcrt.org/archives/keywords/social-hierarchy/
social-history,https://jcrt.org/archives/keywords/social-history/
social-imaginary,https://jcrt.org/archives/keywords/social-imaginary/
social-inequality,https://jcrt.org/archives/keywords/social-inequality/
social-justice,https://jcrt.org/archives/keywords/social-justice/
social-media,https://jcrt.org/archives/keywords/social-media/
social-movements,https://jcrt.org/archives/keywords/social-movements/
social-philosophy,https://jcrt.org/archives/keywords/social-philosophy/
social-problems,https://jcrt.org/archives/keywords/social-problems/
social-psychology,https://jcrt.org/archives/keywords/social-psychology/
social-sciences,https://jcrt.org/archives/keywords/social-sciences/
social-status-and-religion,https://jcrt.org/archives/keywords/social-status-and-religion/
social-structure,https://jcrt.org/archives/keywords/social-structure/
social-theory,https://jcrt.org/archives/keywords/social-theory/
social-transformation,https://jcrt.org/archives/keywords/social-transformation/
social-utility,https://jcrt.org/archives/keywords/social-utility/
social,https://jcrt.org/archives/keywords/social/
socialism,https://jcrt.org/archives/keywords/socialism/
societies-of-control,https://jcrt.org/archives/keywords/societies-of-control/
society-of-the-spectacle,https://jcrt.org/archives/keywords/society-of-the-spectacle/
society,https://jcrt.org/archives/keywords/society/
sociobiology,https://jcrt.org/archives/keywords/sociobiology/
sociology-of-religion,https://jcrt.org/archives/keywords/sociology-of-religion/
socrates,https://jcrt.org/archives/keywords/socrates/
socratic-method,https://jcrt.org/archives/keywords/socratic-method/
soil-conservation,https://jcrt.org/archives/keywords/soil-conservation/
solar-energy,https://jcrt.org/archives/keywords/solar-energy/
solidarity-organizing,https://jcrt.org/archives/keywords/solidarity-organizing/
solidarity,https://jcrt.org/archives/keywords/solidarity/
solitude,https://jcrt.org/archives/keywords/solitude/
soren-kierkegaard,https://jcrt.org/archives/keywords/soren-kierkegaard/
soteriology,https://jcrt.org/archives/keywords/soteriology/
soul,https://jcrt.org/archives/keywords/soul/
sousanis,https://jcrt.org/archives/keywords/sousanis/
south-asian-literature,https://jcrt.org/archives/keywords/south-asian-literature/
southern-religion,https://jcrt.org/archives/keywords/southern-religion/
sovereignty,https://jcrt.org/archives/keywords/sovereignty/
space-and-time,https://jcrt.org/archives/keywords/space-and-time/
space,https://jcrt.org/archives/keywords/space/
spatial-behavior,https://jcrt.org/archives/keywords/spatial-behavior/
spectacle,https://jcrt.org/archives/keywords/spectacle/
spectacular,https://jcrt.org/archives/keywords/spectacular/
spectral-hermeneutics,https://jcrt.org/archives/keywords/spectral-hermeneutics/
spectrality,https://jcrt.org/archives/keywords/spectrality/
speculative-philosophy,https://jcrt.org/archives/keywords/speculative-philosophy/
speech-act-theory,https://jcrt.org/archives/keywords/speech-act-theory/
speech-acts-linguistics,https://jcrt.org/archives/keywords/speech-acts-linguistics/
speech,https://jcrt.org/archives/keywords/speech/
spheres-bubbles-book,https://jcrt.org/archives/keywords/spheres-bubbles-book/
spheres,https://jcrt.org/archives/keywords/spheres/
spinoza,https://jcrt.org/archives/keywords/spinoza/
spirit-communication,https://jcrt.org/archives/keywords/spirit-communication/
spirit,https://jcrt.org/archives/keywords/spirit/
spirits,https://jcrt.org/archives/keywords/spirits/
spiritual-direction,https://jcrt.org/archives/keywords/spiritual-direction/
spiritual-exercises,https://jcrt.org/archives/keywords/spiritual-exercises/
spiritual-formation,https://jcrt.org/archives/keywords/spiritual-formation/
spiritual-gifts,https://jcrt.org/archives/keywords/spiritual-gifts/
spiritual-life,https://jcrt.org/archives/keywords/spiritual-life/
spiritual-paternity,https://jcrt.org/archives/keywords/spiritual-paternity/
spiritual,https://jcrt.org/archives/keywords/spiritual/
spiritualism,https://jcrt.org/archives/keywords/spiritualism/
spirituality-in-media,https://jcrt.org/archives/keywords/spirituality-in-media/
spirituality,https://jcrt.org/archives/keywords/spirituality/
spivak,https://jcrt.org/archives/keywords/spivak/
spoken-word-poetry,https://jcrt.org/archives/keywords/spoken-word-poetry/
sports-injuries,https://jcrt.org/archives/keywords/sports-injuries/
stanley-cavell,https://jcrt.org/archives/keywords/stanley-cavell/
stanley-grenz,https://jcrt.org/archives/keywords/stanley-grenz/
stanley-hauerwas,https://jcrt.org/archives/keywords/stanley-hauerwas/
stanley,https://jcrt.org/archives/keywords/stanley/
state-of-exception,https://jcrt.org/archives/keywords/state-of-exception/
state-sovereignty,https://jcrt.org/archives/keywords/state-sovereignty/
state-violence,https://jcrt.org/archives/keywords/state-violence/
state,https://jcrt.org/archives/keywords/state/
steiner,https://jcrt.org/archives/keywords/steiner/
stephen-eric-bronner,https://jcrt.org/archives/keywords/stephen-eric-bronner/
stereotypes,https://jcrt.org/archives/keywords/stereotypes/
steven-spielberg,https://jcrt.org/archives/keywords/steven-spielberg/
storytelling,https://jcrt.org/archives/keywords/storytelling/
strangers,https://jcrt.org/archives/keywords/strangers/
street-art,https://jcrt.org/archives/keywords/street-art/
street-artists,https://jcrt.org/archives/keywords/street-artists/
strips,https://jcrt.org/archives/keywords/strips/
structural-oppression,https://jcrt.org/archives/keywords/structural-oppression/
structuralism,https://jcrt.org/archives/keywords/structuralism/
structuralist-film,https://jcrt.org/archives/keywords/structuralist-film/
student-service,https://jcrt.org/archives/keywords/student-service/
students,https://jcrt.org/archives/keywords/students/
study-and-teaching,https://jcrt.org/archives/keywords/study-and-teaching/
study-of-religion,https://jcrt.org/archives/keywords/study-of-religion/
stupidity,https://jcrt.org/archives/keywords/stupidity/
style,https://jcrt.org/archives/keywords/style/
subaltern-studies-collective,https://jcrt.org/archives/keywords/subaltern-studies-collective/
subaltern,https://jcrt.org/archives/keywords/subaltern/
subject-formation,https://jcrt.org/archives/keywords/subject-formation/
subject-object-dualism,https://jcrt.org/archives/keywords/subject-object-dualism/
subject-philosophy,https://jcrt.org/archives/keywords/subject-philosophy/
subject,https://jcrt.org/archives/keywords/subject/
subjectivity,https://jcrt.org/archives/keywords/subjectivity/
sublimation,https://jcrt.org/archives/keywords/sublimation/
sublime,https://jcrt.org/archives/keywords/sublime/
subordination-psychology,https://jcrt.org/archives/keywords/subordination-psychology/
suchness,https://jcrt.org/archives/keywords/suchness/
suffering,https://jcrt.org/archives/keywords/suffering/
sufism,https://jcrt.org/archives/keywords/sufism/
suicide,https://jcrt.org/archives/keywords/suicide/
sunna,https://jcrt.org/archives/keywords/sunna/
superheroes,https://jcrt.org/archives/keywords/superheroes/
supplementarity,https://jcrt.org/archives/keywords/supplementarity/
supreme-court,https://jcrt.org/archives/keywords/supreme-court/
surrealism,https://jcrt.org/archives/keywords/surrealism/
sutartines,https://jcrt.org/archives/keywords/sutartines/
syed-abul-ala,https://jcrt.org/archives/keywords/syed-abul-ala/
syllogism,https://jcrt.org/archives/keywords/syllogism/
sylvia,https://jcrt.org/archives/keywords/sylvia/
symbolic-forms,https://jcrt.org/archives/keywords/symbolic-forms/
symbolic-power,https://jcrt.org/archives/keywords/symbolic-power/
sympathy,https://jcrt.org/archives/keywords/sympathy/
symposium,https://jcrt.org/archives/keywords/symposium/
syracuse-university,https://jcrt.org/archives/keywords/syracuse-university/
systematic-theology,https://jcrt.org/archives/keywords/systematic-theology/
t-j-timothy-j,https://jcrt.org/archives/keywords/t-j-timothy-j/
taboo,https://jcrt.org/archives/keywords/taboo/
tafsir,https://jcrt.org/archives/keywords/tafsir/
talal-asad,https://jcrt.org/archives/keywords/talal-asad/
talmud,https://jcrt.org/archives/keywords/talmud/
tantric-buddhism,https://jcrt.org/archives/keywords/tantric-buddhism/
tariq,https://jcrt.org/archives/keywords/tariq/
tate,https://jcrt.org/archives/keywords/tate/
taussig,https://jcrt.org/archives/keywords/taussig/
taylor,https://jcrt.org/archives/keywords/taylor/
teacher-education,https://jcrt.org/archives/keywords/teacher-education/
teacher-student-relationships-religion,https://jcrt.org/archives/keywords/teacher-student-relationships-religion/
teacher-student-relationships,https://jcrt.org/archives/keywords/teacher-student-relationships/
teachers,https://jcrt.org/archives/keywords/teachers/
teaching-methods,https://jcrt.org/archives/keywords/teaching-methods/
teaching,https://jcrt.org/archives/keywords/teaching/
technological-civilization,https://jcrt.org/archives/keywords/technological-civilization/
technological-mediation,https://jcrt.org/archives/keywords/technological-mediation/
technology-and-civilization,https://jcrt.org/archives/keywords/technology-and-civilization/
technology-and-culture,https://jcrt.org/archives/keywords/technology-and-culture/
technology-and-society,https://jcrt.org/archives/keywords/technology-and-society/
technology-and-theology,https://jcrt.org/archives/keywords/technology-and-theology/
technology-philosophy,https://jcrt.org/archives/keywords/technology-philosophy/
technology-policy,https://jcrt.org/archives/keywords/technology-policy/
technology,https://jcrt.org/archives/keywords/technology/
tehom,https://jcrt.org/archives/keywords/tehom/
telecommunications,https://jcrt.org/archives/keywords/telecommunications/
televangelism,https://jcrt.org/archives/keywords/televangelism/
television-morality,https://jcrt.org/archives/keywords/television-morality/
television,https://jcrt.org/archives/keywords/television/
temples,https://jcrt.org/archives/keywords/temples/
temporality,https://jcrt.org/archives/keywords/temporality/
ten-commandments,https://jcrt.org/archives/keywords/ten-commandments/
tenure,https://jcrt.org/archives/keywords/tenure/
teresa-of-avila,https://jcrt.org/archives/keywords/teresa-of-avila/
terra-nullius,https://jcrt.org/archives/keywords/terra-nullius/
terri,https://jcrt.org/archives/keywords/terri/
territorial-authority,https://jcrt.org/archives/keywords/territorial-authority/
terrorism,https://jcrt.org/archives/keywords/terrorism/
terry,https://jcrt.org/archives/keywords/terry/
teutonic-knights,https://jcrt.org/archives/keywords/teutonic-knights/
textile-art,https://jcrt.org/archives/keywords/textile-art/
textual-criticism,https://jcrt.org/archives/keywords/textual-criticism/
textual-interpretation,https://jcrt.org/archives/keywords/textual-interpretation/
textual-reasoning,https://jcrt.org/archives/keywords/textual-reasoning/
textuality,https://jcrt.org/archives/keywords/textuality/
thales,https://jcrt.org/archives/keywords/thales/
thanatopolitics,https://jcrt.org/archives/keywords/thanatopolitics/
the-apostle,https://jcrt.org/archives/keywords/the-apostle/
the-between,https://jcrt.org/archives/keywords/the-between/
the-body,https://jcrt.org/archives/keywords/the-body/
the-book-plath,https://jcrt.org/archives/keywords/the-book-plath/
the-book-plato,https://jcrt.org/archives/keywords/the-book-plato/
the-book-wells,https://jcrt.org/archives/keywords/the-book-wells/
the-book,https://jcrt.org/archives/keywords/the-book/
the-critic,https://jcrt.org/archives/keywords/the-critic/
the-event,https://jcrt.org/archives/keywords/the-event/
the-face,https://jcrt.org/archives/keywords/the-face/
the-film,https://jcrt.org/archives/keywords/the-film/
the-fold,https://jcrt.org/archives/keywords/the-fold/
the-future-of-an-illusion,https://jcrt.org/archives/keywords/the-future-of-an-illusion/
the-gift,https://jcrt.org/archives/keywords/the-gift/
the-good,https://jcrt.org/archives/keywords/the-good/
the-gospel-in-brief,https://jcrt.org/archives/keywords/the-gospel-in-brief/
the-marvelous,https://jcrt.org/archives/keywords/the-marvelous/
the-neighbor,https://jcrt.org/archives/keywords/the-neighbor/
the-other,https://jcrt.org/archives/keywords/the-other/
the-poem,https://jcrt.org/archives/keywords/the-poem/
the-real,https://jcrt.org/archives/keywords/the-real/
the-royal-remains,https://jcrt.org/archives/keywords/the-royal-remains/
the-sacred,https://jcrt.org/archives/keywords/the-sacred/
the-senses,https://jcrt.org/archives/keywords/the-senses/
the-sublime,https://jcrt.org/archives/keywords/the-sublime/
the-symbolic,https://jcrt.org/archives/keywords/the-symbolic/
the-trace,https://jcrt.org/archives/keywords/the-trace/
the-troubles,https://jcrt.org/archives/keywords/the-troubles/
the-tv-program,https://jcrt.org/archives/keywords/the-tv-program/
the-unsayable,https://jcrt.org/archives/keywords/the-unsayable/
the-walking-dead,https://jcrt.org/archives/keywords/the-walking-dead/
the,https://jcrt.org/archives/keywords/the/
theater-and-society,https://jcrt.org/archives/keywords/theater-and-society/
theater,https://jcrt.org/archives/keywords/theater/
theism-and-atheism,https://jcrt.org/archives/keywords/theism-and-atheism/
theism,https://jcrt.org/archives/keywords/theism/
theocracy,https://jcrt.org/archives/keywords/theocracy/
theodicy,https://jcrt.org/archives/keywords/theodicy/
theodor-adorno,https://jcrt.org/archives/keywords/theodor-adorno/
theodor-w,https://jcrt.org/archives/keywords/theodor-w/
theologia-crucis,https://jcrt.org/archives/keywords/theologia-crucis/
theologians,https://jcrt.org/archives/keywords/theologians/
theological-aesthetics,https://jcrt.org/archives/keywords/theological-aesthetics/
theological-anthropology-christianity-history-of-doctrines,https://jcrt.org/archives/keywords/theological-anthropology-christianity-history-of-doctrines/
theological-anthropology,https://jcrt.org/archives/keywords/theological-anthropology/
theological-concepts,https://jcrt.org/archives/keywords/theological-concepts/
theological-ethics,https://jcrt.org/archives/keywords/theological-ethics/
theological-method,https://jcrt.org/archives/keywords/theological-method/
theological-reason,https://jcrt.org/archives/keywords/theological-reason/
theological-thinking,https://jcrt.org/archives/keywords/theological-thinking/
theology-and-art,https://jcrt.org/archives/keywords/theology-and-art/
theology-and-culture,https://jcrt.org/archives/keywords/theology-and-culture/
theology-and-literature,https://jcrt.org/archives/keywords/theology-and-literature/
theology-and-philosophy,https://jcrt.org/archives/keywords/theology-and-philosophy/
theology-historiography,https://jcrt.org/archives/keywords/theology-historiography/
theology-methodology,https://jcrt.org/archives/keywords/theology-methodology/
theology-of-absence,https://jcrt.org/archives/keywords/theology-of-absence/
theology-of-becoming,https://jcrt.org/archives/keywords/theology-of-becoming/
theology-of-hope,https://jcrt.org/archives/keywords/theology-of-hope/
theology-of-language,https://jcrt.org/archives/keywords/theology-of-language/
theology-of-money,https://jcrt.org/archives/keywords/theology-of-money/
theology-of-religions,https://jcrt.org/archives/keywords/theology-of-religions/
theology-of-the-future,https://jcrt.org/archives/keywords/theology-of-the-future/
theology-of-the-real,https://jcrt.org/archives/keywords/theology-of-the-real/
theology-of-time,https://jcrt.org/archives/keywords/theology-of-time/
theology-philosophy,https://jcrt.org/archives/keywords/theology-philosophy/
theology-study-and-teaching,https://jcrt.org/archives/keywords/theology-study-and-teaching/
theology-terminology,https://jcrt.org/archives/keywords/theology-terminology/
theology,https://jcrt.org/archives/keywords/theology/
theopraxesis,https://jcrt.org/archives/keywords/theopraxesis/
theory-change,https://jcrt.org/archives/keywords/theory-change/
theory-of-knowledge-religion,https://jcrt.org/archives/keywords/theory-of-knowledge-religion/
theory-of-knowledge,https://jcrt.org/archives/keywords/theory-of-knowledge/
theory-of-religion,https://jcrt.org/archives/keywords/theory-of-religion/
theory-of,https://jcrt.org/archives/keywords/theory-of/
theory-philosophy,https://jcrt.org/archives/keywords/theory-philosophy/
theory,https://jcrt.org/archives/keywords/theory/
third-persona,https://jcrt.org/archives/keywords/third-persona/
thomas-altizer,https://jcrt.org/archives/keywords/thomas-altizer/
thomas-aquinas,https://jcrt.org/archives/keywords/thomas-aquinas/
thomas-browne,https://jcrt.org/archives/keywords/thomas-browne/
thomas-hobbes,https://jcrt.org/archives/keywords/thomas-hobbes/
thomas-j-j,https://jcrt.org/archives/keywords/thomas-j-j/
thomas-jj-altizer,https://jcrt.org/archives/keywords/thomas-jj-altizer/
thomas-kuhn,https://jcrt.org/archives/keywords/thomas-kuhn/
thomas,https://jcrt.org/archives/keywords/thomas/
thomism,https://jcrt.org/archives/keywords/thomism/
thompson,https://jcrt.org/archives/keywords/thompson/
thought-and-thinking,https://jcrt.org/archives/keywords/thought-and-thinking/
thus-spoke-zarathustra,https://jcrt.org/archives/keywords/thus-spoke-zarathustra/
tiananmen-square-incident-china-1989,https://jcrt.org/archives/keywords/tiananmen-square-incident-china-1989/
tijaniyya,https://jcrt.org/archives/keywords/tijaniyya/
tillich,https://jcrt.org/archives/keywords/tillich/
time-in-religion,https://jcrt.org/archives/keywords/time-in-religion/
time-management,https://jcrt.org/archives/keywords/time-management/
time-philosophy,https://jcrt.org/archives/keywords/time-philosophy/
timothy-fitzgerald,https://jcrt.org/archives/keywords/timothy-fitzgerald/
tink-tinker,https://jcrt.org/archives/keywords/tink-tinker/
tinker,https://jcrt.org/archives/keywords/tinker/
tipit-aka,https://jcrt.org/archives/keywords/tipit-aka/
tobin-siebers,https://jcrt.org/archives/keywords/tobin-siebers/
tolerance,https://jcrt.org/archives/keywords/tolerance/
tony,https://jcrt.org/archives/keywords/tony/
torah-commentaries,https://jcrt.org/archives/keywords/torah-commentaries/
torah,https://jcrt.org/archives/keywords/torah/
tordesillas-treaty,https://jcrt.org/archives/keywords/tordesillas-treaty/
torture,https://jcrt.org/archives/keywords/torture/
total-fertility-rate-humans,https://jcrt.org/archives/keywords/total-fertility-rate-humans/
total-war,https://jcrt.org/archives/keywords/total-war/
totalitarianism,https://jcrt.org/archives/keywords/totalitarianism/
toufic,https://jcrt.org/archives/keywords/toufic/
trace,https://jcrt.org/archives/keywords/trace/
tracing,https://jcrt.org/archives/keywords/tracing/
tractatus-logico-philosophicus,https://jcrt.org/archives/keywords/tractatus-logico-philosophicus/
tradition-islam,https://jcrt.org/archives/keywords/tradition-islam/
tradition-philosophy,https://jcrt.org/archives/keywords/tradition-philosophy/
tradition,https://jcrt.org/archives/keywords/tradition/
tragedy,https://jcrt.org/archives/keywords/tragedy/
tragic-vision,https://jcrt.org/archives/keywords/tragic-vision/
trakl,https://jcrt.org/archives/keywords/trakl/
trance,https://jcrt.org/archives/keywords/trance/
trans-health,https://jcrt.org/archives/keywords/trans-health/
transcendence-philosophy,https://jcrt.org/archives/keywords/transcendence-philosophy/
transcendence,https://jcrt.org/archives/keywords/transcendence/
transcendental-imagination,https://jcrt.org/archives/keywords/transcendental-imagination/
transcendental-semiotics,https://jcrt.org/archives/keywords/transcendental-semiotics/
transcendental,https://jcrt.org/archives/keywords/transcendental/
transcendentalism-new-england,https://jcrt.org/archives/keywords/transcendentalism-new-england/
transcendentalism-philosophy,https://jcrt.org/archives/keywords/transcendentalism-philosophy/
transcorporeality,https://jcrt.org/archives/keywords/transcorporeality/
transfiguration,https://jcrt.org/archives/keywords/transfiguration/
transformation,https://jcrt.org/archives/keywords/transformation/
transformative-learning,https://jcrt.org/archives/keywords/transformative-learning/
transgender-youth,https://jcrt.org/archives/keywords/transgender-youth/
transgender,https://jcrt.org/archives/keywords/transgender/
translation-movement,https://jcrt.org/archives/keywords/translation-movement/
translation,https://jcrt.org/archives/keywords/translation/
translations,https://jcrt.org/archives/keywords/translations/
transmission-of-texts,https://jcrt.org/archives/keywords/transmission-of-texts/
transmission,https://jcrt.org/archives/keywords/transmission/
transnationalism,https://jcrt.org/archives/keywords/transnationalism/
transubstantiation,https://jcrt.org/archives/keywords/transubstantiation/
trauma,https://jcrt.org/archives/keywords/trauma/
travel,https://jcrt.org/archives/keywords/travel/
treaty-enforcement,https://jcrt.org/archives/keywords/treaty-enforcement/
treaty-rights,https://jcrt.org/archives/keywords/treaty-rights/
tribal-council,https://jcrt.org/archives/keywords/tribal-council/
trinitarianism,https://jcrt.org/archives/keywords/trinitarianism/
trinity,https://jcrt.org/archives/keywords/trinity/
truth-and-reconciliation,https://jcrt.org/archives/keywords/truth-and-reconciliation/
truth-religion,https://jcrt.org/archives/keywords/truth-religion/
truth,https://jcrt.org/archives/keywords/truth/
truthfulness-and-falsehood,https://jcrt.org/archives/keywords/truthfulness-and-falsehood/
turkey,https://jcrt.org/archives/keywords/turkey/
turner,https://jcrt.org/archives/keywords/turner/
ubiquitous-computing,https://jcrt.org/archives/keywords/ubiquitous-computing/
ulmer,https://jcrt.org/archives/keywords/ulmer/
unbearable-life,https://jcrt.org/archives/keywords/unbearable-life/
unceded-lands,https://jcrt.org/archives/keywords/unceded-lands/
undead,https://jcrt.org/archives/keywords/undead/
undecidability,https://jcrt.org/archives/keywords/undecidability/
underdevelopment,https://jcrt.org/archives/keywords/underdevelopment/
unflattening,https://jcrt.org/archives/keywords/unflattening/
united-states,https://jcrt.org/archives/keywords/united-states/
universalism,https://jcrt.org/archives/keywords/universalism/
universities-and-colleges-curricula,https://jcrt.org/archives/keywords/universities-and-colleges-curricula/
universities-and-colleges-evaluation,https://jcrt.org/archives/keywords/universities-and-colleges-evaluation/
universities-and-colleges,https://jcrt.org/archives/keywords/universities-and-colleges/
universities-colleges,https://jcrt.org/archives/keywords/universities-colleges/
universities,https://jcrt.org/archives/keywords/universities/
university-reform,https://jcrt.org/archives/keywords/university-reform/
university,https://jcrt.org/archives/keywords/university/
univocity-of-being,https://jcrt.org/archives/keywords/univocity-of-being/
univocity,https://jcrt.org/archives/keywords/univocity/
unmoved-mover,https://jcrt.org/archives/keywords/unmoved-mover/
unreal-mental-construction,https://jcrt.org/archives/keywords/unreal-mental-construction/
untranslatability,https://jcrt.org/archives/keywords/untranslatability/
urban-art,https://jcrt.org/archives/keywords/urban-art/
urban-ecology-sociology,https://jcrt.org/archives/keywords/urban-ecology-sociology/
urban-space,https://jcrt.org/archives/keywords/urban-space/
urban-theology,https://jcrt.org/archives/keywords/urban-theology/
us-politics,https://jcrt.org/archives/keywords/us-politics/
us-property-law,https://jcrt.org/archives/keywords/us-property-law/
us-property-system,https://jcrt.org/archives/keywords/us-property-system/
usaid,https://jcrt.org/archives/keywords/usaid/
utilitarianism,https://jcrt.org/archives/keywords/utilitarianism/
utopian-studies,https://jcrt.org/archives/keywords/utopian-studies/
utopianism,https://jcrt.org/archives/keywords/utopianism/
utopias-in-film,https://jcrt.org/archives/keywords/utopias-in-film/
utopias,https://jcrt.org/archives/keywords/utopias/
vahanian,https://jcrt.org/archives/keywords/vahanian/
val-plumwood,https://jcrt.org/archives/keywords/val-plumwood/
value-cognition,https://jcrt.org/archives/keywords/value-cognition/
value,https://jcrt.org/archives/keywords/value/
van-buren,https://jcrt.org/archives/keywords/van-buren/
vandana-shiva,https://jcrt.org/archives/keywords/vandana-shiva/
varieties-of-religious-experience,https://jcrt.org/archives/keywords/varieties-of-religious-experience/
vasquez,https://jcrt.org/archives/keywords/vasquez/
vatican-ii,https://jcrt.org/archives/keywords/vatican-ii/
veneration,https://jcrt.org/archives/keywords/veneration/
vengeance,https://jcrt.org/archives/keywords/vengeance/
vertigo,https://jcrt.org/archives/keywords/vertigo/
veterans,https://jcrt.org/archives/keywords/veterans/
via-negativa,https://jcrt.org/archives/keywords/via-negativa/
vices,https://jcrt.org/archives/keywords/vices/
vico,https://jcrt.org/archives/keywords/vico/
victimhood,https://jcrt.org/archives/keywords/victimhood/
victor-taylor,https://jcrt.org/archives/keywords/victor-taylor/
victor,https://jcrt.org/archives/keywords/victor/
vilencia,https://jcrt.org/archives/keywords/vilencia/
vincent-w,https://jcrt.org/archives/keywords/vincent-w/
violence-and-religion,https://jcrt.org/archives/keywords/violence-and-religion/
violence-in-the-bible,https://jcrt.org/archives/keywords/violence-in-the-bible/
violence-philosophy,https://jcrt.org/archives/keywords/violence-philosophy/
violence-the-sacred-book,https://jcrt.org/archives/keywords/violence-the-sacred-book/
violence,https://jcrt.org/archives/keywords/violence/
virilism,https://jcrt.org/archives/keywords/virilism/
virtual-communications,https://jcrt.org/archives/keywords/virtual-communications/
virtual-community,https://jcrt.org/archives/keywords/virtual-community/
virtual-reality,https://jcrt.org/archives/keywords/virtual-reality/
virtuality,https://jcrt.org/archives/keywords/virtuality/
virtualization,https://jcrt.org/archives/keywords/virtualization/
virtue-epistemology,https://jcrt.org/archives/keywords/virtue-epistemology/
virtue-ethics,https://jcrt.org/archives/keywords/virtue-ethics/
virtues,https://jcrt.org/archives/keywords/virtues/
vision,https://jcrt.org/archives/keywords/vision/
visions-in-literature,https://jcrt.org/archives/keywords/visions-in-literature/
visions,https://jcrt.org/archives/keywords/visions/
visual-art,https://jcrt.org/archives/keywords/visual-art/
visual-culture,https://jcrt.org/archives/keywords/visual-culture/
visual-metaphor,https://jcrt.org/archives/keywords/visual-metaphor/
visual-thinking,https://jcrt.org/archives/keywords/visual-thinking/
vita-beata,https://jcrt.org/archives/keywords/vita-beata/
vitalism,https://jcrt.org/archives/keywords/vitalism/
vizenor,https://jcrt.org/archives/keywords/vizenor/
vocation,https://jcrt.org/archives/keywords/vocation/
vodou,https://jcrt.org/archives/keywords/vodou/
volodymyr,https://jcrt.org/archives/keywords/volodymyr/
volunteerism,https://jcrt.org/archives/keywords/volunteerism/
voyeurism,https://jcrt.org/archives/keywords/voyeurism/
wahdat-al-wujud,https://jcrt.org/archives/keywords/wahdat-al-wujud/
walker,https://jcrt.org/archives/keywords/walker/
walking-dead,https://jcrt.org/archives/keywords/walking-dead/
wall,https://jcrt.org/archives/keywords/wall/
wallis,https://jcrt.org/archives/keywords/wallis/
walter-benjamin-a-critical-life-book,https://jcrt.org/archives/keywords/walter-benjamin-a-critical-life-book/
walter-benjamin,https://jcrt.org/archives/keywords/walter-benjamin/
walter-d,https://jcrt.org/archives/keywords/walter-d/
walter-mignolo,https://jcrt.org/archives/keywords/walter-mignolo/
walter-w,https://jcrt.org/archives/keywords/walter-w/
walter,https://jcrt.org/archives/keywords/walter/
war-and-psychology,https://jcrt.org/archives/keywords/war-and-psychology/
war-on-terror,https://jcrt.org/archives/keywords/war-on-terror/
war-on-terrorism,https://jcrt.org/archives/keywords/war-on-terrorism/
war,https://jcrt.org/archives/keywords/war/
warhol,https://jcrt.org/archives/keywords/warhol/
weak-theology,https://jcrt.org/archives/keywords/weak-theology/
weak-thought,https://jcrt.org/archives/keywords/weak-thought/
webinars,https://jcrt.org/archives/keywords/webinars/
weil,https://jcrt.org/archives/keywords/weil/
weitzman,https://jcrt.org/archives/keywords/weitzman/
wells,https://jcrt.org/archives/keywords/wells/
wendy-doniger,https://jcrt.org/archives/keywords/wendy-doniger/
wesker,https://jcrt.org/archives/keywords/wesker/
west-african-islam,https://jcrt.org/archives/keywords/west-african-islam/
west,https://jcrt.org/archives/keywords/west/
western-genre,https://jcrt.org/archives/keywords/western-genre/
western-hegemony,https://jcrt.org/archives/keywords/western-hegemony/
western-philosophy,https://jcrt.org/archives/keywords/western-philosophy/
western-thought,https://jcrt.org/archives/keywords/western-thought/
western,https://jcrt.org/archives/keywords/western/
white-supremacy,https://jcrt.org/archives/keywords/white-supremacy/
whitehead,https://jcrt.org/archives/keywords/whitehead/
wholly-other,https://jcrt.org/archives/keywords/wholly-other/
wilfred-cantwell,https://jcrt.org/archives/keywords/wilfred-cantwell/
william-blake,https://jcrt.org/archives/keywords/william-blake/
william-irwin,https://jcrt.org/archives/keywords/william-irwin/
william-james,https://jcrt.org/archives/keywords/william-james/
william-mitchell,https://jcrt.org/archives/keywords/william-mitchell/
william-of-ockham,https://jcrt.org/archives/keywords/william-of-ockham/
