name,url
william-shakespeare,https://jcrt.org/archives/keywords/william-shakespeare/
william,https://jcrt.org/archives/keywords/william/
winter-of-man,https://jcrt.org/archives/keywords/winter-of-man/
wisdom-of-god,https://jcrt.org/archives/keywords/wisdom-of-god/
wisdom,https://jcrt.org/archives/keywords/wisdom/
wish-fulfillment,https://jcrt.org/archives/keywords/wish-fulfillment/
withdrawal,https://jcrt.org/archives/keywords/withdrawal/
witness,https://jcrt.org/archives/keywords/witness/
witnessing,https://jcrt.org/archives/keywords/witnessing/
wittgenstein,https://jcrt.org/archives/keywords/wittgenstein/
wolfhart-pannenberg,https://jcrt.org/archives/keywords/wolfhart-pannenberg/
woman-killing-in-jua-rez-theodicy-at-the-border-book,https://jcrt.org/archives/keywords/woman-killing-in-jua-rez-theodicy-at-the-border-book/
women-and-religion,https://jcrt.org/archives/keywords/women-and-religion/
women-authors,https://jcrt.org/archives/keywords/women-authors/
women-in-christianity,https://jcrt.org/archives/keywords/women-in-christianity/
women-legal-status,https://jcrt.org/archives/keywords/women-legal-status/
women-religion,https://jcrt.org/archives/keywords/women-religion/
women-religious-life,https://jcrt.org/archives/keywords/women-religious-life/
women-s-rights,https://jcrt.org/archives/keywords/women-s-rights/
women-with-intellectual-disabilities,https://jcrt.org/archives/keywords/women-with-intellectual-disabilities/
womens-ordination,https://jcrt.org/archives/keywords/womens-ordination/
womens-rhetoric,https://jcrt.org/archives/keywords/womens-rhetoric/
womens-suffrage,https://jcrt.org/archives/keywords/womens-suffrage/
wonder-and-marvels,https://jcrt.org/archives/keywords/wonder-and-marvels/
wonder,https://jcrt.org/archives/keywords/wonder/
word-image-opposition,https://jcrt.org/archives/keywords/word-image-opposition/
word-of-god,https://jcrt.org/archives/keywords/word-of-god/
work-of-art,https://jcrt.org/archives/keywords/work-of-art/
world-picture,https://jcrt.org/archives/keywords/world-picture/
world-trade,https://jcrt.org/archives/keywords/world-trade/
world-war,https://jcrt.org/archives/keywords/world-war/
worship,https://jcrt.org/archives/keywords/worship/
writing-and-religion,https://jcrt.org/archives/keywords/writing-and-religion/
writing,https://jcrt.org/archives/keywords/writing/
wynter,https://jcrt.org/archives/keywords/wynter/
yakama-nation,https://jcrt.org/archives/keywords/yakama-nation/
yanomami,https://jcrt.org/archives/keywords/yanomami/
yanomamo-south-american-people,https://jcrt.org/archives/keywords/yanomamo-south-american-people/
yiddish-theater,https://jcrt.org/archives/keywords/yiddish-theater/
yiddish,https://jcrt.org/archives/keywords/yiddish/
yogacara,https://jcrt.org/archives/keywords/yogacara/
yvonne-sherwood,https://jcrt.org/archives/keywords/yvonne-sherwood/
z-iz-ek,https://jcrt.org/archives/keywords/z-iz-ek/
zachary-mcleod,https://jcrt.org/archives/keywords/zachary-mcleod/
zdravko,https://jcrt.org/archives/keywords/zdravko/
zelenskyy,https://jcrt.org/archives/keywords/zelenskyy/
zen,https://jcrt.org/archives/keywords/zen/
zionism,https://jcrt.org/archives/keywords/zionism/
zombie-apocalypse,https://jcrt.org/archives/keywords/zombie-apocalypse/
zombie-films,https://jcrt.org/archives/keywords/zombie-films/
zombies-in-literature,https://jcrt.org/archives/keywords/zombies-in-literature/
zombies-in-popular-culture,https://jcrt.org/archives/keywords/zombies-in-popular-culture/
zombies,https://jcrt.org/archives/keywords/zombies/
zupanc-ic,https://jcrt.org/archives/keywords/zupanc-ic/
authors-sitemap.xml,https://jcrt.org/authors-sitemap.xml
authors,https://jcrt.org/authors/
a-d-c-cake,https://jcrt.org/authors/a-d-c-cake/
a-d-carson,https://jcrt.org/authors/a-d-carson/
a-davis-lewis,https://jcrt.org/authors/a-davis-lewis/
a-g-holdier,https://jcrt.org/authors/a-g-holdier/
aaron-bibb,https://jcrt.org/authors/aaron-bibb/
aaron-klink,https://jcrt.org/authors/aaron-klink/
aaron-kunin,https://jcrt.org/authors/aaron-kunin/
aaron-t-lockhart,https://jcrt.org/authors/aaron-t-lockhart/
aaron-urbanczyk,https://jcrt.org/authors/aaron-urbanczyk/
aaron-v-burton,https://jcrt.org/authors/aaron-v-burton/
ada-s-jaarsma,https://jcrt.org/authors/ada-s-jaarsma/
adam-dj-brett,https://jcrt.org/authors/adam-dj-brett/
adam-f-braun,https://jcrt.org/authors/adam-f-braun/
adam-katz,https://jcrt.org/authors/adam-katz/
adam-kotsko,https://jcrt.org/authors/adam-kotsko/
adam-loch,https://jcrt.org/authors/adam-loch/
adam-s-miller,https://jcrt.org/authors/adam-s-miller/
agata-bielik-robson,https://jcrt.org/authors/agata-bielik-robson/
alan-j-richard,https://jcrt.org/authors/alan-j-richard/
alan-jay-richard,https://jcrt.org/authors/alan-jay-richard/
albert-mcclure,https://jcrt.org/authors/albert-mcclure/
alberto-urquidez,https://jcrt.org/authors/alberto-urquidez/
alex-dubilet,https://jcrt.org/authors/alex-dubilet/
alex-schulman,https://jcrt.org/authors/alex-schulman/
alex-skinner,https://jcrt.org/authors/alex-skinner/
ali-hval,https://jcrt.org/authors/ali-hval/
alina-n-feld,https://jcrt.org/authors/alina-n-feld/
almut-barbara-renger,https://jcrt.org/authors/almut-barbara-renger/
alon-segev,https://jcrt.org/authors/alon-segev/
amaranth-borsuk,https://jcrt.org/authors/amaranth-borsuk/
amaryah-armstrong,https://jcrt.org/authors/amaryah-armstrong/
amit-gvaryahu,https://jcrt.org/authors/amit-gvaryahu/
amy-evans,https://jcrt.org/authors/amy-evans/
amy-m-green,https://jcrt.org/authors/amy-m-green/
ananda-abeysekara,https://jcrt.org/authors/ananda-abeysekara/
andrea-l-stanton,https://jcrt.org/authors/andrea-l-stanton/
andrea-sun-mee-jones,https://jcrt.org/authors/andrea-sun-mee-jones/
andrew-j-ball,https://jcrt.org/authors/andrew-j-ball/
andrew-saldino,https://jcrt.org/authors/andrew-saldino/
andrew-stone-porter,https://jcrt.org/authors/andrew-stone-porter/
andrew-tatusko,https://jcrt.org/authors/andrew-tatusko/
andrew-w-hass,https://jcrt.org/authors/andrew-w-hass/
andrew-w-metcalfe,https://jcrt.org/authors/andrew-w-metcalfe/
angie-heo,https://jcrt.org/authors/angie-heo/
anindya-sekhar-purakayastha,https://jcrt.org/authors/anindya-sekhar-purakayastha/
ann-game,https://jcrt.org/authors/ann-game/
ann-m-fox,https://jcrt.org/authors/ann-m-fox/
anna-kornbluh,https://jcrt.org/authors/anna-kornbluh/
anna-maria-edlinger,https://jcrt.org/authors/anna-maria-edlinger/
anna-maria-magnasco,https://jcrt.org/authors/anna-maria-magnasco/
anna-westin,https://jcrt.org/authors/anna-westin/
anthony-j-steinbock,https://jcrt.org/authors/anthony-j-steinbock/
anthony-l-macri,https://jcrt.org/authors/anthony-l-macri/
anthony-paul-smith,https://jcrt.org/authors/anthony-paul-smith/
anthony-shelton,https://jcrt.org/authors/anthony-shelton/
antonio-gnolio,https://jcrt.org/authors/antonio-gnolio/
antonio-negri,https://jcrt.org/authors/antonio-negri/
apple-zefelius-igrek,https://jcrt.org/authors/apple-zefelius-igrek/
april-o-brien,https://jcrt.org/authors/april-o-brien/
ariadne-dubus,https://jcrt.org/authors/ariadne-dubus/
arne-de-boever,https://jcrt.org/authors/arne-de-boever/
arthur-bradley,https://jcrt.org/authors/arthur-bradley/
arthur-horowitz,https://jcrt.org/authors/arthur-horowitz/
artur-sebastian-rosman,https://jcrt.org/authors/artur-sebastian-rosman/
ashley-graham,https://jcrt.org/authors/ashley-graham/
b-c-knowlton,https://jcrt.org/authors/b-c-knowlton/
b-keith-putt,https://jcrt.org/authors/b-keith-putt/
barbara-alice-mann,https://jcrt.org/authors/barbara-alice-mann/
barbara-muraca,https://jcrt.org/authors/barbara-muraca/
beatrice-marovich,https://jcrt.org/authors/beatrice-marovich/
benjamin-bennett-carpenter,https://jcrt.org/authors/benjamin-bennett-carpenter/
benjamin-fong,https://jcrt.org/authors/benjamin-fong/
benjamin-p-davis,https://jcrt.org/authors/benjamin-p-davis/
benjamin-stahlberg,https://jcrt.org/authors/benjamin-stahlberg/
benjamin-steele-fisher,https://jcrt.org/authors/benjamin-steele-fisher/
bennett-gilbert,https://jcrt.org/authors/bennett-gilbert/
berel-dov-lerner,https://jcrt.org/authors/berel-dov-lerner/
betty-hill-lyons,https://jcrt.org/authors/betty-hill-lyons/
bhrigupati-singh,https://jcrt.org/authors/bhrigupati-singh/
bo-eberle,https://jcrt.org/authors/bo-eberle/
bostjan-nedoh,https://jcrt.org/authors/bostjan-nedoh/
boyd-blundell,https://jcrt.org/authors/boyd-blundell/
bradley-a-johnson,https://jcrt.org/authors/bradley-a-johnson/
bradley-onishi,https://jcrt.org/authors/bradley-onishi/
branko-klun,https://jcrt.org/authors/branko-klun/
brian-britt,https://jcrt.org/authors/brian-britt/
brian-buchanan,https://jcrt.org/authors/brian-buchanan/
brian-shudo-schroeder,https://jcrt.org/authors/brian-shudo-schroeder/
brigid-burke,https://jcrt.org/authors/brigid-burke/
brooke-schedneck,https://jcrt.org/authors/brooke-schedneck/
bruce-janz,https://jcrt.org/authors/bruce-janz/
bryan-s-rennie,https://jcrt.org/authors/bryan-s-rennie/
c-jason-lee,https://jcrt.org/authors/c-jason-lee/
camelia-elias,https://jcrt.org/authors/camelia-elias/
camille-grace-leon-angelo,https://jcrt.org/authors/camille-grace-leon-angelo/
carissa-devine,https://jcrt.org/authors/carissa-devine/
carl-raschke,https://jcrt.org/authors/carl-raschke/
carlo-salzani,https://jcrt.org/authors/carlo-salzani/
carol-s-anderson,https://jcrt.org/authors/carol-s-anderson/
caterina-gaetano,https://jcrt.org/authors/caterina-gaetano/
catherine-keller,https://jcrt.org/authors/catherine-keller/
catherine-malabou,https://jcrt.org/authors/catherine-malabou/
catherine-walsh,https://jcrt.org/authors/catherine-walsh/
celinet-duran-jimenez,https://jcrt.org/authors/celinet-duran-jimenez/
charles-e-winquist,https://jcrt.org/authors/charles-e-winquist/
charles-h-long,https://jcrt.org/authors/charles-h-long/
charles-nuckolls,https://jcrt.org/authors/charles-nuckolls/
charles-taylor,https://jcrt.org/authors/charles-taylor/
charlotte-merriman,https://jcrt.org/authors/charlotte-merriman/
chris-durante,https://jcrt.org/authors/chris-durante/
chris-fox,https://jcrt.org/authors/chris-fox/
christina-gschwandtner,https://jcrt.org/authors/christina-gschwandtner/
christina-m-gschwandtner,https://jcrt.org/authors/christina-m-gschwandtner/
christopher-d-rodkey,https://jcrt.org/authors/christopher-d-rodkey/
christopher-durante,https://jcrt.org/authors/christopher-durante/
christopher-m-flavin,https://jcrt.org/authors/christopher-m-flavin/
christopher-m-taylor,https://jcrt.org/authors/christopher-m-taylor/
christopher-mayes,https://jcrt.org/authors/christopher-mayes/
christopher-w-haley,https://jcrt.org/authors/christopher-w-haley/
christy-flanagan-feddon,https://jcrt.org/authors/christy-flanagan-feddon/
cj-gordon,https://jcrt.org/authors/cj-gordon/
clayton-crockett,https://jcrt.org/authors/clayton-crockett/
colbey-emmerson-reid,https://jcrt.org/authors/colbey-emmerson-reid/
cory-stockwell,https://jcrt.org/authors/cory-stockwell/
craig-craig-edward-martin,https://jcrt.org/authors/craig-craig-edward-martin/
craig-j-saper,https://jcrt.org/authors/craig-j-saper/
creston-davis,https://jcrt.org/authors/creston-davis/
curtis-l-thompson,https://jcrt.org/authors/curtis-l-thompson/
cyril-hovorun,https://jcrt.org/authors/cyril-hovorun/
d-a-shane,https://jcrt.org/authors/d-a-shane/
daniel-boscaljon,https://jcrt.org/authors/daniel-boscaljon/
daniel-colucciello-barber,https://jcrt.org/authors/daniel-colucciello-barber/
daniel-douglas-miller,https://jcrt.org/authors/daniel-douglas-miller/
daniel-e-rossi-keen,https://jcrt.org/authors/daniel-e-rossi-keen/
daniel-fishley,https://jcrt.org/authors/daniel-fishley/
daniel-j-mcclain,https://jcrt.org/authors/daniel-j-mcclain/
daniel-l-tate,https://jcrt.org/authors/daniel-l-tate/
daniel-m-finer,https://jcrt.org/authors/daniel-m-finer/
daniel-m-jr-bell,https://jcrt.org/authors/daniel-m-jr-bell/
daniel-mckanan,https://jcrt.org/authors/daniel-mckanan/
daniel-reiser,https://jcrt.org/authors/daniel-reiser/
daniel-rhodes,https://jcrt.org/authors/daniel-rhodes/
daniel-steinmetz-jenkins,https://jcrt.org/authors/daniel-steinmetz-jenkins/
daniel-tutt,https://jcrt.org/authors/daniel-tutt/
daniel-weidner,https://jcrt.org/authors/daniel-weidner/
danielle-celermajer,https://jcrt.org/authors/danielle-celermajer/
danielle-s-nagle,https://jcrt.org/authors/danielle-s-nagle/
darlene-m-juschka,https://jcrt.org/authors/darlene-m-juschka/
darrell-j-fasching,https://jcrt.org/authors/darrell-j-fasching/
darshan-datar,https://jcrt.org/authors/darshan-datar/
david-a-adcock,https://jcrt.org/authors/david-a-adcock/
david-b-dillard-wright,https://jcrt.org/authors/david-b-dillard-wright/
david-c-wood,https://jcrt.org/authors/david-c-wood/
david-dandy,https://jcrt.org/authors/david-dandy/
david-hale,https://jcrt.org/authors/david-hale/
david-kim,https://jcrt.org/authors/david-kim/
david-kline,https://jcrt.org/authors/david-kline/
david-leroy-miller,https://jcrt.org/authors/david-leroy-miller/
david-r-glowacki,https://jcrt.org/authors/david-r-glowacki/
david-reinhart,https://jcrt.org/authors/david-reinhart/
david-w-congdon,https://jcrt.org/authors/david-w-congdon/
dean-dettloff,https://jcrt.org/authors/dean-dettloff/
delbert-hayden,https://jcrt.org/authors/delbert-hayden/
dennis-m-weiss,https://jcrt.org/authors/dennis-m-weiss/
derek-cook,https://jcrt.org/authors/derek-cook/
derek-michaud,https://jcrt.org/authors/derek-michaud/
devin-singh,https://jcrt.org/authors/devin-singh/
diako-alikhani,https://jcrt.org/authors/diako-alikhani/
diane-e-johnson,https://jcrt.org/authors/diane-e-johnson/
dj-spooky-that-subliminal-kid,https://jcrt.org/authors/dj-spooky-that-subliminal-kid/
donald-l-turner,https://jcrt.org/authors/donald-l-turner/
donna-bowman,https://jcrt.org/authors/donna-bowman/
donnie-featherston,https://jcrt.org/authors/donnie-featherston/
dorina-miller-parmenter,https://jcrt.org/authors/dorina-miller-parmenter/
dragan-prole,https://jcrt.org/authors/dragan-prole/
dragos-stoica,https://jcrt.org/authors/dragos-stoica/
drew-m-dalton,https://jcrt.org/authors/drew-m-dalton/
duygu-sendag,https://jcrt.org/authors/duygu-sendag/
eddo-evink,https://jcrt.org/authors/eddo-evink/
edith-wyschogrod,https://jcrt.org/authors/edith-wyschogrod/
editors,https://jcrt.org/authors/editors/
edward-f-mooney,https://jcrt.org/authors/edward-f-mooney/
edward-s-casey,https://jcrt.org/authors/edward-s-casey/
eglute-trinkauskaite,https://jcrt.org/authors/eglute-trinkauskaite/
ehud-benor,https://jcrt.org/authors/ehud-benor/
elaina-berlin,https://jcrt.org/authors/elaina-berlin/
elijah-prewitt-davis,https://jcrt.org/authors/elijah-prewitt-davis/
elise-montel-hurlin,https://jcrt.org/authors/elise-montel-hurlin/
ellen-b-cutler,https://jcrt.org/authors/ellen-b-cutler/
elliot-r-wolfson,https://jcrt.org/authors/elliot-r-wolfson/
emily-mcavan,https://jcrt.org/authors/emily-mcavan/
enrique-dussel,https://jcrt.org/authors/enrique-dussel/
eric-bain-selbo,https://jcrt.org/authors/eric-bain-selbo/
eric-d-smaw,https://jcrt.org/authors/eric-d-smaw/
eric-daryl-meyer,https://jcrt.org/authors/eric-daryl-meyer/
eric-l-santner,https://jcrt.org/authors/eric-l-santner/
eric-trozzo,https://jcrt.org/authors/eric-trozzo/
eric-weislogel,https://jcrt.org/authors/eric-weislogel/
erica-weitzman,https://jcrt.org/authors/erica-weitzman/
erik-meganck,https://jcrt.org/authors/erik-meganck/
erin-m-mcnellis,https://jcrt.org/authors/erin-m-mcnellis/
faisal-devji,https://jcrt.org/authors/faisal-devji/
felix-o-murchadha,https://jcrt.org/authors/felix-o-murchadha/
fernando-herrero,https://jcrt.org/authors/fernando-herrero/
filippo-pietrogrande,https://jcrt.org/authors/filippo-pietrogrande/
fiona-cranny,https://jcrt.org/authors/fiona-cranny/
florian-klug,https://jcrt.org/authors/florian-klug/
ford-turrell,https://jcrt.org/authors/ford-turrell/
forrest-clingerman,https://jcrt.org/authors/forrest-clingerman/
francis-sanzaro,https://jcrt.org/authors/francis-sanzaro/
fraser-macdonald,https://jcrt.org/authors/fraser-macdonald/
frederick-j-ruf,https://jcrt.org/authors/frederick-j-ruf/
g-chad-snyder,https://jcrt.org/authors/g-chad-snyder/
gabriel-thomas-gustav-byng,https://jcrt.org/authors/gabriel-thomas-gustav-byng/
gabriel-vahanian,https://jcrt.org/authors/gabriel-vahanian/
gabriele-fadini,https://jcrt.org/authors/gabriele-fadini/
gary-a-mullen,https://jcrt.org/authors/gary-a-mullen/
gary-bedford,https://jcrt.org/authors/gary-bedford/
gary-grieve-carlson,https://jcrt.org/authors/gary-grieve-carlson/
gavin-hurley,https://jcrt.org/authors/gavin-hurley/
gavin-hyman,https://jcrt.org/authors/gavin-hyman/
genn-ruan,https://jcrt.org/authors/genn-ruan/
geoffrey-galt-harpham,https://jcrt.org/authors/geoffrey-galt-harpham/
geoffrey-holsclaw,https://jcrt.org/authors/geoffrey-holsclaw/
george-kodimattam-joseph,https://jcrt.org/authors/george-kodimattam-joseph/
george-quasha,https://jcrt.org/authors/george-quasha/
george-schmidt,https://jcrt.org/authors/george-schmidt/
gerald-majer,https://jcrt.org/authors/gerald-majer/
gerrit-w-neven,https://jcrt.org/authors/gerrit-w-neven/
gianni-vattimo,https://jcrt.org/authors/gianni-vattimo/
gregg-lambert,https://jcrt.org/authors/gregg-lambert/
gregory-flaxman,https://jcrt.org/authors/gregory-flaxman/
hans-ruin,https://jcrt.org/authors/hans-ruin/
harpreet-kaur,https://jcrt.org/authors/harpreet-kaur/
hemopereki-simon,https://jcrt.org/authors/hemopereki-simon/
henry-giroux,https://jcrt.org/authors/henry-giroux/
hent-vries,https://jcrt.org/authors/hent-vries/
hermen-kroesbergen,https://jcrt.org/authors/hermen-kroesbergen/
hollis-phelps,https://jcrt.org/authors/hollis-phelps/
hossein-godazgar,https://jcrt.org/authors/hossein-godazgar/
hui-chun-li,https://jcrt.org/authors/hui-chun-li/
ian-almond,https://jcrt.org/authors/ian-almond/
ian-mcpherson,https://jcrt.org/authors/ian-mcpherson/
ido-govrin,https://jcrt.org/authors/ido-govrin/
ignas-kalpokas,https://jcrt.org/authors/ignas-kalpokas/
iria-grammenou,https://jcrt.org/authors/iria-grammenou/
isabella-guanzini,https://jcrt.org/authors/isabella-guanzini/
isaiah-dylan-ellis,https://jcrt.org/authors/isaiah-dylan-ellis/
isobel-marie-johnston,https://jcrt.org/authors/isobel-marie-johnston/
j-aaron-simmons,https://jcrt.org/authors/j-aaron-simmons/
j-c-smith,https://jcrt.org/authors/j-c-smith/
j-edward-hackett,https://jcrt.org/authors/j-edward-hackett/
j-heath-atchley,https://jcrt.org/authors/j-heath-atchley/
j-l-schellenberg,https://jcrt.org/authors/j-l-schellenberg/
jack-mulder-jr,https://jcrt.org/authors/jack-mulder-jr/
jacky-bowring,https://jcrt.org/authors/jacky-bowring/
jake-s-sirota,https://jcrt.org/authors/jake-s-sirota/
jakob-deibl,https://jcrt.org/authors/jakob-deibl/
james-c-james-craig-livingston,https://jcrt.org/authors/james-c-james-craig-livingston/
james-cochran,https://jcrt.org/authors/james-cochran/
james-dodd,https://jcrt.org/authors/james-dodd/
james-e-willis-iii,https://jcrt.org/authors/james-e-willis-iii/
james-g-hart,https://jcrt.org/authors/james-g-hart/
james-j-dicenso,https://jcrt.org/authors/james-j-dicenso/
james-k-a-smith,https://jcrt.org/authors/james-k-a-smith/
james-mensch,https://jcrt.org/authors/james-mensch/
james-o-duke,https://jcrt.org/authors/james-o-duke/
james-v-spickard,https://jcrt.org/authors/james-v-spickard/
jared-lacey,https://jcrt.org/authors/jared-lacey/
jared-lacy,https://jcrt.org/authors/jared-lacy/
jared-woodard,https://jcrt.org/authors/jared-woodard/
jason-bivins,https://jcrt.org/authors/jason-bivins/
jason-craig,https://jcrt.org/authors/jason-craig/
jason-flato,https://jcrt.org/authors/jason-flato/
jason-m-flato,https://jcrt.org/authors/jason-m-flato/
jason-w-alvis,https://jcrt.org/authors/jason-w-alvis/
jean-leclercq,https://jcrt.org/authors/jean-leclercq/
jean-luc-marion,https://jcrt.org/authors/jean-luc-marion/
jean-michel-rabate,https://jcrt.org/authors/jean-michel-rabate/
jeff-appel,https://jcrt.org/authors/jeff-appel/
jeff-ritchie,https://jcrt.org/authors/jeff-ritchie/
jeffrey-f-keuss,https://jcrt.org/authors/jeffrey-f-keuss/
jeffrey-hanson,https://jcrt.org/authors/jeffrey-hanson/
jeffrey-j-williams,https://jcrt.org/authors/jeffrey-j-williams/
jeffrey-kosky,https://jcrt.org/authors/jeffrey-kosky/
jeffrey-l-kosky,https://jcrt.org/authors/jeffrey-l-kosky/
jeffrey-scholes,https://jcrt.org/authors/jeffrey-scholes/
jeffrey-w-robbins,https://jcrt.org/authors/jeffrey-w-robbins/
jenifer-whiting,https://jcrt.org/authors/jenifer-whiting/
jennifer-art-nelson,https://jcrt.org/authors/jennifer-art-nelson/
jennifer-r-rust,https://jcrt.org/authors/jennifer-r-rust/
jeremy-biles,https://jcrt.org/authors/jeremy-biles/
jerry-burkette,https://jcrt.org/authors/jerry-burkette/
jochen-schmidt,https://jcrt.org/authors/jochen-schmidt/
jode-goudy,https://jcrt.org/authors/jode-goudy/
jodi-dean,https://jcrt.org/authors/jodi-dean/
joe-blosser,https://jcrt.org/authors/joe-blosser/
joel-harrison,https://jcrt.org/authors/joel-harrison/
johannes-zachhuber,https://jcrt.org/authors/johannes-zachhuber/
john-b-cobb-jr,https://jcrt.org/authors/john-b-cobb-jr/
john-burkey,https://jcrt.org/authors/john-burkey/
john-cuda,https://jcrt.org/authors/john-cuda/
john-d-caputo,https://jcrt.org/authors/john-d-caputo/
john-greco,https://jcrt.org/authors/john-greco/
john-hinshaw,https://jcrt.org/authors/john-hinshaw/
john-l-meeks,https://jcrt.org/authors/john-l-meeks/
john-matthew-allison,https://jcrt.org/authors/john-matthew-allison/
john-panteleimon-manoussakis,https://jcrt.org/authors/john-panteleimon-manoussakis/
john-y-cha,https://jcrt.org/authors/john-y-cha/
jonathan-a-seitz,https://jcrt.org/authors/jonathan-a-seitz/
jonathan-david-york,https://jcrt.org/authors/jonathan-david-york/
jonathan-lee,https://jcrt.org/authors/jonathan-lee/
jonathan-russell,https://jcrt.org/authors/jonathan-russell/
jonna-bornemark,https://jcrt.org/authors/jonna-bornemark/
jordan-e-miller,https://jcrt.org/authors/jordan-e-miller/
jordan-osserman,https://jcrt.org/authors/jordan-osserman/
jorge-sicre,https://jcrt.org/authors/jorge-sicre/
joseph-aldinger,https://jcrt.org/authors/joseph-aldinger/
joseph-ballan,https://jcrt.org/authors/joseph-ballan/
joseph-cohen,https://jcrt.org/authors/joseph-cohen/
joseph-j-heath,https://jcrt.org/authors/joseph-j-heath/
joseph-m-m-aldinger,https://jcrt.org/authors/joseph-m-m-aldinger/
joseph-rivera,https://jcrt.org/authors/joseph-rivera/
joseph-valente,https://jcrt.org/authors/joseph-valente/
joseph-winters,https://jcrt.org/authors/joseph-winters/
joshua-canzona,https://jcrt.org/authors/joshua-canzona/
joshua-delpech-ramey,https://jcrt.org/authors/joshua-delpech-ramey/
joshua-giardino,https://jcrt.org/authors/joshua-giardino/
joshua-lawrence,https://jcrt.org/authors/joshua-lawrence/
joshua-m-hall,https://jcrt.org/authors/joshua-m-hall/
joshua-nichols,https://jcrt.org/authors/joshua-nichols/
joshua-ramos,https://jcrt.org/authors/joshua-ramos/
joshua-samuel,https://jcrt.org/authors/joshua-samuel/
josiah-solis,https://jcrt.org/authors/josiah-solis/
joyce-ann-konigsburg,https://jcrt.org/authors/joyce-ann-konigsburg/
joyce-konigsburg,https://jcrt.org/authors/joyce-konigsburg/
julia-reinhard-lupton,https://jcrt.org/authors/julia-reinhard-lupton/
jussi-backman,https://jcrt.org/authors/jussi-backman/
justine-m-bakker,https://jcrt.org/authors/justine-m-bakker/
kara-roberts,https://jcrt.org/authors/kara-roberts/
karen-bray,https://jcrt.org/authors/karen-bray/
karey-harwood,https://jcrt.org/authors/karey-harwood/
karmen-mackendrick,https://jcrt.org/authors/karmen-mackendrick/
karsten-fischer,https://jcrt.org/authors/karsten-fischer/
katerina-kolozova,https://jcrt.org/authors/katerina-kolozova/
katharine-sarah-moody,https://jcrt.org/authors/katharine-sarah-moody/
kelly-maeshiro,https://jcrt.org/authors/kelly-maeshiro/
ken-lokensgard,https://jcrt.org/authors/ken-lokensgard/
kenneth-h-lokensgard,https://jcrt.org/authors/kenneth-h-lokensgard/
kenneth-reinhard,https://jcrt.org/authors/kenneth-reinhard/
kenneth-s-jackson,https://jcrt.org/authors/kenneth-s-jackson/
kerrie-l-carsey,https://jcrt.org/authors/kerrie-l-carsey/
kev-grane,https://jcrt.org/authors/kev-grane/
kevin-hart,https://jcrt.org/authors/kevin-hart/
kevin-hujing,https://jcrt.org/authors/kevin-hujing/
kevin-lewis,https://jcrt.org/authors/kevin-lewis/
kevin-schilbrack,https://jcrt.org/authors/kevin-schilbrack/
kieryn-e-wurts,https://jcrt.org/authors/kieryn-e-wurts/
king-ho-leung,https://jcrt.org/authors/king-ho-leung/
konstantinos-kavoulakos,https://jcrt.org/authors/konstantinos-kavoulakos/
kris-sealey,https://jcrt.org/authors/kris-sealey/
kurt-appel,https://jcrt.org/authors/kurt-appel/
larry-t-shillock,https://jcrt.org/authors/larry-t-shillock/
lars-iyer,https://jcrt.org/authors/lars-iyer/
laura-e-alexander,https://jcrt.org/authors/laura-e-alexander/
lauri-siisiainen,https://jcrt.org/authors/lauri-siisiainen/
lenart-skof,https://jcrt.org/authors/lenart-skof/
leslie-c-miller,https://jcrt.org/authors/leslie-c-miller/
liam-burrell,https://jcrt.org/authors/liam-burrell/
linda-m-maccammon,https://jcrt.org/authors/linda-m-maccammon/
lisa-r-holliday,https://jcrt.org/authors/lisa-r-holliday/
lisa-simon,https://jcrt.org/authors/lisa-simon/
lissa-mccullough,https://jcrt.org/authors/lissa-mccullough/
liyakatali-takim,https://jcrt.org/authors/liyakatali-takim/
lora-stone,https://jcrt.org/authors/lora-stone/
lucas-mccracken,https://jcrt.org/authors/lucas-mccracken/
ludger-hagedorn,https://jcrt.org/authors/ludger-hagedorn/
ludger-hagerdorn,https://jcrt.org/authors/ludger-hagerdorn/
luke-fodor,https://jcrt.org/authors/luke-fodor/
lydia-e-ferguson,https://jcrt.org/authors/lydia-e-ferguson/
m-gail-hamner,https://jcrt.org/authors/m-gail-hamner/
madeleine-taylor,https://jcrt.org/authors/madeleine-taylor/
madeline-yonker,https://jcrt.org/authors/madeline-yonker/
madina-tlostanova,https://jcrt.org/authors/madina-tlostanova/
madison-tarleton,https://jcrt.org/authors/madison-tarleton/
mads-peter-karlsen,https://jcrt.org/authors/mads-peter-karlsen/
maeve-callan,https://jcrt.org/authors/maeve-callan/
magdalena-sedmak,https://jcrt.org/authors/magdalena-sedmak/
manuel-a-vasquez,https://jcrt.org/authors/manuel-a-vasquez/
manuel-jesus-mejido,https://jcrt.org/authors/manuel-jesus-mejido/
manuel-mejido-costoya,https://jcrt.org/authors/manuel-mejido-costoya/
manuel-vasquez,https://jcrt.org/authors/manuel-vasquez/
marcia-sa-cavalcante-schuback,https://jcrt.org/authors/marcia-sa-cavalcante-schuback/
marcus-pound,https://jcrt.org/authors/marcus-pound/
maria-almanza,https://jcrt.org/authors/maria-almanza/
maria-lugones,https://jcrt.org/authors/maria-lugones/
marian-ronan,https://jcrt.org/authors/marian-ronan/
marika-rose,https://jcrt.org/authors/marika-rose/
mario-costa,https://jcrt.org/authors/mario-costa/
mario-d-amato,https://jcrt.org/authors/mario-d-amato/
mark-c-taylor,https://jcrt.org/authors/mark-c-taylor/
mark-cauchi,https://jcrt.org/authors/mark-cauchi/
mark-kjellman,https://jcrt.org/authors/mark-kjellman/
mark-lewis-taylor,https://jcrt.org/authors/mark-lewis-taylor/
mark-manolopoulos,https://jcrt.org/authors/mark-manolopoulos/
mark-murphy,https://jcrt.org/authors/mark-murphy/
mark-wood,https://jcrt.org/authors/mark-wood/
markus-weidler,https://jcrt.org/authors/markus-weidler/
martin-h-katchen,https://jcrt.org/authors/martin-h-katchen/
martin-hagglund,https://jcrt.org/authors/martin-hagglund/
martin-kavka,https://jcrt.org/authors/martin-kavka/
martin-shuster,https://jcrt.org/authors/martin-shuster/
martin-woessner,https://jcrt.org/authors/martin-woessner/
mary-b-campbell,https://jcrt.org/authors/mary-b-campbell/
mary-jane-rubenstein,https://jcrt.org/authors/mary-jane-rubenstein/
mason-davis,https://jcrt.org/authors/mason-davis/
matt-rosen,https://jcrt.org/authors/matt-rosen/
matt-waggoner,https://jcrt.org/authors/matt-waggoner/
matthew-abrahams,https://jcrt.org/authors/matthew-abrahams/
matthew-chrulew,https://jcrt.org/authors/matthew-chrulew/
matthew-clemente,https://jcrt.org/authors/matthew-clemente/
matthew-s-linck,https://jcrt.org/authors/matthew-s-linck/
matthew-t-powell,https://jcrt.org/authors/matthew-t-powell/
matthew-waggoner,https://jcrt.org/authors/matthew-waggoner/
mehnaz-afridi,https://jcrt.org/authors/mehnaz-afridi/
melissa-conroy,https://jcrt.org/authors/melissa-conroy/
merrill-cole,https://jcrt.org/authors/merrill-cole/
mia-l-mciver,https://jcrt.org/authors/mia-l-mciver/
michael-c-raubach,https://jcrt.org/authors/michael-c-raubach/
michael-cocksworth,https://jcrt.org/authors/michael-cocksworth/
michael-e-chaness,https://jcrt.org/authors/michael-e-chaness/
michael-fagenblat,https://jcrt.org/authors/michael-fagenblat/
michael-hardt,https://jcrt.org/authors/michael-hardt/
michael-hoelzl,https://jcrt.org/authors/michael-hoelzl/
michael-j-ardoline,https://jcrt.org/authors/michael-j-ardoline/
michael-j-brogan,https://jcrt.org/authors/michael-j-brogan/
michael-j-gilmour,https://jcrt.org/authors/michael-j-gilmour/
michael-j-zerbe,https://jcrt.org/authors/michael-j-zerbe/
michael-james-dise,https://jcrt.org/authors/michael-james-dise/
michael-mcandrew,https://jcrt.org/authors/michael-mcandrew/
michael-oliver,https://jcrt.org/authors/michael-oliver/
michael-purcell,https://jcrt.org/authors/michael-purcell/
michael-r-kelly,https://jcrt.org/authors/michael-r-kelly/
michael-saunders,https://jcrt.org/authors/michael-saunders/
michael-staudigl,https://jcrt.org/authors/michael-staudigl/
michael-strysick,https://jcrt.org/authors/michael-strysick/
michael-tadashi-sugimoto,https://jcrt.org/authors/michael-tadashi-sugimoto/
mick-pope,https://jcrt.org/authors/mick-pope/
mika-ojakangas,https://jcrt.org/authors/mika-ojakangas/
mike-grimshaw,https://jcrt.org/authors/mike-grimshaw/
mikel-burley,https://jcrt.org/authors/mikel-burley/
n-e-boulting,https://jcrt.org/authors/n-e-boulting/
natalie-eder,https://jcrt.org/authors/natalie-eder/
nate-koser,https://jcrt.org/authors/nate-koser/
nathan-r-b-loewen,https://jcrt.org/authors/nathan-r-b-loewen/
nathan-s-hilberg,https://jcrt.org/authors/nathan-s-hilberg/
nathaniel-j-morehouse,https://jcrt.org/authors/nathaniel-j-morehouse/
neal-deroo,https://jcrt.org/authors/neal-deroo/
neal-magee,https://jcrt.org/authors/neal-magee/
nethanial-belmont,https://jcrt.org/authors/nethanial-belmont/
niall-gildea,https://jcrt.org/authors/niall-gildea/
nicholas-mather,https://jcrt.org/authors/nicholas-mather/
nicholas-wolterstorff,https://jcrt.org/authors/nicholas-wolterstorff/
nichole-e-miller,https://jcrt.org/authors/nichole-e-miller/
nick-mather,https://jcrt.org/authors/nick-mather/
nick-sousanis,https://jcrt.org/authors/nick-sousanis/
nicolas-de-warren,https://jcrt.org/authors/nicolas-de-warren/
nikolas-lambrianou,https://jcrt.org/authors/nikolas-lambrianou/
nikolay-karkov,https://jcrt.org/authors/nikolay-karkov/
nina-p-azari,https://jcrt.org/authors/nina-p-azari/
nirvikar-singh,https://jcrt.org/authors/nirvikar-singh/
nisha-daga,https://jcrt.org/authors/nisha-daga/
nitzan-lebovic,https://jcrt.org/authors/nitzan-lebovic/
nn-trakakis,https://jcrt.org/authors/nn-trakakis/
noel-boulting,https://jcrt.org/authors/noel-boulting/
noel-dane-scott,https://jcrt.org/authors/noel-dane-scott/
noelle-vahanian,https://jcrt.org/authors/noelle-vahanian/
ole-jakob-loland,https://jcrt.org/authors/ole-jakob-loland/
oleg-komkov,https://jcrt.org/authors/oleg-komkov/
olli-pekka-vaino,https://jcrt.org/authors/olli-pekka-vaino/
oludamini-ogunnaike,https://jcrt.org/authors/oludamini-ogunnaike/
oona-eisenstadt,https://jcrt.org/authors/oona-eisenstadt/
ori-rotlevy,https://jcrt.org/authors/ori-rotlevy/
osage-nation,https://jcrt.org/authors/osage-nation/
owen-ware,https://jcrt.org/authors/owen-ware/
oz-lorentzen,https://jcrt.org/authors/oz-lorentzen/
padraic-fitzgerald,https://jcrt.org/authors/padraic-fitzgerald/
paige-spencer,https://jcrt.org/authors/paige-spencer/
patrice-haynes,https://jcrt.org/authors/patrice-haynes/
patrick-provost-smith,https://jcrt.org/authors/patrick-provost-smith/
paul-a-kottman,https://jcrt.org/authors/paul-a-kottman/
paul-dahlgren,https://jcrt.org/authors/paul-dahlgren/
paul-j-daponte,https://jcrt.org/authors/paul-j-daponte/
paul-k-moser,https://jcrt.org/authors/paul-k-moser/
paul-lakeland,https://jcrt.org/authors/paul-lakeland/
paul-maltby,https://jcrt.org/authors/paul-maltby/
perri-druen,https://jcrt.org/authors/perri-druen/
peter-canning,https://jcrt.org/authors/peter-canning/
peter-d-errico,https://jcrt.org/authors/peter-d-errico/
peter-gilgen,https://jcrt.org/authors/peter-gilgen/
peter-goodwin-heltzel,https://jcrt.org/authors/peter-goodwin-heltzel/
peter-ochs,https://jcrt.org/authors/peter-ochs/
petra-carlsson-redell,https://jcrt.org/authors/petra-carlsson-redell/
peyman-vahabzadeh,https://jcrt.org/authors/peyman-vahabzadeh/
philip-goodchild,https://jcrt.org/authors/philip-goodchild/
philip-larrey,https://jcrt.org/authors/philip-larrey/
philip-p-arnold,https://jcrt.org/authors/philip-p-arnold/
philipp-quell,https://jcrt.org/authors/philipp-quell/
philipp-valentini,https://jcrt.org/authors/philipp-valentini/
phillip-rodgers-falk,https://jcrt.org/authors/phillip-rodgers-falk/
pierce-marks,https://jcrt.org/authors/pierce-marks/
pramod-k-nayar,https://jcrt.org/authors/pramod-k-nayar/
pranay-somayajula,https://jcrt.org/authors/pranay-somayajula/
r-m-van-de-weg,https://jcrt.org/authors/r-m-van-de-weg/
rachel-thomas,https://jcrt.org/authors/rachel-thomas/
raji-singh-soni,https://jcrt.org/authors/raji-singh-soni/
randi-rashkover,https://jcrt.org/authors/randi-rashkover/
ray-l-hart,https://jcrt.org/authors/ray-l-hart/
rebecca-sanchez,https://jcrt.org/authors/rebecca-sanchez/
rebecca-todd-peters,https://jcrt.org/authors/rebecca-todd-peters/
rebekah-gordon,https://jcrt.org/authors/rebekah-gordon/
rebekah-howes,https://jcrt.org/authors/rebekah-howes/
reginald-bell-jr,https://jcrt.org/authors/reginald-bell-jr/
renee-barry,https://jcrt.org/authors/renee-barry/
rich-cochrane,https://jcrt.org/authors/rich-cochrane/
richard-crudhington,https://jcrt.org/authors/richard-crudhington/
richard-halpern,https://jcrt.org/authors/richard-halpern/
richard-kearney,https://jcrt.org/authors/richard-kearney/
richard-l-rubenstein,https://jcrt.org/authors/richard-l-rubenstein/
richard-m-allen,https://jcrt.org/authors/richard-m-allen/
richard-rorty,https://jcrt.org/authors/richard-rorty/
ritu-radhakrishnan,https://jcrt.org/authors/ritu-radhakrishnan/
rob-kennedy,https://jcrt.org/authors/rob-kennedy/
robert-d-metcalf,https://jcrt.org/authors/robert-d-metcalf/
robert-duncan,https://jcrt.org/authors/robert-duncan/
robert-e-alvis,https://jcrt.org/authors/robert-e-alvis/
robert-geroux,https://jcrt.org/authors/robert-geroux/
robert-j-miller,https://jcrt.org/authors/robert-j-miller/
robert-metcalf,https://jcrt.org/authors/robert-metcalf/
robert-monson,https://jcrt.org/authors/robert-monson/
robert-savino-oventile,https://jcrt.org/authors/robert-savino-oventile/
robert-spinelli,https://jcrt.org/authors/robert-spinelli/
robert-valgenti,https://jcrt.org/authors/robert-valgenti/
roberta-hurtado,https://jcrt.org/authors/roberta-hurtado/
rocco-gangle,https://jcrt.org/authors/rocco-gangle/
rode-molla,https://jcrt.org/authors/rode-molla/
roger-k-green,https://jcrt.org/authors/roger-k-green/
roland-boer,https://jcrt.org/authors/roland-boer/
rolando-rodriguez,https://jcrt.org/authors/rolando-rodriguez/
ronald-beiner,https://jcrt.org/authors/ronald-beiner/
ronald-charles,https://jcrt.org/authors/ronald-charles/
russ-leo,https://jcrt.org/authors/russ-leo/
ruud-welten,https://jcrt.org/authors/ruud-welten/
ryne-beddard,https://jcrt.org/authors/ryne-beddard/
s-andrew-stowe,https://jcrt.org/authors/s-andrew-stowe/
sally-roesch-wagner,https://jcrt.org/authors/sally-roesch-wagner/
samuel-joseph-kessler,https://jcrt.org/authors/samuel-joseph-kessler/
sandra-bigtree,https://jcrt.org/authors/sandra-bigtree/
sandra-burnup,https://jcrt.org/authors/sandra-burnup/
sanna-melin-schyllert,https://jcrt.org/authors/sanna-melin-schyllert/
santiago-zabala,https://jcrt.org/authors/santiago-zabala/
sarah-coakley,https://jcrt.org/authors/sarah-coakley/
sarah-nahar,https://jcrt.org/authors/sarah-nahar/
sarah-pessin,https://jcrt.org/authors/sarah-pessin/
scott-f-aikin,https://jcrt.org/authors/scott-f-aikin/
sean-j-mcgrath,https://jcrt.org/authors/sean-j-mcgrath/
sebastian-modrow,https://jcrt.org/authors/sebastian-modrow/
sergio-c-figueiredo,https://jcrt.org/authors/sergio-c-figueiredo/
shannon-mcrae,https://jcrt.org/authors/shannon-mcrae/
sharon-l-coggan,https://jcrt.org/authors/sharon-l-coggan/
sharon-v-betcher,https://jcrt.org/authors/sharon-v-betcher/
sheila-s-walker,https://jcrt.org/authors/sheila-s-walker/
shelly-clay-robinson,https://jcrt.org/authors/shelly-clay-robinson/
shrutika-lakshmi,https://jcrt.org/authors/shrutika-lakshmi/
silas-guerriero,https://jcrt.org/authors/silas-guerriero/
simon-a-wood,https://jcrt.org/authors/simon-a-wood/
simon-clark,https://jcrt.org/authors/simon-clark/
sj-cowan,https://jcrt.org/authors/sj-cowan/
slavoj-zizek,https://jcrt.org/authors/slavoj-zizek/
sophie-fuggle,https://jcrt.org/authors/sophie-fuggle/
stanimir-panayotov,https://jcrt.org/authors/stanimir-panayotov/
stella-indira-auer,https://jcrt.org/authors/stella-indira-auer/
stephen-bujno,https://jcrt.org/authors/stephen-bujno/
stephen-g-nichols,https://jcrt.org/authors/stephen-g-nichols/
stephen-j-stern,https://jcrt.org/authors/stephen-j-stern/
stephen-p-shoemaker,https://jcrt.org/authors/stephen-p-shoemaker/
steven-a-benko,https://jcrt.org/authors/steven-a-benko/
steven-g-smith,https://jcrt.org/authors/steven-g-smith/
steven-gimbel,https://jcrt.org/authors/steven-gimbel/
steven-j-schwartzberg,https://jcrt.org/authors/steven-j-schwartzberg/
steven-t-newcomb,https://jcrt.org/authors/steven-t-newcomb/
t-wilson-dickinson,https://jcrt.org/authors/t-wilson-dickinson/
tad-delay,https://jcrt.org/authors/tad-delay/
tadd-ruetenik,https://jcrt.org/authors/tadd-ruetenik/
tamas-nagypal,https://jcrt.org/authors/tamas-nagypal/
tamsin-jones,https://jcrt.org/authors/tamsin-jones/
taylor-weaver,https://jcrt.org/authors/taylor-weaver/
telma-alencar,https://jcrt.org/authors/telma-alencar/
theodore-w-jennings,https://jcrt.org/authors/theodore-w-jennings/
thomas-j-j-altizer,https://jcrt.org/authors/thomas-j-j-altizer/
thomas-m-dicken,https://jcrt.org/authors/thomas-m-dicken/
thomas-massaro,https://jcrt.org/authors/thomas-massaro/
thomas-nail,https://jcrt.org/authors/thomas-nail/
thomas-roberts,https://jcrt.org/authors/thomas-roberts/
timothy-d-knepper,https://jcrt.org/authors/timothy-d-knepper/
timothy-isaacson,https://jcrt.org/authors/timothy-isaacson/
timothy-snediker,https://jcrt.org/authors/timothy-snediker/
timothy-timothy-w-stanley,https://jcrt.org/authors/timothy-timothy-w-stanley/
tink-tinker,https://jcrt.org/authors/tink-tinker/
tobias-patry,https://jcrt.org/authors/tobias-patry/
tobin-siebers,https://jcrt.org/authors/tobin-siebers/
todd-a-gooch,https://jcrt.org/authors/todd-a-gooch/
todd-ream,https://jcrt.org/authors/todd-ream/
tom-eagle,https://jcrt.org/authors/tom-eagle/
travis-e-travis-evan-ables,https://jcrt.org/authors/travis-e-travis-evan-ables/
trevor-pederson,https://jcrt.org/authors/trevor-pederson/
trevor-wolff,https://jcrt.org/authors/trevor-wolff/
tyler-tritten,https://jcrt.org/authors/tyler-tritten/
valerie-nicolet-anderson,https://jcrt.org/authors/valerie-nicolet-anderson/
vernon-w-cisney,https://jcrt.org/authors/vernon-w-cisney/
victor-taylor,https://jcrt.org/authors/victor-taylor/
vincent-f-biondo,https://jcrt.org/authors/vincent-f-biondo/
vincent-p-pecora,https://jcrt.org/authors/vincent-p-pecora/
vinicius-marinho,https://jcrt.org/authors/vinicius-marinho/
viola-kolarov,https://jcrt.org/authors/viola-kolarov/
vivek-swaroop-sharma,https://jcrt.org/authors/vivek-swaroop-sharma/
w-ezekiel-goggin,https://jcrt.org/authors/w-ezekiel-goggin/
w-travis-mcmaken,https://jcrt.org/authors/w-travis-mcmaken/
walter-mignolo,https://jcrt.org/authors/walter-mignolo/
ward-blanton,https://jcrt.org/authors/ward-blanton/
warren-clarnette,https://jcrt.org/authors/warren-clarnette/
wendy-felese,https://jcrt.org/authors/wendy-felese/
will-buckingham,https://jcrt.org/authors/will-buckingham/
william-d-dean,https://jcrt.org/authors/william-d-dean/
william-egginton,https://jcrt.org/authors/william-egginton/
william-franke,https://jcrt.org/authors/william-franke/
william-large,https://jcrt.org/authors/william-large/
william-little,https://jcrt.org/authors/william-little/
william-robert,https://jcrt.org/authors/william-robert/
william-w-young,https://jcrt.org/authors/william-w-young/
wilson-dickinson,https://jcrt.org/authors/wilson-dickinson/
xavier-aldana-reyes,https://jcrt.org/authors/xavier-aldana-reyes/
xhercis-mendez,https://jcrt.org/authors/xhercis-mendez/
xiaoqian-zhang,https://jcrt.org/authors/xiaoqian-zhang/
yael-almog,https://jcrt.org/authors/yael-almog/
yari-lanci,https://jcrt.org/authors/yari-lanci/
yaron-silverstein,https://jcrt.org/authors/yaron-silverstein/
yiu-ming-cheung,https://jcrt.org/authors/yiu-ming-cheung/
zachary-thomas-settle,https://jcrt.org/authors/zachary-thomas-settle/
zane-johnson,https://jcrt.org/authors/zane-johnson/
zdravko-planinc,https://jcrt.org/authors/zdravko-planinc/
blog-sitemap.xml,https://jcrt.org/blog-sitemap.xml
blog,https://jcrt.org/blog/
2026-04-22-religion-politics-and-cognitive-warfare-information-interpretation-conspiracy-and-the-struggle-for-reality,https://jcrt.org/blog/2026-04-22-religion-politics-and-cognitive-warfare-information-interpretation-conspiracy-and-the-struggle-for-reality/
2026-08-03-jcrt-dois,https://jcrt.org/blog/2026-08-03-jcrt-dois/
2026-08-15-registration-now-open-religion-politics-and-cognitive-warfare,https://jcrt.org/blog/2026-08-15-registration-now-open-religion-politics-and-cognitive-warfare/
2026-08-28-jcrt-volume-25-issue-2-interruption-interdependence-re-enchantment,https://jcrt.org/blog/2026-08-28-jcrt-volume-25-issue-2-interruption-interdependence-re-enchantment/
2026-08-30-jcrt-archive-doi-complete,https://jcrt.org/blog/2026-08-30-jcrt-archive-doi-complete/
book-reviews-pr,https://jcrt.org/blog/book-reviews-pr/
call-for-submissions,https://jcrt.org/blog/call-for-submissions/
contact,https://jcrt.org/contact/
editors,https://jcrt.org/editors/
feed.json,https://jcrt.org/feed/feed.json
feed.rss,https://jcrt.org/feed/feed.rss
feed.xml,https://jcrt.org/feed/feed.xml
firehose.xml,https://jcrt.org/feed/firehose.xml
philpapers.xml,https://jcrt.org/feed/philpapers.xml
feed.xml,https://jcrt.org/feed/religioustheory/feed.xml
twtxt.txt,https://jcrt.org/feed/twtxt.txt
feeds-sitemap.xml,https://jcrt.org/feeds-sitemap.xml
metadata-sitemap.xml,https://jcrt.org/metadata-sitemap.xml
pages-sitemap.xml,https://jcrt.org/pages-sitemap.xml
pdf-sitemap.xml,https://jcrt.org/pdf-sitemap.xml
religioustheory,https://jcrt.org/religioustheory/
archive,https://jcrt.org/religioustheory/archive/
authors-sitemap.xml,https://jcrt.org/religioustheory/authors-sitemap.xml
authors,https://jcrt.org/religioustheory/authors/
a-g-holdier,https://jcrt.org/religioustheory/authors/a-g-holdier/
aaron-klink,https://jcrt.org/religioustheory/authors/aaron-klink/
adam-f-braun,https://jcrt.org/religioustheory/authors/adam-f-braun/
adam-katz,https://jcrt.org/religioustheory/authors/adam-katz/
adam-loch,https://jcrt.org/religioustheory/authors/adam-loch/
agata-bielik-robson,https://jcrt.org/religioustheory/authors/agata-bielik-robson/
alan-jay-richard,https://jcrt.org/religioustheory/authors/alan-jay-richard/
albert-mcclure,https://jcrt.org/religioustheory/authors/albert-mcclure/
alberto-urquidez,https://jcrt.org/religioustheory/authors/alberto-urquidez/
amit-gvaryahu,https://jcrt.org/religioustheory/authors/amit-gvaryahu/
ananda-abeysekara,https://jcrt.org/religioustheory/authors/ananda-abeysekara/
andrew-j-ball,https://jcrt.org/religioustheory/authors/andrew-j-ball/
anna-maria-edlinger,https://jcrt.org/religioustheory/authors/anna-maria-edlinger/
anna-maria-magnasco,https://jcrt.org/religioustheory/authors/anna-maria-magnasco/
antonio-gnolio,https://jcrt.org/religioustheory/authors/antonio-gnolio/
artur-sebastian-rosman,https://jcrt.org/religioustheory/authors/artur-sebastian-rosman/
ashley-graham,https://jcrt.org/religioustheory/authors/ashley-graham/
barbara-alice-mann,https://jcrt.org/religioustheory/authors/barbara-alice-mann/
benjamin-steele-fisher,https://jcrt.org/religioustheory/authors/benjamin-steele-fisher/
bo-eberle,https://jcrt.org/religioustheory/authors/bo-eberle/
brigid-burke,https://jcrt.org/religioustheory/authors/brigid-burke/
camille-grace-leon-angelo,https://jcrt.org/religioustheory/authors/camille-grace-leon-angelo/
carl-raschke,https://jcrt.org/religioustheory/authors/carl-raschke/
caterina-gaetano,https://jcrt.org/religioustheory/authors/caterina-gaetano/
colbey-emmerson-reid,https://jcrt.org/religioustheory/authors/colbey-emmerson-reid/
creston-davis,https://jcrt.org/religioustheory/authors/creston-davis/
cyril-hovorun,https://jcrt.org/religioustheory/authors/cyril-hovorun/
daniel-boscaljon,https://jcrt.org/religioustheory/authors/daniel-boscaljon/
daniel-douglas-miller,https://jcrt.org/religioustheory/authors/daniel-douglas-miller/
daniel-reiser,https://jcrt.org/religioustheory/authors/daniel-reiser/
daniel-rhodes,https://jcrt.org/religioustheory/authors/daniel-rhodes/
daniel-tutt,https://jcrt.org/religioustheory/authors/daniel-tutt/
darshan-datar,https://jcrt.org/religioustheory/authors/darshan-datar/
david-hale,https://jcrt.org/religioustheory/authors/david-hale/
david-kim,https://jcrt.org/religioustheory/authors/david-kim/
david-kline,https://jcrt.org/religioustheory/authors/david-kline/
dean-dettloff,https://jcrt.org/religioustheory/authors/dean-dettloff/
delbert-hayden,https://jcrt.org/religioustheory/authors/delbert-hayden/
devin-singh,https://jcrt.org/religioustheory/authors/devin-singh/
duygu-sendag,https://jcrt.org/religioustheory/authors/duygu-sendag/
editors,https://jcrt.org/religioustheory/authors/editors/
ehud-benor,https://jcrt.org/religioustheory/authors/ehud-benor/
elijah-prewitt-davis,https://jcrt.org/religioustheory/authors/elijah-prewitt-davis/
emily-mcavan,https://jcrt.org/religioustheory/authors/emily-mcavan/
eric-trozzo,https://jcrt.org/religioustheory/authors/eric-trozzo/
erik-meganck,https://jcrt.org/religioustheory/authors/erik-meganck/
faisal-devji,https://jcrt.org/religioustheory/authors/faisal-devji/
filippo-pietrogrande,https://jcrt.org/religioustheory/authors/filippo-pietrogrande/
florian-klug,https://jcrt.org/religioustheory/authors/florian-klug/
fraser-macdonald,https://jcrt.org/religioustheory/authors/fraser-macdonald/
gary-bedford,https://jcrt.org/religioustheory/authors/gary-bedford/
gavin-hurley,https://jcrt.org/religioustheory/authors/gavin-hurley/
gavin-hyman,https://jcrt.org/religioustheory/authors/gavin-hyman/
gregg-lambert,https://jcrt.org/religioustheory/authors/gregg-lambert/
harpreet-kaur,https://jcrt.org/religioustheory/authors/harpreet-kaur/
hollis-phelps,https://jcrt.org/religioustheory/authors/hollis-phelps/
ido-govrin,https://jcrt.org/religioustheory/authors/ido-govrin/
ignas-kalpokas,https://jcrt.org/religioustheory/authors/ignas-kalpokas/
isaiah-dylan-ellis,https://jcrt.org/religioustheory/authors/isaiah-dylan-ellis/
j-c-smith,https://jcrt.org/religioustheory/authors/j-c-smith/
j-edward-hackett,https://jcrt.org/religioustheory/authors/j-edward-hackett/
jake-s-sirota,https://jcrt.org/religioustheory/authors/jake-s-sirota/
jakob-deibl,https://jcrt.org/religioustheory/authors/jakob-deibl/
james-cochran,https://jcrt.org/religioustheory/authors/james-cochran/
james-e-willis-iii,https://jcrt.org/religioustheory/authors/james-e-willis-iii/
james-v-spickard,https://jcrt.org/religioustheory/authors/james-v-spickard/
jared-lacy,https://jcrt.org/religioustheory/authors/jared-lacy/
jean-luc-marion,https://jcrt.org/religioustheory/authors/jean-luc-marion/
jeff-appel,https://jcrt.org/religioustheory/authors/jeff-appel/
jeffrey-scholes,https://jcrt.org/religioustheory/authors/jeffrey-scholes/
jodi-dean,https://jcrt.org/religioustheory/authors/jodi-dean/
joel-harrison,https://jcrt.org/religioustheory/authors/joel-harrison/
johannes-zachhuber,https://jcrt.org/religioustheory/authors/johannes-zachhuber/
john-cuda,https://jcrt.org/religioustheory/authors/john-cuda/
john-matthew-allison,https://jcrt.org/religioustheory/authors/john-matthew-allison/
john-panteleimon-manoussakis,https://jcrt.org/religioustheory/authors/john-panteleimon-manoussakis/
jonathan-russell,https://jcrt.org/religioustheory/authors/jonathan-russell/
joshua-canzona,https://jcrt.org/religioustheory/authors/joshua-canzona/
joshua-lawrence,https://jcrt.org/religioustheory/authors/joshua-lawrence/
joshua-m-hall,https://jcrt.org/religioustheory/authors/joshua-m-hall/
joshua-samuel,https://jcrt.org/religioustheory/authors/joshua-samuel/
josiah-solis,https://jcrt.org/religioustheory/authors/josiah-solis/
joyce-konigsburg,https://jcrt.org/religioustheory/authors/joyce-konigsburg/
jussi-backman,https://jcrt.org/religioustheory/authors/jussi-backman/
justine-m-bakker,https://jcrt.org/religioustheory/authors/justine-m-bakker/
kara-roberts,https://jcrt.org/religioustheory/authors/kara-roberts/
kelly-maeshiro,https://jcrt.org/religioustheory/authors/kelly-maeshiro/
kev-grane,https://jcrt.org/religioustheory/authors/kev-grane/
kevin-lewis,https://jcrt.org/religioustheory/authors/kevin-lewis/
kieryn-e-wurts,https://jcrt.org/religioustheory/authors/kieryn-e-wurts/
konstantinos-kavoulakos,https://jcrt.org/religioustheory/authors/konstantinos-kavoulakos/
kurt-appel,https://jcrt.org/religioustheory/authors/kurt-appel/
lenart-skof,https://jcrt.org/religioustheory/authors/lenart-skof/
liam-burrell,https://jcrt.org/religioustheory/authors/liam-burrell/
ludger-hagerdorn,https://jcrt.org/religioustheory/authors/ludger-hagerdorn/
madeline-yonker,https://jcrt.org/religioustheory/authors/madeline-yonker/
madison-tarleton,https://jcrt.org/religioustheory/authors/madison-tarleton/
magdalena-sedmak,https://jcrt.org/religioustheory/authors/magdalena-sedmak/
mark-murphy,https://jcrt.org/religioustheory/authors/mark-murphy/
mason-davis,https://jcrt.org/religioustheory/authors/mason-davis/
matt-rosen,https://jcrt.org/religioustheory/authors/matt-rosen/
matt-waggoner,https://jcrt.org/religioustheory/authors/matt-waggoner/
matthew-clemente,https://jcrt.org/religioustheory/authors/matthew-clemente/
matthew-waggoner,https://jcrt.org/religioustheory/authors/matthew-waggoner/
mehnaz-afridi,https://jcrt.org/religioustheory/authors/mehnaz-afridi/
melissa-conroy,https://jcrt.org/religioustheory/authors/melissa-conroy/
michael-c-raubach,https://jcrt.org/religioustheory/authors/michael-c-raubach/
michael-saunders,https://jcrt.org/religioustheory/authors/michael-saunders/
michael-staudigl,https://jcrt.org/religioustheory/authors/michael-staudigl/
mick-pope,https://jcrt.org/religioustheory/authors/mick-pope/
n-e-boulting,https://jcrt.org/religioustheory/authors/n-e-boulting/
neal-deroo,https://jcrt.org/religioustheory/authors/neal-deroo/
nick-mather,https://jcrt.org/religioustheory/authors/nick-mather/
nirvikar-singh,https://jcrt.org/religioustheory/authors/nirvikar-singh/
nn-trakakis,https://jcrt.org/religioustheory/authors/nn-trakakis/
oleg-komkov,https://jcrt.org/religioustheory/authors/oleg-komkov/
olli-pekka-vaino,https://jcrt.org/religioustheory/authors/olli-pekka-vaino/
oludamini-ogunnaike,https://jcrt.org/religioustheory/authors/oludamini-ogunnaike/
padraic-fitzgerald,https://jcrt.org/religioustheory/authors/padraic-fitzgerald/
paul-maltby,https://jcrt.org/religioustheory/authors/paul-maltby/
philip-goodchild,https://jcrt.org/religioustheory/authors/philip-goodchild/
philipp-valentini,https://jcrt.org/religioustheory/authors/philipp-valentini/
raji-singh-soni,https://jcrt.org/religioustheory/authors/raji-singh-soni/
rebekah-gordon,https://jcrt.org/religioustheory/authors/rebekah-gordon/
rebekah-howes,https://jcrt.org/religioustheory/authors/rebekah-howes/
richard-m-allen,https://jcrt.org/religioustheory/authors/richard-m-allen/
rob-kennedy,https://jcrt.org/religioustheory/authors/rob-kennedy/
robert-monson,https://jcrt.org/religioustheory/authors/robert-monson/
rode-molla,https://jcrt.org/religioustheory/authors/rode-molla/
roger-k-green,https://jcrt.org/religioustheory/authors/roger-k-green/
rolando-rodriguez,https://jcrt.org/religioustheory/authors/rolando-rodriguez/
ronald-beiner,https://jcrt.org/religioustheory/authors/ronald-beiner/
ryne-beddard,https://jcrt.org/religioustheory/authors/ryne-beddard/
sarah-pessin,https://jcrt.org/religioustheory/authors/sarah-pessin/
silas-guerriero,https://jcrt.org/religioustheory/authors/silas-guerriero/
sj-cowan,https://jcrt.org/religioustheory/authors/sj-cowan/
stanimir-panayotov,https://jcrt.org/religioustheory/authors/stanimir-panayotov/
stephen-bujno,https://jcrt.org/religioustheory/authors/stephen-bujno/
tadd-ruetenik,https://jcrt.org/religioustheory/authors/tadd-ruetenik/
taylor-weaver,https://jcrt.org/religioustheory/authors/taylor-weaver/
thomas-massaro,https://jcrt.org/religioustheory/authors/thomas-massaro/
thomas-roberts,https://jcrt.org/religioustheory/authors/thomas-roberts/
timothy-snediker,https://jcrt.org/religioustheory/authors/timothy-snediker/
tink-tinker,https://jcrt.org/religioustheory/authors/tink-tinker/
trevor-wolff,https://jcrt.org/religioustheory/authors/trevor-wolff/
victor-taylor,https://jcrt.org/religioustheory/authors/victor-taylor/
vinicius-marinho,https://jcrt.org/religioustheory/authors/vinicius-marinho/
vivek-swaroop-sharma,https://jcrt.org/religioustheory/authors/vivek-swaroop-sharma/
w-travis-mcmaken,https://jcrt.org/religioustheory/authors/w-travis-mcmaken/
wendy-felese,https://jcrt.org/religioustheory/authors/wendy-felese/
wilson-dickinson,https://jcrt.org/religioustheory/authors/wilson-dickinson/
zane-johnson,https://jcrt.org/religioustheory/authors/zane-johnson/
blog,https://jcrt.org/religioustheory/blog/
categories-tags-sitemap.xml,https://jcrt.org/religioustheory/categories-tags-sitemap.xml
categories,https://jcrt.org/religioustheory/categories/
aesthetics,https://jcrt.org/religioustheory/categories/aesthetics/
african-studies,https://jcrt.org/religioustheory/categories/african-studies/
announcements,https://jcrt.org/religioustheory/categories/announcements/
anthropology-of-religion,https://jcrt.org/religioustheory/categories/anthropology-of-religion/
art-theory,https://jcrt.org/religioustheory/categories/art-theory/
author-reflections,https://jcrt.org/religioustheory/categories/author-reflections/
book-previews-and-prospectuses,https://jcrt.org/religioustheory/categories/book-previews-and-prospectuses/
book-review,https://jcrt.org/religioustheory/categories/book-review/
call-for-papers,https://jcrt.org/religioustheory/categories/call-for-papers/
catholicism,https://jcrt.org/religioustheory/categories/catholicism/
conferences,https://jcrt.org/religioustheory/categories/conferences/
critical-conversations,https://jcrt.org/religioustheory/categories/critical-conversations/
critical-race-theory,https://jcrt.org/religioustheory/categories/critical-race-theory/
critical-theory,https://jcrt.org/religioustheory/categories/critical-theory/
cultural-theory,https://jcrt.org/religioustheory/categories/cultural-theory/
decoloniality,https://jcrt.org/religioustheory/categories/decoloniality/
difficult-discussions,https://jcrt.org/religioustheory/categories/difficult-discussions/
disability,https://jcrt.org/religioustheory/categories/disability/
environmental-ethics,https://jcrt.org/religioustheory/categories/environmental-ethics/
ethics-and-virtue-theory,https://jcrt.org/religioustheory/categories/ethics-and-virtue-theory/
feminist-theory,https://jcrt.org/religioustheory/categories/feminist-theory/
gender-studies,https://jcrt.org/religioustheory/categories/gender-studies/
globalization,https://jcrt.org/religioustheory/categories/globalization/
hermeneutics,https://jcrt.org/religioustheory/categories/hermeneutics/
higher-education,https://jcrt.org/religioustheory/categories/higher-education/
indigenous-religions,https://jcrt.org/religioustheory/categories/indigenous-religions/
interfaith-conversations,https://jcrt.org/religioustheory/categories/interfaith-conversations/
interviews,https://jcrt.org/religioustheory/categories/interviews/
jewish-philosophy-of-religion,https://jcrt.org/religioustheory/categories/jewish-philosophy-of-religion/
live,https://jcrt.org/religioustheory/categories/live/
lutheran-theology,https://jcrt.org/religioustheory/categories/lutheran-theology/
media-theory,https://jcrt.org/religioustheory/categories/media-theory/
metaphysics,https://jcrt.org/religioustheory/categories/metaphysics/
mythology,https://jcrt.org/religioustheory/categories/mythology/
native-american-religions,https://jcrt.org/religioustheory/categories/native-american-religions/
neoliberalism-and-religion,https://jcrt.org/religioustheory/categories/neoliberalism-and-religion/
new-religions,https://jcrt.org/religioustheory/categories/new-religions/
notations,https://jcrt.org/religioustheory/categories/notations/
performance-studies,https://jcrt.org/religioustheory/categories/performance-studies/
phenomenology,https://jcrt.org/religioustheory/categories/phenomenology/
philosophical-theology,https://jcrt.org/religioustheory/categories/philosophical-theology/
philosophy-of-religion,https://jcrt.org/religioustheory/categories/philosophy-of-religion/
philosophy,https://jcrt.org/religioustheory/categories/philosophy/
political-economy,https://jcrt.org/religioustheory/categories/political-economy/
political-philosophy,https://jcrt.org/religioustheory/categories/political-philosophy/
political-theology,https://jcrt.org/religioustheory/categories/political-theology/
political-theory,https://jcrt.org/religioustheory/categories/political-theory/
postcolonial-theory,https://jcrt.org/religioustheory/categories/postcolonial-theory/
psychoanalysis,https://jcrt.org/religioustheory/categories/psychoanalysis/
psychology-of-religion,https://jcrt.org/religioustheory/categories/psychology-of-religion/
religion-and-ecology,https://jcrt.org/religioustheory/categories/religion-and-ecology/
religion-and-economics,https://jcrt.org/religioustheory/categories/religion-and-economics/
religion-and-literature,https://jcrt.org/religioustheory/categories/religion-and-literature/
religion-and-media,https://jcrt.org/religioustheory/categories/religion-and-media/
religion-and-race,https://jcrt.org/religioustheory/categories/religion-and-race/
religion-in-america,https://jcrt.org/religioustheory/categories/religion-in-america/
religious-studies,https://jcrt.org/religioustheory/categories/religious-studies/
reviews,https://jcrt.org/religioustheory/categories/reviews/
sexuality-and-religion,https://jcrt.org/religioustheory/categories/sexuality-and-religion/
sikhism,https://jcrt.org/religioustheory/categories/sikhism/
theological-ethics,https://jcrt.org/religioustheory/categories/theological-ethics/
theology,https://jcrt.org/religioustheory/categories/theology/
theory,https://jcrt.org/religioustheory/categories/theory/
uncategorized,https://jcrt.org/religioustheory/categories/uncategorized/
world-religions,https://jcrt.org/religioustheory/categories/world-religions/
a-new-project-for-correlational-continental-theology-again,https://jcrt.org/religioustheory/live/a-new-project-for-correlational-continental-theology-again/
apocalypse-now-the-subaltern-has-spoken,https://jcrt.org/religioustheory/live/apocalypse-now-the-subaltern-has-spoken/
bernie-madoff-university,https://jcrt.org/religioustheory/live/bernie-madoff-university/
born-again,https://jcrt.org/religioustheory/live/born-again/
catholics-vs-the-catholic-hierarchy-in-the-2008-election,https://jcrt.org/religioustheory/live/catholics-vs-the-catholic-hierarchy-in-the-2008-election/
competing-in-goodness-khalid-sheikh-mohammed-s-testimony-at,https://jcrt.org/religioustheory/live/competing-in-goodness-khalid-sheikh-mohammed-s-testimony-at/
crisis-a-liberation-from-capitalism,https://jcrt.org/religioustheory/live/crisis-a-liberation-from-capitalism/
dis-enclosure-and-the-inaugural-moment,https://jcrt.org/religioustheory/live/dis-enclosure-and-the-inaugural-moment/
habit-and-errors-and-composition,https://jcrt.org/religioustheory/live/habit-and-errors-and-composition/
hot-abstinence,https://jcrt.org/religioustheory/live/hot-abstinence/
hyperreality,https://jcrt.org/religioustheory/live/hyperreality/
indicative-culture,https://jcrt.org/religioustheory/live/indicative-culture/
labels-without-scars-mystifying-amnesia-in-today-s-president,https://jcrt.org/religioustheory/live/labels-without-scars-mystifying-amnesia-in-today-s-president/
laclau-and-democracy-in-light-of-the-current-crisis,https://jcrt.org/religioustheory/live/laclau-and-democracy-in-light-of-the-current-crisis/
multiplying-homonyms,https://jcrt.org/religioustheory/live/multiplying-homonyms/
obama-s-cairo-speech-new-beginning-new-enlightenment-or-old,https://jcrt.org/religioustheory/live/obama-s-cairo-speech-new-beginning-new-enlightenment-or-old/
originary-grammar-part-2,https://jcrt.org/religioustheory/live/originary-grammar-part-2/
originary-grammar-part-3,https://jcrt.org/religioustheory/live/originary-grammar-part-3/
originary-grammar,https://jcrt.org/religioustheory/live/originary-grammar/
post-america-an-exchange,https://jcrt.org/religioustheory/live/post-america-an-exchange/
specter-and-event,https://jcrt.org/religioustheory/live/specter-and-event/
the-business-of-the-real-and-the-unreality-of-business,https://jcrt.org/religioustheory/live/the-business-of-the-real-and-the-unreality-of-business/
the-hinge-of-history-or-zizek-s-new-politics,https://jcrt.org/religioustheory/live/the-hinge-of-history-or-zizek-s-new-politics/
the-jcrt-now-has-a-blog,https://jcrt.org/religioustheory/live/the-jcrt-now-has-a-blog/
the-morning-after-with-a-nod-to-vince-lombardi,https://jcrt.org/religioustheory/live/the-morning-after-with-a-nod-to-vince-lombardi/
what-egypt-really-means-for-the-theory-of-religion,https://jcrt.org/religioustheory/live/what-egypt-really-means-for-the-theory-of-religion/
zombie-aesthetics-part-1-vituperation,https://jcrt.org/religioustheory/live/zombie-aesthetics-part-1-vituperation/
pages,https://jcrt.org/religioustheory/pages/
archive,https://jcrt.org/religioustheory/pages/archive/
blog,https://jcrt.org/religioustheory/pages/blog/
posts,https://jcrt.org/religioustheory/posts/
3288,https://jcrt.org/religioustheory/posts/3288/
3343,https://jcrt.org/religioustheory/posts/3343/
760,https://jcrt.org/religioustheory/posts/760/
9780593493205,https://jcrt.org/religioustheory/posts/9780593493205/
a-preface-to-the-genealogy-of-neoliberalism-part-1-carl-raschke,https://jcrt.org/religioustheory/posts/a-preface-to-the-genealogy-of-neoliberalism-part-1-carl-raschke/
a-preface-to-the-genealogy-of-neoliberalism-part-2-carl-raschke,https://jcrt.org/religioustheory/posts/a-preface-to-the-genealogy-of-neoliberalism-part-2-carl-raschke/
a-tainted-trophy-and-the-framing-of-white-supremacy-in-america-part-1-tink-tinker,https://jcrt.org/religioustheory/posts/a-tainted-trophy-and-the-framing-of-white-supremacy-in-america-part-1-tink-tinker/
a-tainted-trophy-and-the-framing-of-white-supremacy-in-america-part-2-tink-tinker,https://jcrt.org/religioustheory/posts/a-tainted-trophy-and-the-framing-of-white-supremacy-in-america-part-2-tink-tinker/
a-tainted-trophy-and-the-framing-of-white-supremacy-in-america-part-3-tink-tinker,https://jcrt.org/religioustheory/posts/a-tainted-trophy-and-the-framing-of-white-supremacy-in-america-part-3-tink-tinker/
admitting-a-certain-fear-of-zizeks-theology-a-modest-plea-for-a-deleuzian-reading-of-the-death-of-god-elijah-prewitt-davis,https://jcrt.org/religioustheory/posts/admitting-a-certain-fear-of-zizeks-theology-a-modest-plea-for-a-deleuzian-reading-of-the-death-of-god-elijah-prewitt-davis/
announcing-the-new-polis-an-e-publication-on-critical-theory-cultural-analysis-and-political-thought,https://jcrt.org/religioustheory/posts/announcing-the-new-polis-an-e-publication-on-critical-theory-cultural-analysis-and-political-thought/
antinomian-flesh-part-1-david-kline,https://jcrt.org/religioustheory/posts/antinomian-flesh-part-1-david-kline/
antinomian-flesh-part-2-david-kline,https://jcrt.org/religioustheory/posts/antinomian-flesh-part-2-david-kline/
antinomian-flesh-part-3-david-kline,https://jcrt.org/religioustheory/posts/antinomian-flesh-part-3-david-kline/
benjamins-concept-of-history-as-a-source-of-arendts-idea-of-judgment-part-2-ronald-beiner,https://jcrt.org/religioustheory/posts/benjamins-concept-of-history-as-a-source-of-arendts-idea-of-judgment-part-2-ronald-beiner/
benjamins-concept-of-history-as-a-source-of-arendts-idea-of-judgment-ronald-beiner,https://jcrt.org/religioustheory/posts/benjamins-concept-of-history-as-a-source-of-arendts-idea-of-judgment-ronald-beiner/
beyond-religious-ideas-the-legacy-of-max-weber-in-critical-theory-and-critical-religion-joel-harrison,https://jcrt.org/religioustheory/posts/beyond-religious-ideas-the-legacy-of-max-weber-in-critical-theory-and-critical-religion-joel-harrison/
biopolitics-and-vajranayana-buddhism-part-1,https://jcrt.org/religioustheory/posts/biopolitics-and-vajranayana-buddhism-part-1/
biopolitics-and-vajrayana-buddhism-part-2,https://jcrt.org/religioustheory/posts/biopolitics-and-vajrayana-buddhism-part-2/
biopolitics-and-vajrayana-buddhism-part-3,https://jcrt.org/religioustheory/posts/biopolitics-and-vajrayana-buddhism-part-3/
body-erotic-john-boswells-history-of-eurochristian-sexuality-and-the-case-for-transcendental-somatics-part-1-kieryn-wurts,https://jcrt.org/religioustheory/posts/body-erotic-john-boswells-history-of-eurochristian-sexuality-and-the-case-for-transcendental-somatics-part-1-kieryn-wurts/
body-erotic-john-boswells-history-of-eurochristian-sexuality-and-the-case-for-transcendental-somatics-part-2-kieryn-wurts,https://jcrt.org/religioustheory/posts/body-erotic-john-boswells-history-of-eurochristian-sexuality-and-the-case-for-transcendental-somatics-part-2-kieryn-wurts/
body-erotic-john-boswells-history-of-eurochristian-sexuality-and-the-case-for-transcendental-somatics-part-3-kieryn-wurts,https://jcrt.org/religioustheory/posts/body-erotic-john-boswells-history-of-eurochristian-sexuality-and-the-case-for-transcendental-somatics-part-3-kieryn-wurts/
bushwhacking-derrida-perception-context-of-context-the-hunter-and-the-hunted-gary-bedford,https://jcrt.org/religioustheory/posts/bushwhacking-derrida-perception-context-of-context-the-hunter-and-the-hunted-gary-bedford/
call-for-papers-and-presentation-recovering-the-unconcious-a-conference-on-the-intersection-of-psychoanalysis-with-politics-philosophy-and-religion,https://jcrt.org/religioustheory/posts/call-for-papers-and-presentation-recovering-the-unconcious-a-conference-on-the-intersection-of-psychoanalysis-with-politics-philosophy-and-religion/
call-for-papers-special-issue-on-walter-benjamin-and-religion,https://jcrt.org/religioustheory/posts/call-for-papers-special-issue-on-walter-benjamin-and-religion/
christianity-as-a-new-humanism,https://jcrt.org/religioustheory/posts/christianity-as-a-new-humanism/
collective-desire-and-the-pathology-of-the-individual-jodi-dean,https://jcrt.org/religioustheory/posts/collective-desire-and-the-pathology-of-the-individual-jodi-dean/
collective-desire-and-the-pathology-of-the-individual-part-2-jodi-dean,https://jcrt.org/religioustheory/posts/collective-desire-and-the-pathology-of-the-individual-part-2-jodi-dean/
conference-on-populism-nationalism-and-the-future-of-democracy-announcement,https://jcrt.org/religioustheory/posts/conference-on-populism-nationalism-and-the-future-of-democracy-announcement/
conference-on-populism-nationalism-and-the-future-of-democracy-call-for-papers-and-presentations-conferences,https://jcrt.org/religioustheory/posts/conference-on-populism-nationalism-and-the-future-of-democracy-call-for-papers-and-presentations-conferences/
conference-on-religion-and-bioethics-call-for-proposals,https://jcrt.org/religioustheory/posts/conference-on-religion-and-bioethics-call-for-proposals/
critical-conversations-10-tenderness-or-putting-neoliberalism-on-the-analysts-couch-announcement,https://jcrt.org/religioustheory/posts/critical-conversations-10-tenderness-or-putting-neoliberalism-on-the-analysts-couch-announcement/
critical-conversations-2020-and-the-catastrophe-of-the-global-neoliberal-order-announcement,https://jcrt.org/religioustheory/posts/critical-conversations-2020-and-the-catastrophe-of-the-global-neoliberal-order-announcement/
critical-conversations-9-economic-theology-and-the-indebtedness-of-everyday-life-announcement,https://jcrt.org/religioustheory/posts/critical-conversations-9-economic-theology-and-the-indebtedness-of-everyday-life-announcement/
critical-conversations-a-conversation-with-arthur-bradley-on-sovereignty-part-1,https://jcrt.org/religioustheory/posts/critical-conversations-a-conversation-with-arthur-bradley-on-sovereignty-part-1/
critical-conversations-a-conversation-with-arthur-bradley-on-sovereignty-part-2,https://jcrt.org/religioustheory/posts/critical-conversations-a-conversation-with-arthur-bradley-on-sovereignty-part-2/
critical-conversations-american-indian-worldview-and-the-twinned-cosmos-of-indigenous-america-announcement,https://jcrt.org/religioustheory/posts/critical-conversations-american-indian-worldview-and-the-twinned-cosmos-of-indigenous-america-announcement/
critical-conversations-american-indian-worldview-and-the-twinned-cosmos-of-indigenous-america-transcript-barbara-alice-mann-onondawaga-bear-clan-and-tink-tinker-wazhazhe-osage-nation,https://jcrt.org/religioustheory/posts/critical-conversations-american-indian-worldview-and-the-twinned-cosmos-of-indigenous-america-transcript-barbara-alice-mann-onondawaga-bear-clan-and-tink-tinker-wazhazhe-osage-nation/
critical-conversations-on-decoloniality-with-walter-mignolo-announcement,https://jcrt.org/religioustheory/posts/critical-conversations-on-decoloniality-with-walter-mignolo-announcement/
critical-conversations-the-power-of-political-erasure-a-seminar-with-arthur-bradley-announcements,https://jcrt.org/religioustheory/posts/critical-conversations-the-power-of-political-erasure-a-seminar-with-arthur-bradley-announcements/
damn-it-hes-an-injun-christian-murder-colonial-wealth-and-tanned-human-skin-part-2-tink-tinker-wazhazhe-udsethe,https://jcrt.org/religioustheory/posts/damn-it-hes-an-injun-christian-murder-colonial-wealth-and-tanned-human-skin-part-2-tink-tinker-wazhazhe-udsethe/
damn-it-hes-an-injun-christian-murder-colonial-wealth-and-tanned-human-skin-part-3-tink-tinker-wazhazhe-udsethe,https://jcrt.org/religioustheory/posts/damn-it-hes-an-injun-christian-murder-colonial-wealth-and-tanned-human-skin-part-3-tink-tinker-wazhazhe-udsethe/
damn-it-hes-an-injun-christian-murder-colonial-wealth-and-tanned-human-skin-tink-tinker-wazhazhe-udsethe-part-1,https://jcrt.org/religioustheory/posts/damn-it-hes-an-injun-christian-murder-colonial-wealth-and-tanned-human-skin-tink-tinker-wazhazhe-udsethe-part-1/
debriefing-on-decoloniality-a-public-conversation-part-2,https://jcrt.org/religioustheory/posts/debriefing-on-decoloniality-a-public-conversation-part-2/
debriefing-on-decoloniality-a-public-conversation,https://jcrt.org/religioustheory/posts/debriefing-on-decoloniality-a-public-conversation/
decoloniality-and-disintegration-of-western-cognitive-empire-rethinking-sovereignty-and-territoriality-in-the-21st-century-call-for-presentations-and-papers,https://jcrt.org/religioustheory/posts/decoloniality-and-disintegration-of-western-cognitive-empire-rethinking-sovereignty-and-territoriality-in-the-21st-century-call-for-presentations-and-papers/
decoloniality-and-disintegration-of-western-cognitive-empire-rethinking-sovereignty-and-territoriality-in-the-21st-century-international-conference,https://jcrt.org/religioustheory/posts/decoloniality-and-disintegration-of-western-cognitive-empire-rethinking-sovereignty-and-territoriality-in-the-21st-century-international-conference/
difficult-discussions-christian-evangelicalism-and-critical-race-theory-announcement,https://jcrt.org/religioustheory/posts/difficult-discussions-christian-evangelicalism-and-critical-race-theory-announcement/
dreaming-innocence-in-america-paul-tillichs-radical-theology-of-liberation-part-1-alan-jay-richard,https://jcrt.org/religioustheory/posts/dreaming-innocence-in-america-paul-tillichs-radical-theology-of-liberation-part-1-alan-jay-richard/
dreaming-innocence-in-america-paul-tillichs-radical-theology-of-liberation-part-2-alan-jay-richard,https://jcrt.org/religioustheory/posts/dreaming-innocence-in-america-paul-tillichs-radical-theology-of-liberation-part-2-alan-jay-richard/
dreaming-innocence-in-america-paul-tillichs-radical-theology-of-liberation-part-3-alan-jay-richard,https://jcrt.org/religioustheory/posts/dreaming-innocence-in-america-paul-tillichs-radical-theology-of-liberation-part-3-alan-jay-richard/
economic-theology-and-the-indebtedness-of-everyday-life-philip-goodchild-and-devin-singh,https://jcrt.org/religioustheory/posts/economic-theology-and-the-indebtedness-of-everyday-life-philip-goodchild-and-devin-singh/
embodiment-a-conference-on-the-crisis-in-contemporary-theory-and-the-humanities-announcement,https://jcrt.org/religioustheory/posts/embodiment-a-conference-on-the-crisis-in-contemporary-theory-and-the-humanities-announcement/
entheogens-spirituality-and-modern-myths-part-2-john-cuda,https://jcrt.org/religioustheory/posts/entheogens-spirituality-and-modern-myths-part-2-john-cuda/
entheogens-spirituality-and-modern-myths-part-3-john-cuda,https://jcrt.org/religioustheory/posts/entheogens-spirituality-and-modern-myths-part-3-john-cuda/
entheogens-spirituality-and-modern-myths,https://jcrt.org/religioustheory/posts/entheogens-spirituality-and-modern-myths/
evangelicalism-pentecostalism-and-the-quotidian-academic-terror-of-christian-nationalism,https://jcrt.org/religioustheory/posts/evangelicalism-pentecostalism-and-the-quotidian-academic-terror-of-christian-nationalism/
exposing-the-pitfalls-of-constructive-theology-on-the-state-of-islamic-studies-today-daniel-tutt,https://jcrt.org/religioustheory/posts/exposing-the-pitfalls-of-constructive-theology-on-the-state-of-islamic-studies-today-daniel-tutt/
fetishism-and-the-erasure-of-identity-part-1-roger-green,https://jcrt.org/religioustheory/posts/fetishism-and-the-erasure-of-identity-part-1-roger-green/
fetishism-and-the-erasure-of-identity-part-2-roger-green,https://jcrt.org/religioustheory/posts/fetishism-and-the-erasure-of-identity-part-2-roger-green/
force-in-religious-thought-carl-raschke-and-victoria-kahn-in-dialogue-part-1,https://jcrt.org/religioustheory/posts/force-in-religious-thought-carl-raschke-and-victoria-kahn-in-dialogue-part-1/
force-in-religious-thought-carl-raschke-and-victoria-kahn-in-dialogue-part-2,https://jcrt.org/religioustheory/posts/force-in-religious-thought-carl-raschke-and-victoria-kahn-in-dialogue-part-2/
force-in-religious-thought-carl-raschke-and-victoria-kahn-in-dialogue-part-3,https://jcrt.org/religioustheory/posts/force-in-religious-thought-carl-raschke-and-victoria-kahn-in-dialogue-part-3/
forging-a-path-from-theory-to-theology-review-essay-matt-waggoner,https://jcrt.org/religioustheory/posts/forging-a-path-from-theory-to-theology-review-essay-matt-waggoner/
foucaults-disciplinary-society-and-the-community-rule-of-qumran-rebekah-gordon,https://jcrt.org/religioustheory/posts/foucaults-disciplinary-society-and-the-community-rule-of-qumran-rebekah-gordon/
framing-religious-conflict-and-violence-insights-from-historical-institutionalism-part-1-vivek-swaroop-sharma,https://jcrt.org/religioustheory/posts/framing-religious-conflict-and-violence-insights-from-historical-institutionalism-part-1-vivek-swaroop-sharma/
framing-religious-conflict-and-violence-insights-from-historical-institutionalism-part-2-vivek-swaroop-sharma,https://jcrt.org/religioustheory/posts/framing-religious-conflict-and-violence-insights-from-historical-institutionalism-part-2-vivek-swaroop-sharma/
from-christology-to-political-theology-cyril-hovorun,https://jcrt.org/religioustheory/posts/from-christology-to-political-theology-cyril-hovorun/
from-heathen-to-sub-human-a-genealogy-of-the-influence-of-the-decline-of-religion-on-the-rise-of-modern-racism-part-1-oludamini-ogunnaike,https://jcrt.org/religioustheory/posts/from-heathen-to-sub-human-a-genealogy-of-the-influence-of-the-decline-of-religion-on-the-rise-of-modern-racism-part-1-oludamini-ogunnaike/
from-heathen-to-sub-human-a-genealogy-of-the-influence-of-the-decline-of-religion-on-the-rise-of-modern-racism-part-2-oludamini-ogunnaike,https://jcrt.org/religioustheory/posts/from-heathen-to-sub-human-a-genealogy-of-the-influence-of-the-decline-of-religion-on-the-rise-of-modern-racism-part-2-oludamini-ogunnaike/
from-heathen-to-sub-human-a-genealogy-of-the-influence-of-the-decline-of-religion-on-the-rise-of-modern-racism-part-3-oludamini-ogunnaike,https://jcrt.org/religioustheory/posts/from-heathen-to-sub-human-a-genealogy-of-the-influence-of-the-decline-of-religion-on-the-rise-of-modern-racism-part-3-oludamini-ogunnaike/
from-holistic-to-in-between-theology-the-ethiopian-evangelical-church-mekane-yesus-part-2-rode-molla,https://jcrt.org/religioustheory/posts/from-holistic-to-in-between-theology-the-ethiopian-evangelical-church-mekane-yesus-part-2-rode-molla/
from-holistic-to-in-between-theology-the-ethiopian-evangelical-church-mekane-yesus-part-3-rode-molla,https://jcrt.org/religioustheory/posts/from-holistic-to-in-between-theology-the-ethiopian-evangelical-church-mekane-yesus-part-3-rode-molla/
from-holistic-to-in-between-theology-the-ethiopian-evangelical-church-mekane-yesus,https://jcrt.org/religioustheory/posts/from-holistic-to-in-between-theology-the-ethiopian-evangelical-church-mekane-yesus/
from-kant-to-holderlin-poetry-and-religion-in-the-wake-of-philosophical-aesthetics-part-3-jakob-deibl-2,https://jcrt.org/religioustheory/posts/from-kant-to-holderlin-poetry-and-religion-in-the-wake-of-philosophical-aesthetics-part-3-jakob-deibl-2/
from-kant-to-holderlin-poetry-and-religion-in-the-wake-of-philosophical-aesthetics-part-3-jakob-deibl,https://jcrt.org/religioustheory/posts/from-kant-to-holderlin-poetry-and-religion-in-the-wake-of-philosophical-aesthetics-part-3-jakob-deibl/
from-kant-to-holderlin-poetry-and-religion-in-the-wake-of-philosophical-aesthetics,https://jcrt.org/religioustheory/posts/from-kant-to-holderlin-poetry-and-religion-in-the-wake-of-philosophical-aesthetics/
from-the-gift-of-mortality-to-the-name-of-god-jakob-helmut-deibl,https://jcrt.org/religioustheory/posts/from-the-gift-of-mortality-to-the-name-of-god-jakob-helmut-deibl/
george-batailles-on-the-limits-of-the-useful,https://jcrt.org/religioustheory/posts/george-batailles-on-the-limits-of-the-useful/
geschlecht-iii-authentic-faith-religion-and-politics-in-derridas-readings-of-heideggers-geist-part-1-jake-sirota,https://jcrt.org/religioustheory/posts/geschlecht-iii-authentic-faith-religion-and-politics-in-derridas-readings-of-heideggers-geist-part-1-jake-sirota/
geschlecht-iii-authentic-faith-religion-and-politics-in-derridas-readings-of-heideggers-geist-part-2-jake-sirota,https://jcrt.org/religioustheory/posts/geschlecht-iii-authentic-faith-religion-and-politics-in-derridas-readings-of-heideggers-geist-part-2-jake-sirota/
geschlecht-iii-authentic-faith-religion-and-politics-in-derridas-readings-of-heideggers-geist-part-3-jake-sirota,https://jcrt.org/religioustheory/posts/geschlecht-iii-authentic-faith-religion-and-politics-in-derridas-readings-of-heideggers-geist-part-3-jake-sirota/
god-and-existence-lecture-4-johannes-zachhuber,https://jcrt.org/religioustheory/posts/god-and-existence-lecture-4-johannes-zachhuber/
god-and-history-lecture-5-johannes-zachhuber,https://jcrt.org/religioustheory/posts/god-and-history-lecture-5-johannes-zachhuber/
god-and-language-lecture-6-johannes-zachhuber,https://jcrt.org/religioustheory/posts/god-and-language-lecture-6-johannes-zachhuber/
god-and-salvation-lecture-8-johannes-zachhuber,https://jcrt.org/religioustheory/posts/god-and-salvation-lecture-8-johannes-zachhuber/
god-as-person-and-trinity-lecture-7-johannes-zachhuber,https://jcrt.org/religioustheory/posts/god-as-person-and-trinity-lecture-7-johannes-zachhuber/
greening-americas-virtues-nick-mather,https://jcrt.org/religioustheory/posts/greening-americas-virtues-nick-mather/
hanging-garlands-of-flowers-on-the-chains-that-bind-soft-totalitarianism-and-techno-rationality-jeff-appel,https://jcrt.org/religioustheory/posts/hanging-garlands-of-flowers-on-the-chains-that-bind-soft-totalitarianism-and-techno-rationality-jeff-appel/
healing-as-a-multimedia-practice-contemporary-spirituality-in-turkey-part-1-duygu-sendag,https://jcrt.org/religioustheory/posts/healing-as-a-multimedia-practice-contemporary-spirituality-in-turkey-part-1-duygu-sendag/
hegel-contra-god-replying-to-gavin-hymans-new-hegel-part-1-rebekah-howes,https://jcrt.org/religioustheory/posts/hegel-contra-god-replying-to-gavin-hymans-new-hegel-part-1-rebekah-howes/
hegel-contra-god-replying-to-gavin-hymans-new-hegel-part-2-rebekah-howes,https://jcrt.org/religioustheory/posts/hegel-contra-god-replying-to-gavin-hymans-new-hegel-part-2-rebekah-howes/
hegel-contra-god-replying-to-gavin-hymans-new-hegel-part-3-rebekah-howes,https://jcrt.org/religioustheory/posts/hegel-contra-god-replying-to-gavin-hymans-new-hegel-part-3-rebekah-howes/
hegemony-and-techno-rationality-toward-an-aesthetic-soteriology-mason-davis,https://jcrt.org/religioustheory/posts/hegemony-and-techno-rationality-toward-an-aesthetic-soteriology-mason-davis/
horror-fiction-and-catholic-theology-a-rhetorical-synthesis-gavin-hurley,https://jcrt.org/religioustheory/posts/horror-fiction-and-catholic-theology-a-rhetorical-synthesis-gavin-hurley/
horror-fiction-and-catholic-theology-a-rhetorical-synthesis-part-2-gavin-hurley,https://jcrt.org/religioustheory/posts/horror-fiction-and-catholic-theology-a-rhetorical-synthesis-part-2-gavin-hurley/
introducing-spirit-dance-social-justice-and-reconstructed-spiritual-practices-joshua-hall,https://jcrt.org/religioustheory/posts/introducing-spirit-dance-social-justice-and-reconstructed-spiritual-practices-joshua-hall/
introducing-spirit-dance-social-justice-and-reconstructed-spiritual-practices-part-2-joshua-hall,https://jcrt.org/religioustheory/posts/introducing-spirit-dance-social-justice-and-reconstructed-spiritual-practices-part-2-joshua-hall/
introducing-spirit-dance-social-justice-and-reconstructed-spiritual-practices-part-3-joshua-hall,https://jcrt.org/religioustheory/posts/introducing-spirit-dance-social-justice-and-reconstructed-spiritual-practices-part-3-joshua-hall/
inventing-afterlives-review-camille-grace-leon-angelo,https://jcrt.org/religioustheory/posts/inventing-afterlives-review-camille-grace-leon-angelo/
jesus-ghost-derrida-christianity-and-hauntology-part-1,https://jcrt.org/religioustheory/posts/jesus-ghost-derrida-christianity-and-hauntology-part-1/
jesus-ghost-derrida-christianity-and-hauntology-part-2,https://jcrt.org/religioustheory/posts/jesus-ghost-derrida-christianity-and-hauntology-part-2/
jesus-ghost-derrida-christianity-and-hauntology-part-3,https://jcrt.org/religioustheory/posts/jesus-ghost-derrida-christianity-and-hauntology-part-3/
john-the-possibilizer-the-promise-of-a-kearnian-baptismal-hermeneutic-part-i-eric-trozzo,https://jcrt.org/religioustheory/posts/john-the-possibilizer-the-promise-of-a-kearnian-baptismal-hermeneutic-part-i-eric-trozzo/
john-the-possibilizer-the-promise-of-a-kearnian-baptismal-hermeneutic-part-ii-eric-trozzo,https://jcrt.org/religioustheory/posts/john-the-possibilizer-the-promise-of-a-kearnian-baptismal-hermeneutic-part-ii-eric-trozzo/
jonathan-edwards-and-the-vegan-elect-an-unconventional-calvinist-reading-part-1,https://jcrt.org/religioustheory/posts/jonathan-edwards-and-the-vegan-elect-an-unconventional-calvinist-reading-part-1/
kenosis-emancipation-pastness-reflections-from-a-jew-part-1-sarah-pessin,https://jcrt.org/religioustheory/posts/kenosis-emancipation-pastness-reflections-from-a-jew-part-1-sarah-pessin/
kenosis-emancipation-pastness-reflections-from-a-jew-part-2-sarah-pessin,https://jcrt.org/religioustheory/posts/kenosis-emancipation-pastness-reflections-from-a-jew-part-2-sarah-pessin/
lacan-and-pneumatology-mark-murphy,https://jcrt.org/religioustheory/posts/lacan-and-pneumatology-mark-murphy/
lacan-as-spiritual-director-on-the-relationship-between-psychoanalysis-and-christian-mysticism-part-1-mark-murphy,https://jcrt.org/religioustheory/posts/lacan-as-spiritual-director-on-the-relationship-between-psychoanalysis-and-christian-mysticism-part-1-mark-murphy/
lacan-as-spiritual-director-on-the-relationship-between-psychoanalysis-and-christian-mysticism-part-2-mark-murphy,https://jcrt.org/religioustheory/posts/lacan-as-spiritual-director-on-the-relationship-between-psychoanalysis-and-christian-mysticism-part-2-mark-murphy/
lacan-as-spiritual-director-on-the-relationship-between-psychoanalysis-and-christian-mysticism-part-3-mark-murphy,https://jcrt.org/religioustheory/posts/lacan-as-spiritual-director-on-the-relationship-between-psychoanalysis-and-christian-mysticism-part-3-mark-murphy/
lacan-levinas-and-the-politics-of-the-subject-joshua-lawrence,https://jcrt.org/religioustheory/posts/lacan-levinas-and-the-politics-of-the-subject-joshua-lawrence/
lets-get-real-about-race-two-very-timely-upcoming-online-seminars-announcement,https://jcrt.org/religioustheory/posts/lets-get-real-about-race-two-very-timely-upcoming-online-seminars-announcement/
life-as-art-aesthetic-virtue-and-moral-obligation,https://jcrt.org/religioustheory/posts/life-as-art-aesthetic-virtue-and-moral-obligation/
locating-the-oceanic-in-sylvia-wynters-demonic-ground-part-2-justine-m-bakker,https://jcrt.org/religioustheory/posts/locating-the-oceanic-in-sylvia-wynters-demonic-ground-part-2-justine-m-bakker/
locating-the-oceanic-in-sylvia-wynters-demonic-ground-part-3-justine-m-bakker,https://jcrt.org/religioustheory/posts/locating-the-oceanic-in-sylvia-wynters-demonic-ground-part-3-justine-m-bakker/
locating-yhe-oceanic-in-sylvia-wynters-demonic-ground,https://jcrt.org/religioustheory/posts/locating-yhe-oceanic-in-sylvia-wynters-demonic-ground/
longing-for-an-impossible-past-derridas-of-grammatology-and-the-coronavirus-as-the-inauguration-of-an-age-of-writing-part-1-jared-lacy,https://jcrt.org/religioustheory/posts/longing-for-an-impossible-past-derridas-of-grammatology-and-the-coronavirus-as-the-inauguration-of-an-age-of-writing-part-1-jared-lacy/
longing-for-an-impossible-past-derridas-of-grammatology-and-the-coronavirus-as-the-inauguration-of-an-age-of-writing-part-2-jared-lacy,https://jcrt.org/religioustheory/posts/longing-for-an-impossible-past-derridas-of-grammatology-and-the-coronavirus-as-the-inauguration-of-an-age-of-writing-part-2-jared-lacy/
love-psychoanalysis-and-leftist-political-ontology-part-1-daniel-tutt,https://jcrt.org/religioustheory/posts/love-psychoanalysis-and-leftist-political-ontology-part-1-daniel-tutt/
love-psychoanalysis-and-leftist-political-ontology-part-2-daniel-tutt,https://jcrt.org/religioustheory/posts/love-psychoanalysis-and-leftist-political-ontology-part-2-daniel-tutt/
love-strong-as-death-jews-against-heidegger-on-the-issue-of-finitude-part-1-agata-bielik-robson,https://jcrt.org/religioustheory/posts/love-strong-as-death-jews-against-heidegger-on-the-issue-of-finitude-part-1-agata-bielik-robson/
love-strong-as-death-jews-against-heidegger-on-the-issue-of-finitude-part-2-agata-bielik-robson,https://jcrt.org/religioustheory/posts/love-strong-as-death-jews-against-heidegger-on-the-issue-of-finitude-part-2-agata-bielik-robson/
lutheran-theology-and-postmodern-philosophy-part-i-olli-pekka-vaino,https://jcrt.org/religioustheory/posts/lutheran-theology-and-postmodern-philosophy-part-i-olli-pekka-vaino/
lutheran-theology-and-postmodern-philosophy-part-ii-olli-pekka-vaino,https://jcrt.org/religioustheory/posts/lutheran-theology-and-postmodern-philosophy-part-ii-olli-pekka-vaino/
metaphysical-protestantism-a-comparative-literary-ecology-zane-johnson,https://jcrt.org/religioustheory/posts/metaphysical-protestantism-a-comparative-literary-ecology-zane-johnson/
mischief-idolatry-and-the-demonic-toward-a-hermeneutic-of-play-part-i-kevin-lewis,https://jcrt.org/religioustheory/posts/mischief-idolatry-and-the-demonic-toward-a-hermeneutic-of-play-part-i-kevin-lewis/
mischief-idolatry-and-the-demonic-toward-a-hermeneutic-of-play-part-ii-kevin-lewis,https://jcrt.org/religioustheory/posts/mischief-idolatry-and-the-demonic-toward-a-hermeneutic-of-play-part-ii-kevin-lewis/
modern-theology-and-the-dialectic-of-god-part-1-kelly-maeshiro,https://jcrt.org/religioustheory/posts/modern-theology-and-the-dialectic-of-god-part-1-kelly-maeshiro/
modern-theology-and-the-dialectic-of-god-part-2-kelly-maeshiro,https://jcrt.org/religioustheory/posts/modern-theology-and-the-dialectic-of-god-part-2-kelly-maeshiro/
modern-theology-and-the-dialectic-of-god-part-3-kelly-maeshiro,https://jcrt.org/religioustheory/posts/modern-theology-and-the-dialectic-of-god-part-3-kelly-maeshiro/
modern-theology-and-the-dialectic-of-god-part-4-kelly-maeshiro,https://jcrt.org/religioustheory/posts/modern-theology-and-the-dialectic-of-god-part-4-kelly-maeshiro/
more-sympathy-for-the-devil-or-the-state-of-satan-in-the-age-of-obama-and-trump,https://jcrt.org/religioustheory/posts/more-sympathy-for-the-devil-or-the-state-of-satan-in-the-age-of-obama-and-trump/
naming-the-darkness-spiritual-violence-and-radical-incompleteness-resituating-a-political-theology-james-e-willis-iii,https://jcrt.org/religioustheory/posts/naming-the-darkness-spiritual-violence-and-radical-incompleteness-resituating-a-political-theology-james-e-willis-iii/
naming-the-darkness-spiritual-violence-and-radical-incompleteness-resituating-a-political-theology-part-2-james-e-willis-iii,https://jcrt.org/religioustheory/posts/naming-the-darkness-spiritual-violence-and-radical-incompleteness-resituating-a-political-theology-part-2-james-e-willis-iii/
negative-theology-and-its-problems-barth-and-marion-lecture-3-johannes-zachhuber,https://jcrt.org/religioustheory/posts/negative-theology-and-its-problems-barth-and-marion-lecture-3-johannes-zachhuber/
new-book-titles-looking-for-reviewers,https://jcrt.org/religioustheory/posts/new-book-titles-looking-for-reviewers/
new-religions-in-brazil-a-game-between-relativism-and-fundamentalism-silas-guerriero,https://jcrt.org/religioustheory/posts/new-religions-in-brazil-a-game-between-relativism-and-fundamentalism-silas-guerriero/
newest-titles-for-review-freud-nussbaum-angst-the-crucified-god-etc,https://jcrt.org/religioustheory/posts/newest-titles-for-review-freud-nussbaum-angst-the-crucified-god-etc/
notations-agambens-homo-sacer-refugees-and-the-crisis-of-european-values,https://jcrt.org/religioustheory/posts/notations-agambens-homo-sacer-refugees-and-the-crisis-of-european-values/
notations-the-european-refugee-crisis-and-more,https://jcrt.org/religioustheory/posts/notations-the-european-refugee-crisis-and-more/
notations-the-unacculturable-refugee-flux-spurs-crisis-of-european-belief,https://jcrt.org/religioustheory/posts/notations-the-unacculturable-refugee-flux-spurs-crisis-of-european-belief/
orientalism-ontology-and-orientation-a-muslim-perspective-on-charles-h-long-part-2-mehnaz-afridi,https://jcrt.org/religioustheory/posts/orientalism-ontology-and-orientation-a-muslim-perspective-on-charles-h-long-part-2-mehnaz-afridi/
orientalism-ontology-and-orientation,https://jcrt.org/religioustheory/posts/orientalism-ontology-and-orientation/
philosophical-anthropology-or-philosophy-of-praxis-axel-honneth-and-andrew-feenberg-on-lukacs-theory-of-reification-konstantinos-kavoulakos,https://jcrt.org/religioustheory/posts/philosophical-anthropology-or-philosophy-of-praxis-axel-honneth-and-andrew-feenberg-on-lukacs-theory-of-reification-konstantinos-kavoulakos/
philosophy-as-interdisciplinary-intensity-an-interview-with-giorgio-agamben-antonio-gnolioido-govrin,https://jcrt.org/religioustheory/posts/philosophy-as-interdisciplinary-intensity-an-interview-with-giorgio-agamben-antonio-gnolioido-govrin/
philosophy-as-love-unblocking-the-road-from-athens-to-jerusalem-part-1-erik-meganck,https://jcrt.org/religioustheory/posts/philosophy-as-love-unblocking-the-road-from-athens-to-jerusalem-part-1-erik-meganck/
philosophy-as-love-unblocking-the-road-from-athens-to-jerusalem-part-2-erik-meganck,https://jcrt.org/religioustheory/posts/philosophy-as-love-unblocking-the-road-from-athens-to-jerusalem-part-2-erik-meganck/
philosophy-as-love-unblocking-the-road-from-athens-to-jerusalem-part-3-erik-meganck,https://jcrt.org/religioustheory/posts/philosophy-as-love-unblocking-the-road-from-athens-to-jerusalem-part-3-erik-meganck/
plundering-a-theory-of-trauma-confessions-of-a-novice-author-on-lacan-and-theology,https://jcrt.org/religioustheory/posts/plundering-a-theory-of-trauma-confessions-of-a-novice-author-on-lacan-and-theology/
prayer-after-the-death-of-god-part-i-ashley-gay-graham,https://jcrt.org/religioustheory/posts/prayer-after-the-death-of-god-part-i-ashley-gay-graham/
prayer-after-the-death-of-god-part-ii-ashley-gay-graham,https://jcrt.org/religioustheory/posts/prayer-after-the-death-of-god-part-ii-ashley-gay-graham/
progressive-neoliberalism-symbolic-capitalism-and-the-global-reproduction-of-the-precariat-interview-with-carl-raschke,https://jcrt.org/religioustheory/posts/progressive-neoliberalism-symbolic-capitalism-and-the-global-reproduction-of-the-precariat-interview-with-carl-raschke/
psychedelic-aesthetics-and-the-crises-of-liberalism-a-critical-conversation-with-roger-green,https://jcrt.org/religioustheory/posts/psychedelic-aesthetics-and-the-crises-of-liberalism-a-critical-conversation-with-roger-green/
rapture-music-intensity-and-eschatology-within-christian-revival-movements-part-1-fraser-macdonald,https://jcrt.org/religioustheory/posts/rapture-music-intensity-and-eschatology-within-christian-revival-movements-part-1-fraser-macdonald/
rapture-music-intensity-and-eschatology-within-christian-revival-movements-part-2-fraser-macdonald,https://jcrt.org/religioustheory/posts/rapture-music-intensity-and-eschatology-within-christian-revival-movements-part-2-fraser-macdonald/
rapture-music-intensity-and-eschatology-within-christian-revival-movements-part-3-fraser-macdonald,https://jcrt.org/religioustheory/posts/rapture-music-intensity-and-eschatology-within-christian-revival-movements-part-3-fraser-macdonald/
re-envisioning-religious-studies-as-a-global-discipline-a-pre-aar-symposium,https://jcrt.org/religioustheory/posts/re-envisioning-religious-studies-as-a-global-discipline-a-pre-aar-symposium/
reframing-the-adwa-victory-as-a-decolonizing-praxis-discourse-around-colonization-in-the-ethiopian-context-part-2-rode-molla,https://jcrt.org/religioustheory/posts/reframing-the-adwa-victory-as-a-decolonizing-praxis-discourse-around-colonization-in-the-ethiopian-context-part-2-rode-molla/
reframing-the-adwa-victory-as-a-decolonizing-praxis-discourse-around-colonization-in-the-ethiopian-context,https://jcrt.org/religioustheory/posts/reframing-the-adwa-victory-as-a-decolonizing-praxis-discourse-around-colonization-in-the-ethiopian-context/
religion-and-bioethics-conferencee,https://jcrt.org/religioustheory/posts/religion-and-bioethics-conferencee/
religion-and-mental-health-the-therapeutic-value-of-the-teachings-of-jesus-part-1-thomas-roberts-and-delbert-hayden,https://jcrt.org/religioustheory/posts/religion-and-mental-health-the-therapeutic-value-of-the-teachings-of-jesus-part-1-thomas-roberts-and-delbert-hayden/
religion-and-mental-health-the-therapuetic-value-of-the-teachings-of-jesus-part-2-thomas-roberts-and-delbert-hayden,https://jcrt.org/religioustheory/posts/religion-and-mental-health-the-therapuetic-value-of-the-teachings-of-jesus-part-2-thomas-roberts-and-delbert-hayden/
religious-autonomy-as-secularisms-silent-partner-darshan-datar,https://jcrt.org/religioustheory/posts/religious-autonomy-as-secularisms-silent-partner-darshan-datar/
religious-faith-in-pursuit-of-environmental-justice-chris-durante,https://jcrt.org/religioustheory/posts/religious-faith-in-pursuit-of-environmental-justice-chris-durante/
religious-sacrificial-sympathy-how-man-became-more-valuable-than-beast-kev-grane,https://jcrt.org/religioustheory/posts/religious-sacrificial-sympathy-how-man-became-more-valuable-than-beast-kev-grane/
religious-studies-and-comparative-theology-an-appraisal-joshua-samuel,https://jcrt.org/religioustheory/posts/religious-studies-and-comparative-theology-an-appraisal-joshua-samuel/
religious-studies-as-the-state-religion-of-neoliberalism-carl-raschke,https://jcrt.org/religioustheory/posts/religious-studies-as-the-state-religion-of-neoliberalism-carl-raschke/
religious-studies-as-the-state-religion-of-neoliberalism-part-2-carl-raschke,https://jcrt.org/religioustheory/posts/religious-studies-as-the-state-religion-of-neoliberalism-part-2-carl-raschke/
religious-studies-as-the-state-religion-of-neoliberalism-part-3-carl-raschke,https://jcrt.org/religioustheory/posts/religious-studies-as-the-state-religion-of-neoliberalism-part-3-carl-raschke/
religious-studies-the-final-colonization-of-american-indians-part-1-tink-tinker-wazhazhe-udsethe-2,https://jcrt.org/religioustheory/posts/religious-studies-the-final-colonization-of-american-indians-part-1-tink-tinker-wazhazhe-udsethe-2/
religious-studies-the-final-colonization-of-american-indians-part-1-tink-tinker-wazhazhe-udsethe,https://jcrt.org/religioustheory/posts/religious-studies-the-final-colonization-of-american-indians-part-1-tink-tinker-wazhazhe-udsethe/
religious-theory-a-new-review-commentary-and-conversations-feature-of-jcrt,https://jcrt.org/religioustheory/posts/religious-theory-a-new-review-commentary-and-conversations-feature-of-jcrt/
renegade-hinduism-scholar-featured-in-nortons-anthology-of-world-religions,https://jcrt.org/religioustheory/posts/renegade-hinduism-scholar-featured-in-nortons-anthology-of-world-religions/
reorientation-in-the-field-why-religion-matters-part-1-wendy-felese,https://jcrt.org/religioustheory/posts/reorientation-in-the-field-why-religion-matters-part-1-wendy-felese/
reorientation-in-the-field-why-religion-matters-part-2-wendy-felese,https://jcrt.org/religioustheory/posts/reorientation-in-the-field-why-religion-matters-part-2-wendy-felese/
rethinking-anselms-atonement-theory-unmaking-the-indebted-man-ryne-beddard,https://jcrt.org/religioustheory/posts/rethinking-anselms-atonement-theory-unmaking-the-indebted-man-ryne-beddard/
review-a-darker-grittier-deleuze,https://jcrt.org/religioustheory/posts/review-a-darker-grittier-deleuze/
review-a-stranger-thought-for-stranger-times-liam-burrell,https://jcrt.org/religioustheory/posts/review-a-stranger-thought-for-stranger-times-liam-burrell/
review-agambens-political-reading-of-the-trial-of-jesus,https://jcrt.org/religioustheory/posts/review-agambens-political-reading-of-the-trial-of-jesus/
review-altered-states-buddhism-and-psychedelic-spirituality-in-america,https://jcrt.org/religioustheory/posts/review-altered-states-buddhism-and-psychedelic-spirituality-in-america/
review-an-uncritical-critique-of-theism-rebekah-gordon,https://jcrt.org/religioustheory/posts/review-an-uncritical-critique-of-theism-rebekah-gordon/
review-badiou-and-gauchet-on-capitalism-and-democracy,https://jcrt.org/religioustheory/posts/review-badiou-and-gauchet-on-capitalism-and-democracy/
review-badiou-is-not-afraid-of-the-dark-mason-davis,https://jcrt.org/religioustheory/posts/review-badiou-is-not-afraid-of-the-dark-mason-davis/
review-badious-conversations-about-theatre-offer-light-hearted-and-quirky-insight-into-mind-of-philosopher,https://jcrt.org/religioustheory/posts/review-badious-conversations-about-theatre-offer-light-hearted-and-quirky-insight-into-mind-of-philosopher/
review-bahai-religion-and-religious-cycles-rebekah-gordon,https://jcrt.org/religioustheory/posts/review-bahai-religion-and-religious-cycles-rebekah-gordon/
review-caputo-the-unconditional-the-folly-of-god-richard-m-allen,https://jcrt.org/religioustheory/posts/review-caputo-the-unconditional-the-folly-of-god-richard-m-allen/
review-caputos-spooky-call-to-theology-rob-kennedy,https://jcrt.org/religioustheory/posts/review-caputos-spooky-call-to-theology-rob-kennedy/
review-carl-raschkes-force-of-god-hammers-out-a-political-theology-of-insurrection-resurrection-for-our-times,https://jcrt.org/religioustheory/posts/review-carl-raschkes-force-of-god-hammers-out-a-political-theology-of-insurrection-resurrection-for-our-times/
review-copresence-and-ontography-in-beliso-de-jesus-electric-santeria-ryne-beddard,https://jcrt.org/religioustheory/posts/review-copresence-and-ontography-in-beliso-de-jesus-electric-santeria-ryne-beddard/
review-decolonizing-dialectics-josiah-solis,https://jcrt.org/religioustheory/posts/review-decolonizing-dialectics-josiah-solis/
review-digital-technologies-and-religion-in-the-postmodern-era,https://jcrt.org/religioustheory/posts/review-digital-technologies-and-religion-in-the-postmodern-era/
review-donovan-schaefers-call-for-a-materialist-turn-in-religious-theory,https://jcrt.org/religioustheory/posts/review-donovan-schaefers-call-for-a-materialist-turn-in-religious-theory/
review-economy-and-ontology-from-agamben-to-nancy-taylor-weaver,https://jcrt.org/religioustheory/posts/review-economy-and-ontology-from-agamben-to-nancy-taylor-weaver/
review-essay-peter-sloterdijk-on-social-bonds-freedom-and-religion,https://jcrt.org/religioustheory/posts/review-essay-peter-sloterdijk-on-social-bonds-freedom-and-religion/
review-eugene-thackers-cosmic-pessimism,https://jcrt.org/religioustheory/posts/review-eugene-thackers-cosmic-pessimism/
review-francois-laruelles-general-theory-of-victims-john-matthew-allison,https://jcrt.org/religioustheory/posts/review-francois-laruelles-general-theory-of-victims-john-matthew-allison/
review-french-perceptions-of-muslim-sexuality-trevor-wolff,https://jcrt.org/religioustheory/posts/review-french-perceptions-of-muslim-sexuality-trevor-wolff/
review-genealogies-of-mahayana-buddhism-ananda-abeysekara,https://jcrt.org/religioustheory/posts/review-genealogies-of-mahayana-buddhism-ananda-abeysekara/
review-giorgio-agamben-and-the-theory-of-civil-war-kalpokas,https://jcrt.org/religioustheory/posts/review-giorgio-agamben-and-the-theory-of-civil-war-kalpokas/
review-hear-no-evil-see-no-evil-speak-no-evil-negative-reactions-to-jewish-people-pre-and-post-holocaust-madison-tarleton,https://jcrt.org/religioustheory/posts/review-hear-no-evil-see-no-evil-speak-no-evil-negative-reactions-to-jewish-people-pre-and-post-holocaust-madison-tarleton/
review-indebted-to-asceticism-hollis-phelps,https://jcrt.org/religioustheory/posts/review-indebted-to-asceticism-hollis-phelps/
review-jean-pierre-couture-brings-to-life-for-first-time-the-entire-works-of-sloterdijk,https://jcrt.org/religioustheory/posts/review-jean-pierre-couture-brings-to-life-for-first-time-the-entire-works-of-sloterdijk/
review-judith-butler-and-the-different-senses-of-the-subject-matthew-waggoner,https://jcrt.org/religioustheory/posts/review-judith-butler-and-the-different-senses-of-the-subject-matthew-waggoner/
review-l-l-welborns-synthesis-of-new-testament-scholarship-and-critical-theorys-recent-interest-in-the-apostle-paul-benjamin-steele-fisher,https://jcrt.org/religioustheory/posts/review-l-l-welborns-synthesis-of-new-testament-scholarship-and-critical-theorys-recent-interest-in-the-apostle-paul-benjamin-steele-fisher/
review-loves-unfortunate-presence-between-faith-and-belief-daniel-boscaljon,https://jcrt.org/religioustheory/posts/review-loves-unfortunate-presence-between-faith-and-belief-daniel-boscaljon/
review-medicinal-religion-aaron-klink,https://jcrt.org/religioustheory/posts/review-medicinal-religion-aaron-klink/
review-mysticism-as-language-game-adam-loch,https://jcrt.org/religioustheory/posts/review-mysticism-as-language-game-adam-loch/
review-neoliberalismisnowhere-wendy-browns-undoing-the-demos-isaiah,https://jcrt.org/religioustheory/posts/review-neoliberalismisnowhere-wendy-browns-undoing-the-demos-isaiah/
review-neurotheological-nuances-joshua-canzona,https://jcrt.org/religioustheory/posts/review-neurotheological-nuances-joshua-canzona/
review-new-trends-in-the-theory-and-methods-for-studying-religion-david-kim,https://jcrt.org/religioustheory/posts/review-new-trends-in-the-theory-and-methods-for-studying-religion-david-kim/
review-of-politics-and-motion-joshua-lawrence,https://jcrt.org/religioustheory/posts/review-of-politics-and-motion-joshua-lawrence/
review-ontic-flows-from-digital-humanities-to-posthumanities-dean-dettloff,https://jcrt.org/religioustheory/posts/review-ontic-flows-from-digital-humanities-to-posthumanities-dean-dettloff/
review-performance-apophatics-john-matthew-allison,https://jcrt.org/religioustheory/posts/review-performance-apophatics-john-matthew-allison/
review-pilgrimage-and-world-a-review-of-joseph-riveras-the-contemplative-self-after-michel-henry-michael-saunders,https://jcrt.org/religioustheory/posts/review-pilgrimage-and-world-a-review-of-joseph-riveras-the-contemplative-self-after-michel-henry-michael-saunders/
review-power-after-biopower-or-the-colonizing-of-perception-adam-loch,https://jcrt.org/religioustheory/posts/review-power-after-biopower-or-the-colonizing-of-perception-adam-loch/
review-reframing-schelling-rolando-rodriguez,https://jcrt.org/religioustheory/posts/review-reframing-schelling-rolando-rodriguez/
review-reverent-irreverence-amit-gvaryahu,https://jcrt.org/religioustheory/posts/review-reverent-irreverence-amit-gvaryahu/
review-the-enigmatic-absolute-stanimir-panayotov,https://jcrt.org/religioustheory/posts/review-the-enigmatic-absolute-stanimir-panayotov/
review-the-ethics-of-time-matthew-clemente,https://jcrt.org/religioustheory/posts/review-the-ethics-of-time-matthew-clemente/
review-the-evangelicals-the-struggle-to-shape-america-rebekah-gordon,https://jcrt.org/religioustheory/posts/review-the-evangelicals-the-struggle-to-shape-america-rebekah-gordon/
review-the-evolution-of-the-religious-factor-in-fantasy-role-playing-games,https://jcrt.org/religioustheory/posts/review-the-evolution-of-the-religious-factor-in-fantasy-role-playing-games/
review-the-greatest-trick-god-ever-pulled-benjamin-steele-fisher,https://jcrt.org/religioustheory/posts/review-the-greatest-trick-god-ever-pulled-benjamin-steele-fisher/
review-the-intimate-universal-stephen-bujno,https://jcrt.org/religioustheory/posts/review-the-intimate-universal-stephen-bujno/
review-the-origins-of-neoliberalism-a-racialized-review-adam-f-braun,https://jcrt.org/religioustheory/posts/review-the-origins-of-neoliberalism-a-racialized-review-adam-f-braun/
review-the-search-for-transcendence-in-the-material-phenomenology-of-david-foster-wallace,https://jcrt.org/religioustheory/posts/review-the-search-for-transcendence-in-the-material-phenomenology-of-david-foster-wallace/
review-three-agambens-on-display-the-metaphysical-political-and-literary-components-of-agambens-philosophical-lineage-sj-cowan,https://jcrt.org/religioustheory/posts/review-three-agambens-on-display-the-metaphysical-political-and-literary-components-of-agambens-philosophical-lineage-sj-cowan/
review-what-is-real-filippo-pietrogrande,https://jcrt.org/religioustheory/posts/review-what-is-real-filippo-pietrogrande/
review-whence-and-whither-posthumanism-bo-eberle,https://jcrt.org/religioustheory/posts/review-whence-and-whither-posthumanism-bo-eberle/
review-whither-philosophy-of-religion-benjamin-steele-fisher,https://jcrt.org/religioustheory/posts/review-whither-philosophy-of-religion-benjamin-steele-fisher/
review,https://jcrt.org/religioustheory/posts/review/
revolutionary-love-kierkegaards-gift-economy-as-a-religious-corrective-to-the-leveling-of-the-public-sphere-andrew-ball,https://jcrt.org/religioustheory/posts/revolutionary-love-kierkegaards-gift-economy-as-a-religious-corrective-to-the-leveling-of-the-public-sphere-andrew-ball/
revolutionary-love-kierkegaards-gift-economy-as-a-religious-corrective-to-the-leveling-of-the-public-sphere-part-2-andrew-ball,https://jcrt.org/religioustheory/posts/revolutionary-love-kierkegaards-gift-economy-as-a-religious-corrective-to-the-leveling-of-the-public-sphere-part-2-andrew-ball/
scale-relative-ontology-and-simone-weils-spiritual-philosophy-part-1-n-e-boulting,https://jcrt.org/religioustheory/posts/scale-relative-ontology-and-simone-weils-spiritual-philosophy-part-1-n-e-boulting/
scale-relative-ontology-and-simone-weils-spiritual-philosophy-part-2-n-e-boulting,https://jcrt.org/religioustheory/posts/scale-relative-ontology-and-simone-weils-spiritual-philosophy-part-2-n-e-boulting/
secularism-and-its-discontents-on-charting-pathways-with-a-phenomenology-of-religion-part-1-ludger-hagerdorn-and-michael-staudigl,https://jcrt.org/religioustheory/posts/secularism-and-its-discontents-on-charting-pathways-with-a-phenomenology-of-religion-part-1-ludger-hagerdorn-and-michael-staudigl/
sexual-difference-and-the-vatican-a-lacanian-response-part-1-melissa-conroy,https://jcrt.org/religioustheory/posts/sexual-difference-and-the-vatican-a-lacanian-response-part-1-melissa-conroy/
sexual-difference-and-the-vatican-a-lacanian-response-part-2-melissa-conroy,https://jcrt.org/religioustheory/posts/sexual-difference-and-the-vatican-a-lacanian-response-part-2-melissa-conroy/
sexual-difference-and-the-vatican-a-lacanian-response-part-3-melissa-conroy,https://jcrt.org/religioustheory/posts/sexual-difference-and-the-vatican-a-lacanian-response-part-3-melissa-conroy/
shamanism-and-entheogens-toward-a-psychoanalysis-of-the-new-dream-time-roger-green,https://jcrt.org/religioustheory/posts/shamanism-and-entheogens-toward-a-psychoanalysis-of-the-new-dream-time-roger-green/
sikh-environmental-ethics-theory-and-praxis-part-1-harpreet-kaur,https://jcrt.org/religioustheory/posts/sikh-environmental-ethics-theory-and-praxis-part-1-harpreet-kaur/
sikh-environmental-ethics-theory-and-praxis-part-2-harpreet-kaur,https://jcrt.org/religioustheory/posts/sikh-environmental-ethics-theory-and-praxis-part-2-harpreet-kaur/
sikhs-as-subalterns-voice-inequality-and-power-part-2-nirvikar-singh,https://jcrt.org/religioustheory/posts/sikhs-as-subalterns-voice-inequality-and-power-part-2-nirvikar-singh/
sikhs-as-subalterns-voice-inequality-and-power-part-3-nirvikar-singh,https://jcrt.org/religioustheory/posts/sikhs-as-subalterns-voice-inequality-and-power-part-3-nirvikar-singh/
sikhs-as-subalterns-voice-inequality-and-power,https://jcrt.org/religioustheory/posts/sikhs-as-subalterns-voice-inequality-and-power/
slow-journalism-ethnography-as-a-means-of-understanding-religious-social-activism-part-1-james-v-spickard,https://jcrt.org/religioustheory/posts/slow-journalism-ethnography-as-a-means-of-understanding-religious-social-activism-part-1-james-v-spickard/
slow-journalism-ethnography-as-a-means-of-understanding-religious-social-activism-part-2-james-v-spickard,https://jcrt.org/religioustheory/posts/slow-journalism-ethnography-as-a-means-of-understanding-religious-social-activism-part-2-james-v-spickard/
speaking-of-gods-presence-as-non-contrastive-transcendent-distinction-joyce-konigsburg,https://jcrt.org/religioustheory/posts/speaking-of-gods-presence-as-non-contrastive-transcendent-distinction-joyce-konigsburg/
speaking-or-not-speaking-of-god-call-for-proposals2,https://jcrt.org/religioustheory/posts/speaking-or-not-speaking-of-god-call-for-proposals2/
special-issue-on-religion-and-bioethics-call-for-papers,https://jcrt.org/religioustheory/posts/special-issue-on-religion-and-bioethics-call-for-papers/
spinozas-theory-of-religion-stabilized-superstition-ehud-benor,https://jcrt.org/religioustheory/posts/spinozas-theory-of-religion-stabilized-superstition-ehud-benor/
spiritual-erotics-affect-theory-and-the-transformation-of-machismo-among-latino-pentecostal-men-part-1,https://jcrt.org/religioustheory/posts/spiritual-erotics-affect-theory-and-the-transformation-of-machismo-among-latino-pentecostal-men-part-1/
spiritual-erotics-part-2-the-nature-and-history-of-machismo-and-its-feminine-counterpart-as-marianismo,https://jcrt.org/religioustheory/posts/spiritual-erotics-part-2-the-nature-and-history-of-machismo-and-its-feminine-counterpart-as-marianismo/
spiritual-erotics-part-3-eros-ecstasy-and-the-pentecostal-experience,https://jcrt.org/religioustheory/posts/spiritual-erotics-part-3-eros-ecstasy-and-the-pentecostal-experience/
teach-me-to-do-whats-right-faith-hope-and-love-as-post-religious-virtues-part-1-a-g-holdier,https://jcrt.org/religioustheory/posts/teach-me-to-do-whats-right-faith-hope-and-love-as-post-religious-virtues-part-1-a-g-holdier/
teach-me-to-do-whats-right-faith-hope-and-love-as-post-religious-virtues-part-2-a-g-holdier,https://jcrt.org/religioustheory/posts/teach-me-to-do-whats-right-faith-hope-and-love-as-post-religious-virtues-part-2-a-g-holdier/
the-bell-jars-new-look-sylvia-plath-simone-de-beauvoir-and-the-visual-representation-of-feminist-discourse-madeline-yonker,https://jcrt.org/religioustheory/posts/the-bell-jars-new-look-sylvia-plath-simone-de-beauvoir-and-the-visual-representation-of-feminist-discourse-madeline-yonker/
the-critique-of-theism-kant-hegel-feuerbach-nietzsche-lecture-2-johannes-zachhuber,https://jcrt.org/religioustheory/posts/the-critique-of-theism-kant-hegel-feuerbach-nietzsche-lecture-2-johannes-zachhuber/
the-curious-whiteheadian-proclivity-in-schelers-account-of-god-and-persons-j-edward-hackett,https://jcrt.org/religioustheory/posts/the-curious-whiteheadian-proclivity-in-schelers-account-of-god-and-persons-j-edward-hackett/
the-curious-whiteheadian-proclivity-in-schelers-account-of-god-and-persons-part-2-j-edward-hackett,https://jcrt.org/religioustheory/posts/the-curious-whiteheadian-proclivity-in-schelers-account-of-god-and-persons-part-2-j-edward-hackett/
the-dangers-of-dealing-with-derrida-revisiting-the-caputo-hagglund-debate-on-the-religious-reading-of-deconstruction-part-1-neal-deroo,https://jcrt.org/religioustheory/posts/the-dangers-of-dealing-with-derrida-revisiting-the-caputo-hagglund-debate-on-the-religious-reading-of-deconstruction-part-1-neal-deroo/
the-dangers-of-dealing-with-derrida-revisiting-the-caputo-hagglund-debate-on-the-religious-reading-of-deconstruction-part-2-neal-deroo,https://jcrt.org/religioustheory/posts/the-dangers-of-dealing-with-derrida-revisiting-the-caputo-hagglund-debate-on-the-religious-reading-of-deconstruction-part-2-neal-deroo/
the-dangers-of-dealing-with-derrida-revisiting-the-caputo-hagglund-debate-on-the-religious-reading-of-deconstruction-part-3-neal-deroo,https://jcrt.org/religioustheory/posts/the-dangers-of-dealing-with-derrida-revisiting-the-caputo-hagglund-debate-on-the-religious-reading-of-deconstruction-part-3-neal-deroo/
the-dialectic-of-divine-presence-and-absence-call-for-contributors-to-special-issue,https://jcrt.org/religioustheory/posts/the-dialectic-of-divine-presence-and-absence-call-for-contributors-to-special-issue/
the-end-of-cognitive-empire-critical-conversations,https://jcrt.org/religioustheory/posts/the-end-of-cognitive-empire-critical-conversations/
the-environmental-ethics-of-pope-francis-parsing-key-terms-and-claims-in-laudato-si-thomas-massaro-s-j,https://jcrt.org/religioustheory/posts/the-environmental-ethics-of-pope-francis-parsing-key-terms-and-claims-in-laudato-si-thomas-massaro-s-j/
the-fracturing-of-world-order-a-series-of-international-and-interdisciplinary-online-mini-conferences-call-for-papers-and-presentations-announcement,https://jcrt.org/religioustheory/posts/the-fracturing-of-world-order-a-series-of-international-and-interdisciplinary-online-mini-conferences-call-for-papers-and-presentations-announcement/
the-futurity-of-god-part-1-lenart-skof,https://jcrt.org/religioustheory/posts/the-futurity-of-god-part-1-lenart-skof/
the-futurity-of-god-part-2-lenart-skof,https://jcrt.org/religioustheory/posts/the-futurity-of-god-part-2-lenart-skof/
the-hollow-christians-of-end-times-fiction-part-1-paul-maltby,https://jcrt.org/religioustheory/posts/the-hollow-christians-of-end-times-fiction-part-1-paul-maltby/
the-hollow-christians-of-end-times-fiction-part-2-paul-maltby,https://jcrt.org/religioustheory/posts/the-hollow-christians-of-end-times-fiction-part-2-paul-maltby/
the-hollow-christians-of-end-times-fiction-part-3-paul-maltby,https://jcrt.org/religioustheory/posts/the-hollow-christians-of-end-times-fiction-part-3-paul-maltby/
the-image-of-god-and-our-vocation-of-the-soil-mike-pope,https://jcrt.org/religioustheory/posts/the-image-of-god-and-our-vocation-of-the-soil-mike-pope/
the-image-of-god-and-our-vocation-of-the-soil-part-2-mick-pope,https://jcrt.org/religioustheory/posts/the-image-of-god-and-our-vocation-of-the-soil-part-2-mick-pope/
the-imagination-in-spinoza-the-moral-good-between-prophecy-and-the-amor-dei-intellectualis-part-1-caterina-de-gaetano,https://jcrt.org/religioustheory/posts/the-imagination-in-spinoza-the-moral-good-between-prophecy-and-the-amor-dei-intellectualis-part-1-caterina-de-gaetano/
the-imagination-in-spinoza-the-moral-good-between-prophecy-and-the-amor-dei-intellectualis-part-2-caterina-de-gaetano,https://jcrt.org/religioustheory/posts/the-imagination-in-spinoza-the-moral-good-between-prophecy-and-the-amor-dei-intellectualis-part-2-caterina-de-gaetano/
the-irreducible-jean-luc-marion,https://jcrt.org/religioustheory/posts/the-irreducible-jean-luc-marion/
the-kingdom-the-power-the-glory-and-the-tawdry-media-and-the-undoing-of-the-demos-part-1-carl-raschke,https://jcrt.org/religioustheory/posts/the-kingdom-the-power-the-glory-and-the-tawdry-media-and-the-undoing-of-the-demos-part-1-carl-raschke/
the-kingdom-the-power-the-glory-and-the-tawdry-media-and-the-undoing-of-the-demos-part-2-carl-raschke,https://jcrt.org/religioustheory/posts/the-kingdom-the-power-the-glory-and-the-tawdry-media-and-the-undoing-of-the-demos-part-2-carl-raschke/
the-kingdom-the-power-the-glory-and-the-tawdry-media-and-the-undoing-of-the-demos-part-3-carl-raschke,https://jcrt.org/religioustheory/posts/the-kingdom-the-power-the-glory-and-the-tawdry-media-and-the-undoing-of-the-demos-part-3-carl-raschke/
the-legacy-of-charles-h-long-resisting-and-short-circuiting-the-discourses-of-exclusion-in-the-theory-and-practice-of-administration-victor-e-taylor,https://jcrt.org/religioustheory/posts/the-legacy-of-charles-h-long-resisting-and-short-circuiting-the-discourses-of-exclusion-in-the-theory-and-practice-of-administration-victor-e-taylor/
the-mythology-of-afterlife-beliefs-and-their-impact-on-religious-conflict-part-1-brigid-burke,https://jcrt.org/religioustheory/posts/the-mythology-of-afterlife-beliefs-and-their-impact-on-religious-conflict-part-1-brigid-burke/
the-mythology-of-afterlife-beliefs-and-their-impact-on-religious-conflict-part-2-brigid-burke,https://jcrt.org/religioustheory/posts/the-mythology-of-afterlife-beliefs-and-their-impact-on-religious-conflict-part-2-brigid-burke/
the-new-hegel-and-the-question-of-god-part-1-gavin-hyman,https://jcrt.org/religioustheory/posts/the-new-hegel-and-the-question-of-god-part-1-gavin-hyman/
the-new-hegel-and-the-question-of-god-part-2-gavin-hyman,https://jcrt.org/religioustheory/posts/the-new-hegel-and-the-question-of-god-part-2-gavin-hyman/
the-new-hegel-and-the-question-of-god-part-3-gavin-hyman,https://jcrt.org/religioustheory/posts/the-new-hegel-and-the-question-of-god-part-3-gavin-hyman/
the-one-is-not-on-the-fate-of-unity-in-post-metaphysical-philosophy-jussi-backman,https://jcrt.org/religioustheory/posts/the-one-is-not-on-the-fate-of-unity-in-post-metaphysical-philosophy-jussi-backman/
the-place-of-das-ding-psychoanalysis-phenomenology-religion-part-1-john-panteleimon-manoussakis,https://jcrt.org/religioustheory/posts/the-place-of-das-ding-psychoanalysis-phenomenology-religion-part-1-john-panteleimon-manoussakis/
the-place-of-das-ding-psychoanalysis-phenomenology-religion-part-2-john-panteleimon-manoussakis,https://jcrt.org/religioustheory/posts/the-place-of-das-ding-psychoanalysis-phenomenology-religion-part-2-john-panteleimon-manoussakis/
the-re-enchantment-of-bodies-the-transformative-power-of-charismatic-healings-part-1-anna-magnasco,https://jcrt.org/religioustheory/posts/the-re-enchantment-of-bodies-the-transformative-power-of-charismatic-healings-part-1-anna-magnasco/
the-re-enchantment-of-bodies-the-transformative-power-of-charismatic-healings-part-2-anna-magnasco,https://jcrt.org/religioustheory/posts/the-re-enchantment-of-bodies-the-transformative-power-of-charismatic-healings-part-2-anna-magnasco/
the-religious-roots-of-environmental-justice-an-online-conference,https://jcrt.org/religioustheory/posts/the-religious-roots-of-environmental-justice-an-online-conference/
the-religious-roots-of-environmental-justice-call-for-papers-or-presentations-conference,https://jcrt.org/religioustheory/posts/the-religious-roots-of-environmental-justice-call-for-papers-or-presentations-conference/
the-religious-significance-of-miracles-why-humes-critique-is-superfluous-part-2-alberto-urquidez,https://jcrt.org/religioustheory/posts/the-religious-significance-of-miracles-why-humes-critique-is-superfluous-part-2-alberto-urquidez/
the-religious-significance-of-miracles-why-humes-critique-is-superfluous-part-3-alberto-urquidez,https://jcrt.org/religioustheory/posts/the-religious-significance-of-miracles-why-humes-critique-is-superfluous-part-3-alberto-urquidez/
the-religious-significance-of-miracles-why-humes-critique-is-superfluous,https://jcrt.org/religioustheory/posts/the-religious-significance-of-miracles-why-humes-critique-is-superfluous/
the-reluctant-fundamentalist-and-the-inhospitable-state-abrahamic-hospitality-and-the-limits-of-multiculturalism-emily-mcavan,https://jcrt.org/religioustheory/posts/the-reluctant-fundamentalist-and-the-inhospitable-state-abrahamic-hospitality-and-the-limits-of-multiculturalism-emily-mcavan/
the-reluctant-fundamentalist-and-the-inhospitable-state-abrahamic-hospitality-and-the-limits-of-multiculturalism-part-2-emily-mcavan,https://jcrt.org/religioustheory/posts/the-reluctant-fundamentalist-and-the-inhospitable-state-abrahamic-hospitality-and-the-limits-of-multiculturalism-part-2-emily-mcavan/
the-sacred-as-bordering-practice-part-1-anna-maria-edlinger,https://jcrt.org/religioustheory/posts/the-sacred-as-bordering-practice-part-1-anna-maria-edlinger/
the-sacred-as-bordering-practice-part-2-anna-maria-edlinger,https://jcrt.org/religioustheory/posts/the-sacred-as-bordering-practice-part-2-anna-maria-edlinger/
the-secularizing-ethos-and-the-end-of-biblical-authority-how-todays-evangelicals-abandoned-evangelicalism,https://jcrt.org/religioustheory/posts/the-secularizing-ethos-and-the-end-of-biblical-authority-how-todays-evangelicals-abandoned-evangelicalism/
the-semiotics-of-the-unconscious-in-gilles-deleuze-and-roland-barthes-part-2-roger-green,https://jcrt.org/religioustheory/posts/the-semiotics-of-the-unconscious-in-gilles-deleuze-and-roland-barthes-part-2-roger-green/
the-semiotics-of-the-unconscious-in-gilles-deleuze-and-roland-barthes-roger-green,https://jcrt.org/religioustheory/posts/the-semiotics-of-the-unconscious-in-gilles-deleuze-and-roland-barthes-roger-green/
the-ultimate-and-the-penultimate-bonhoeffers-twofold-contextualism-in-adjudicating-competing-ethical-claims-part-1-w-travis-mcmaken,https://jcrt.org/religioustheory/posts/the-ultimate-and-the-penultimate-bonhoeffers-twofold-contextualism-in-adjudicating-competing-ethical-claims-part-1-w-travis-mcmaken/
the-ultimate-and-the-penultimate-bonhoeffers-twofold-contextualism-in-adjudicating-competing-ethical-claims-part-2-w-travis-mcmaken,https://jcrt.org/religioustheory/posts/the-ultimate-and-the-penultimate-bonhoeffers-twofold-contextualism-in-adjudicating-competing-ethical-claims-part-2-w-travis-mcmaken/
the-unbroken-middle-overcoming-the-empty-sacrifices-of-modernity-with-gillian-rose-and-paul-michael-c-raubach,https://jcrt.org/religioustheory/posts/the-unbroken-middle-overcoming-the-empty-sacrifices-of-modernity-with-gillian-rose-and-paul-michael-c-raubach/
the-unbroken-middle-overcoming-the-empty-sacrifices-of-modernity-with-gillian-rose-and-paul-part-2-michael-c-raubach,https://jcrt.org/religioustheory/posts/the-unbroken-middle-overcoming-the-empty-sacrifices-of-modernity-with-gillian-rose-and-paul-part-2-michael-c-raubach/
the-vertical-form-iconological-dimension-in-20th-century-russian-religious-aesthetics-and-literary-criticism-part-i-oleg-komkov,https://jcrt.org/religioustheory/posts/the-vertical-form-iconological-dimension-in-20th-century-russian-religious-aesthetics-and-literary-criticism-part-i-oleg-komkov/
the-vertical-form-iconological-dimension-in-20th-century-russian-religious-aesthetics-and-literary-criticism-part-ii-oleg-komkov,https://jcrt.org/religioustheory/posts/the-vertical-form-iconological-dimension-in-20th-century-russian-religious-aesthetics-and-literary-criticism-part-ii-oleg-komkov/
theodicy-of-money-the-scene-and-subject-of-forgiveness,https://jcrt.org/religioustheory/posts/theodicy-of-money-the-scene-and-subject-of-forgiveness/
thinking-about-god-in-a-pluralistic-world-the-challenge-of-modern-theology-lecture-1-johannes-zuchaber,https://jcrt.org/religioustheory/posts/thinking-about-god-in-a-pluralistic-world-the-challenge-of-modern-theology-lecture-1-johannes-zuchaber/
thomas-aquinass-body-soul-dualism-and-the-hierarchy-of-human-dignity-in-brazil-theological-origins-of-a-nations-hierarchical-self-understanding-part-1-vinicius-marinho,https://jcrt.org/religioustheory/posts/thomas-aquinass-body-soul-dualism-and-the-hierarchy-of-human-dignity-in-brazil-theological-origins-of-a-nations-hierarchical-self-understanding-part-1-vinicius-marinho/
thomas-aquinass-body-soul-dualism-and-the-hierarchy-of-human-dignity-in-brazil-theological-origins-of-a-nations-self-understanding-part-2-vinicius-marinho,https://jcrt.org/religioustheory/posts/thomas-aquinass-body-soul-dualism-and-the-hierarchy-of-human-dignity-in-brazil-theological-origins-of-a-nations-self-understanding-part-2-vinicius-marinho/
thomas-aquinass-body-soul-dualism-and-the-hierarchy-of-human-dignity-in-brazil-theological-origins-of-a-nations-self-understanding-part-3-vinicius-marinho,https://jcrt.org/religioustheory/posts/thomas-aquinass-body-soul-dualism-and-the-hierarchy-of-human-dignity-in-brazil-theological-origins-of-a-nations-self-understanding-part-3-vinicius-marinho/
time-emptied-and-time-renewed-the-dominion-of-capital-and-a-theo-politics-of-contretemps-part-1-daniel-rhodes,https://jcrt.org/religioustheory/posts/time-emptied-and-time-renewed-the-dominion-of-capital-and-a-theo-politics-of-contretemps-part-1-daniel-rhodes/
time-emptied-and-time-renewed-the-dominion-of-capital-and-a-theo-politics-of-contretemps-part-2-daniel-rhodes,https://jcrt.org/religioustheory/posts/time-emptied-and-time-renewed-the-dominion-of-capital-and-a-theo-politics-of-contretemps-part-2-daniel-rhodes/
time-emptied-and-time-renewed-the-dominion-of-capital-and-a-theo-politics-of-contretemps-part-3-daniel-rhodes,https://jcrt.org/religioustheory/posts/time-emptied-and-time-renewed-the-dominion-of-capital-and-a-theo-politics-of-contretemps-part-3-daniel-rhodes/
to-not-lose-sight-of-the-good-notes-on-the-zapatismo-ethic-part-1-matt-rosen,https://jcrt.org/religioustheory/posts/to-not-lose-sight-of-the-good-notes-on-the-zapatismo-ethic-part-1-matt-rosen/
to-not-lose-sight-of-the-good-notes-on-the-zapatismo-ethic-part-2-matt-rosen,https://jcrt.org/religioustheory/posts/to-not-lose-sight-of-the-good-notes-on-the-zapatismo-ethic-part-2-matt-rosen/
towards-a-new-comparative-methodology-in-religious-studies-kara-roberts,https://jcrt.org/religioustheory/posts/towards-a-new-comparative-methodology-in-religious-studies-kara-roberts/
transmodern-sufism-or-stepping-with-levinas-on-the-footprints-of-a-speculative-sufism-not-re-framed-by-20th-century-orientalists-part-1-philipp-valentini,https://jcrt.org/religioustheory/posts/transmodern-sufism-or-stepping-with-levinas-on-the-footprints-of-a-speculative-sufism-not-re-framed-by-20th-century-orientalists-part-1-philipp-valentini/
transmodern-sufism-or-stepping-with-levinas-on-the-footprints-of-a-speculative-sufism-not-re-framed-by-20th-century-orientalists-part-2-philipp-valentini,https://jcrt.org/religioustheory/posts/transmodern-sufism-or-stepping-with-levinas-on-the-footprints-of-a-speculative-sufism-not-re-framed-by-20th-century-orientalists-part-2-philipp-valentini/
trauma-in-emmanuel-levinas-writing-body-part-1-magdalena-sedmak,https://jcrt.org/religioustheory/posts/trauma-in-emmanuel-levinas-writing-body-part-1-magdalena-sedmak/
trauma-in-emmanuel-levinas-writing-body-part-2-magdalena-sedmak,https://jcrt.org/religioustheory/posts/trauma-in-emmanuel-levinas-writing-body-part-2-magdalena-sedmak/
traversing-religious-and-aesthetic-states-in-w-h-audens-for-the-time-being-part-1-raji-singh-soni,https://jcrt.org/religioustheory/posts/traversing-religious-and-aesthetic-states-in-w-h-audens-for-the-time-being-part-1-raji-singh-soni/
traversing-w-h-audens-religious-and-aesthetic-states-part-2-raji-singh-soni,https://jcrt.org/religioustheory/posts/traversing-w-h-audens-religious-and-aesthetic-states-part-2-raji-singh-soni/
traversing-w-h-audens-religious-and-aesthetic-states-part-3-raji-singh-soni,https://jcrt.org/religioustheory/posts/traversing-w-h-audens-religious-and-aesthetic-states-part-3-raji-singh-soni/
truth-and-irony-beyond-binary-patterns-in-theological-reasoning-part-1-florian-klug,https://jcrt.org/religioustheory/posts/truth-and-irony-beyond-binary-patterns-in-theological-reasoning-part-1-florian-klug/
truth-and-irony-beyond-binary-patterns-in-theological-reasoning-part-2-florian-klug,https://jcrt.org/religioustheory/posts/truth-and-irony-beyond-binary-patterns-in-theological-reasoning-part-2-florian-klug/
truth-and-irony-beyond-binary-patterns-in-theological-reasoning-part-3-florian-klug,https://jcrt.org/religioustheory/posts/truth-and-irony-beyond-binary-patterns-in-theological-reasoning-part-3-florian-klug/
tsimtsum-in-life-of-pi-part-1-daniel-reiser,https://jcrt.org/religioustheory/posts/tsimtsum-in-life-of-pi-part-1-daniel-reiser/
tsimtsum-in-life-of-pi-part-2-daniel-reiser,https://jcrt.org/religioustheory/posts/tsimtsum-in-life-of-pi-part-2-daniel-reiser/
tsimtsum-in-life-of-pi-part-3-daniel-reiser,https://jcrt.org/religioustheory/posts/tsimtsum-in-life-of-pi-part-3-daniel-reiser/
tsimtsum-in-life-of-pi-part-4-daniel-reiser,https://jcrt.org/religioustheory/posts/tsimtsum-in-life-of-pi-part-4-daniel-reiser/
untimely-meditations-on-techno-theology-and-theo-poetics-part-1-john-panteleimon-manoussakis,https://jcrt.org/religioustheory/posts/untimely-meditations-on-techno-theology-and-theo-poetics-part-1-john-panteleimon-manoussakis/
untimely-meditations-on-techno-theology-and-theo-poetics-part-2-john-panteleimon-manoussakis,https://jcrt.org/religioustheory/posts/untimely-meditations-on-techno-theology-and-theo-poetics-part-2-john-panteleimon-manoussakis/
upcoming-conferences-call-for-papers,https://jcrt.org/religioustheory/posts/upcoming-conferences-call-for-papers/
what-black-disabled-bodies-can-teach-us-about-environmental-justice-robert-monson,https://jcrt.org/religioustheory/posts/what-black-disabled-bodies-can-teach-us-about-environmental-justice-robert-monson/
what-do-we-mean-by-decoloniality-a-conversation,https://jcrt.org/religioustheory/posts/what-do-we-mean-by-decoloniality-a-conversation/
what-do-we-mean-by-decoloniality-a-discussion-part-2,https://jcrt.org/religioustheory/posts/what-do-we-mean-by-decoloniality-a-discussion-part-2/
what-exactly-is-postmodernism-and-how-did-it-change-the-landscape-of-religious-studies-part-1-carl-raschke,https://jcrt.org/religioustheory/posts/what-exactly-is-postmodernism-and-how-did-it-change-the-landscape-of-religious-studies-part-1-carl-raschke/
what-exactly-is-postmodernism-and-how-did-it-change-the-landscape-of-religious-studies-part-2-carl-raschke,https://jcrt.org/religioustheory/posts/what-exactly-is-postmodernism-and-how-did-it-change-the-landscape-of-religious-studies-part-2-carl-raschke/
what-is-a-dispositif-part-1,https://jcrt.org/religioustheory/posts/what-is-a-dispositif-part-1/
what-is-a-dispositif-part-2,https://jcrt.org/religioustheory/posts/what-is-a-dispositif-part-2/
sitemap.xml,https://jcrt.org/religioustheory/sitemap.xml
tags,https://jcrt.org/religioustheory/tags/
2008-election,https://jcrt.org/religioustheory/tags/2008-election/
2011-egyptian-revolution,https://jcrt.org/religioustheory/tags/2011-egyptian-revolution/
abnegation,https://jcrt.org/religioustheory/tags/abnegation/
abortion,https://jcrt.org/religioustheory/tags/abortion/
abrahamic,https://jcrt.org/religioustheory/tags/abrahamic/
absence,https://jcrt.org/religioustheory/tags/absence/
abstinence,https://jcrt.org/religioustheory/tags/abstinence/
academic,https://jcrt.org/religioustheory/tags/academic/
accumulation,https://jcrt.org/religioustheory/tags/accumulation/
action,https://jcrt.org/religioustheory/tags/action/
administration,https://jcrt.org/religioustheory/tags/administration/
aesthetic,https://jcrt.org/religioustheory/tags/aesthetic/
aesthetics,https://jcrt.org/religioustheory/tags/aesthetics/
affective,https://jcrt.org/religioustheory/tags/affective/
agamben,https://jcrt.org/religioustheory/tags/agamben/
agata-bielik-robson,https://jcrt.org/religioustheory/tags/agata-bielik-robson/
agricultural,https://jcrt.org/religioustheory/tags/agricultural/
alain-badiou,https://jcrt.org/religioustheory/tags/alain-badiou/
alternative,https://jcrt.org/religioustheory/tags/alternative/
american-empire,https://jcrt.org/religioustheory/tags/american-empire/
ancient,https://jcrt.org/religioustheory/tags/ancient/
animal,https://jcrt.org/religioustheory/tags/animal/
annual,https://jcrt.org/religioustheory/tags/annual/
anthology,https://jcrt.org/religioustheory/tags/anthology/
anthropology,https://jcrt.org/religioustheory/tags/anthropology/
antisemitism,https://jcrt.org/religioustheory/tags/antisemitism/
apophatics,https://jcrt.org/religioustheory/tags/apophatics/
aporetic,https://jcrt.org/religioustheory/tags/aporetic/
argument,https://jcrt.org/religioustheory/tags/argument/
asceticism,https://jcrt.org/religioustheory/tags/asceticism/
ascription,https://jcrt.org/religioustheory/tags/ascription/
atheism,https://jcrt.org/religioustheory/tags/atheism/
atonement,https://jcrt.org/religioustheory/tags/atonement/
authenticity,https://jcrt.org/religioustheory/tags/authenticity/
authority,https://jcrt.org/religioustheory/tags/authority/
balance,https://jcrt.org/religioustheory/tags/balance/
baptism,https://jcrt.org/religioustheory/tags/baptism/
barack-obama,https://jcrt.org/religioustheory/tags/barack-obama/
berlant,https://jcrt.org/religioustheory/tags/berlant/
bernie-madoff,https://jcrt.org/religioustheory/tags/bernie-madoff/
biblical,https://jcrt.org/religioustheory/tags/biblical/
binary,https://jcrt.org/religioustheory/tags/binary/
bioethical,https://jcrt.org/religioustheory/tags/bioethical/
biological,https://jcrt.org/religioustheory/tags/biological/
biopolitical,https://jcrt.org/religioustheory/tags/biopolitical/
biopolitics,https://jcrt.org/religioustheory/tags/biopolitics/
blackness,https://jcrt.org/religioustheory/tags/blackness/
blogging,https://jcrt.org/religioustheory/tags/blogging/
buddhism,https://jcrt.org/religioustheory/tags/buddhism/
business,https://jcrt.org/religioustheory/tags/business/
cairo-speech,https://jcrt.org/religioustheory/tags/cairo-speech/
capital,https://jcrt.org/religioustheory/tags/capital/
capitalism,https://jcrt.org/religioustheory/tags/capitalism/
cardinal,https://jcrt.org/religioustheory/tags/cardinal/
category,https://jcrt.org/religioustheory/tags/category/
catholic,https://jcrt.org/religioustheory/tags/catholic/
catholicism,https://jcrt.org/religioustheory/tags/catholicism/
characteristics,https://jcrt.org/religioustheory/tags/characteristics/
charismatic,https://jcrt.org/religioustheory/tags/charismatic/
charity,https://jcrt.org/religioustheory/tags/charity/
christianity,https://jcrt.org/religioustheory/tags/christianity/
christological,https://jcrt.org/religioustheory/tags/christological/
christology,https://jcrt.org/religioustheory/tags/christology/
church-and-state,https://jcrt.org/religioustheory/tags/church-and-state/
citizenship,https://jcrt.org/religioustheory/tags/citizenship/
city,https://jcrt.org/religioustheory/tags/city/
classical,https://jcrt.org/religioustheory/tags/classical/
clayton-crockett,https://jcrt.org/religioustheory/tags/clayton-crockett/
clinical,https://jcrt.org/religioustheory/tags/clinical/
cognitive,https://jcrt.org/religioustheory/tags/cognitive/
collection,https://jcrt.org/religioustheory/tags/collection/
collective,https://jcrt.org/religioustheory/tags/collective/
colonial,https://jcrt.org/religioustheory/tags/colonial/
colonialism,https://jcrt.org/religioustheory/tags/colonialism/
coloniality,https://jcrt.org/religioustheory/tags/coloniality/
colonization,https://jcrt.org/religioustheory/tags/colonization/
commentary,https://jcrt.org/religioustheory/tags/commentary/
communal,https://jcrt.org/religioustheory/tags/communal/
communism,https://jcrt.org/religioustheory/tags/communism/
community,https://jcrt.org/religioustheory/tags/community/
comparative,https://jcrt.org/religioustheory/tags/comparative/
component,https://jcrt.org/religioustheory/tags/component/
composition,https://jcrt.org/religioustheory/tags/composition/
conception-of-reality,https://jcrt.org/religioustheory/tags/conception-of-reality/
conception,https://jcrt.org/religioustheory/tags/conception/
condition,https://jcrt.org/religioustheory/tags/condition/
confession,https://jcrt.org/religioustheory/tags/confession/
confrontation,https://jcrt.org/religioustheory/tags/confrontation/
consciousness,https://jcrt.org/religioustheory/tags/consciousness/
constitutional,https://jcrt.org/religioustheory/tags/constitutional/
constructive-theology,https://jcrt.org/religioustheory/tags/constructive-theology/
consumerism,https://jcrt.org/religioustheory/tags/consumerism/
consumption,https://jcrt.org/religioustheory/tags/consumption/
contemplation,https://jcrt.org/religioustheory/tags/contemplation/
contemplative,https://jcrt.org/religioustheory/tags/contemplative/
contemporary,https://jcrt.org/religioustheory/tags/contemporary/
contextualism,https://jcrt.org/religioustheory/tags/contextualism/
continental-theology,https://jcrt.org/religioustheory/tags/continental-theology/
continental,https://jcrt.org/religioustheory/tags/continental/
contribution,https://jcrt.org/religioustheory/tags/contribution/
conversation,https://jcrt.org/religioustheory/tags/conversation/
conversion,https://jcrt.org/religioustheory/tags/conversion/
corporate-failure,https://jcrt.org/religioustheory/tags/corporate-failure/
corporate-university,https://jcrt.org/religioustheory/tags/corporate-university/
corporation,https://jcrt.org/religioustheory/tags/corporation/
correlation,https://jcrt.org/religioustheory/tags/correlation/
cosmic,https://jcrt.org/religioustheory/tags/cosmic/
counterinsurgency,https://jcrt.org/religioustheory/tags/counterinsurgency/
creation,https://jcrt.org/religioustheory/tags/creation/
crisis,https://jcrt.org/religioustheory/tags/crisis/
critical,https://jcrt.org/religioustheory/tags/critical/
critique,https://jcrt.org/religioustheory/tags/critique/
cultural-theory,https://jcrt.org/religioustheory/tags/cultural-theory/
cultural,https://jcrt.org/religioustheory/tags/cultural/
dance,https://jcrt.org/religioustheory/tags/dance/
darkness,https://jcrt.org/religioustheory/tags/darkness/
debt,https://jcrt.org/religioustheory/tags/debt/
decision,https://jcrt.org/religioustheory/tags/decision/
declaration,https://jcrt.org/religioustheory/tags/declaration/
decolonial,https://jcrt.org/religioustheory/tags/decolonial/
decoloniality,https://jcrt.org/religioustheory/tags/decoloniality/
decolonization,https://jcrt.org/religioustheory/tags/decolonization/
deconstruction,https://jcrt.org/religioustheory/tags/deconstruction/
definition,https://jcrt.org/religioustheory/tags/definition/
deity,https://jcrt.org/religioustheory/tags/deity/
democracy,https://jcrt.org/religioustheory/tags/democracy/
democratic,https://jcrt.org/religioustheory/tags/democratic/
demonic,https://jcrt.org/religioustheory/tags/demonic/
denial,https://jcrt.org/religioustheory/tags/denial/
desecularization,https://jcrt.org/religioustheory/tags/desecularization/
desublimation,https://jcrt.org/religioustheory/tags/desublimation/
development,https://jcrt.org/religioustheory/tags/development/
dialectic,https://jcrt.org/religioustheory/tags/dialectic/
dialectical,https://jcrt.org/religioustheory/tags/dialectical/
dialectics,https://jcrt.org/religioustheory/tags/dialectics/
dietary,https://jcrt.org/religioustheory/tags/dietary/
difference,https://jcrt.org/religioustheory/tags/difference/
different,https://jcrt.org/religioustheory/tags/different/
digital,https://jcrt.org/religioustheory/tags/digital/
dignity,https://jcrt.org/religioustheory/tags/dignity/
dimension,https://jcrt.org/religioustheory/tags/dimension/
direction,https://jcrt.org/religioustheory/tags/direction/
dis-enclosure,https://jcrt.org/religioustheory/tags/dis-enclosure/
disability,https://jcrt.org/religioustheory/tags/disability/
discourse,https://jcrt.org/religioustheory/tags/discourse/
discussion,https://jcrt.org/religioustheory/tags/discussion/
disintegration,https://jcrt.org/religioustheory/tags/disintegration/
distinction,https://jcrt.org/religioustheory/tags/distinction/
domination,https://jcrt.org/religioustheory/tags/domination/
ecological,https://jcrt.org/religioustheory/tags/ecological/
ecology,https://jcrt.org/religioustheory/tags/ecology/
economic,https://jcrt.org/religioustheory/tags/economic/
economy,https://jcrt.org/religioustheory/tags/economy/
edition,https://jcrt.org/religioustheory/tags/edition/
editorial,https://jcrt.org/religioustheory/tags/editorial/
education,https://jcrt.org/religioustheory/tags/education/
educational,https://jcrt.org/religioustheory/tags/educational/
egocentricity,https://jcrt.org/religioustheory/tags/egocentricity/
electric,https://jcrt.org/religioustheory/tags/electric/
embodiment,https://jcrt.org/religioustheory/tags/embodiment/
emotional,https://jcrt.org/religioustheory/tags/emotional/
empirical,https://jcrt.org/religioustheory/tags/empirical/
enchantment,https://jcrt.org/religioustheory/tags/enchantment/
enigmatic,https://jcrt.org/religioustheory/tags/enigmatic/
enlightenment,https://jcrt.org/religioustheory/tags/enlightenment/
entertainment,https://jcrt.org/religioustheory/tags/entertainment/
environment,https://jcrt.org/religioustheory/tags/environment/
environmental,https://jcrt.org/religioustheory/tags/environmental/
epistemic,https://jcrt.org/religioustheory/tags/epistemic/
epistemology,https://jcrt.org/religioustheory/tags/epistemology/
eric-gans,https://jcrt.org/religioustheory/tags/eric-gans/
ernesto-laclau,https://jcrt.org/religioustheory/tags/ernesto-laclau/
erotic,https://jcrt.org/religioustheory/tags/erotic/
error,https://jcrt.org/religioustheory/tags/error/
eschatological,https://jcrt.org/religioustheory/tags/eschatological/
eschatology,https://jcrt.org/religioustheory/tags/eschatology/
essence,https://jcrt.org/religioustheory/tags/essence/
ethic,https://jcrt.org/religioustheory/tags/ethic/
ethical,https://jcrt.org/religioustheory/tags/ethical/
ethics,https://jcrt.org/religioustheory/tags/ethics/
ethnic,https://jcrt.org/religioustheory/tags/ethnic/
eurocentric,https://jcrt.org/religioustheory/tags/eurocentric/
evangelical,https://jcrt.org/religioustheory/tags/evangelical/
evangelicalism,https://jcrt.org/religioustheory/tags/evangelicalism/
event,https://jcrt.org/religioustheory/tags/event/
evolution,https://jcrt.org/religioustheory/tags/evolution/
exclusion,https://jcrt.org/religioustheory/tags/exclusion/
existence,https://jcrt.org/religioustheory/tags/existence/
existential,https://jcrt.org/religioustheory/tags/existential/
experience,https://jcrt.org/religioustheory/tags/experience/
expulsion,https://jcrt.org/religioustheory/tags/expulsion/
external,https://jcrt.org/religioustheory/tags/external/
fascism,https://jcrt.org/religioustheory/tags/fascism/
feminist-film-theory,https://jcrt.org/religioustheory/tags/feminist-film-theory/
fetishism,https://jcrt.org/religioustheory/tags/fetishism/
fiction,https://jcrt.org/religioustheory/tags/fiction/
film-criticism,https://jcrt.org/religioustheory/tags/film-criticism/
financial-crisis,https://jcrt.org/religioustheory/tags/financial-crisis/
forgiveness,https://jcrt.org/religioustheory/tags/forgiveness/
fractal,https://jcrt.org/religioustheory/tags/fractal/
france,https://jcrt.org/religioustheory/tags/france/
friedrich-nietzsche,https://jcrt.org/religioustheory/tags/friedrich-nietzsche/
function,https://jcrt.org/religioustheory/tags/function/
fundamental,https://jcrt.org/religioustheory/tags/fundamental/
futility,https://jcrt.org/religioustheory/tags/futility/
genealogy,https://jcrt.org/religioustheory/tags/genealogy/
general,https://jcrt.org/religioustheory/tags/general/
generative-anthropology,https://jcrt.org/religioustheory/tags/generative-anthropology/
generic,https://jcrt.org/religioustheory/tags/generic/
gertrude-stein,https://jcrt.org/religioustheory/tags/gertrude-stein/
give,https://jcrt.org/religioustheory/tags/give/
givenness,https://jcrt.org/religioustheory/tags/givenness/
global,https://jcrt.org/religioustheory/tags/global/
globalization,https://jcrt.org/religioustheory/tags/globalization/
glory,https://jcrt.org/religioustheory/tags/glory/
gothic,https://jcrt.org/religioustheory/tags/gothic/
government,https://jcrt.org/religioustheory/tags/government/
grammatology,https://jcrt.org/religioustheory/tags/grammatology/
gregory,https://jcrt.org/religioustheory/tags/gregory/
guantanamo-bay,https://jcrt.org/religioustheory/tags/guantanamo-bay/
habit,https://jcrt.org/religioustheory/tags/habit/
happiness,https://jcrt.org/religioustheory/tags/happiness/
hasidic,https://jcrt.org/religioustheory/tags/hasidic/
hasidism,https://jcrt.org/religioustheory/tags/hasidism/
hegel,https://jcrt.org/religioustheory/tags/hegel/
hegemony,https://jcrt.org/religioustheory/tags/hegemony/
hence,https://jcrt.org/religioustheory/tags/hence/
hermeneutic,https://jcrt.org/religioustheory/tags/hermeneutic/
hierarchical,https://jcrt.org/religioustheory/tags/hierarchical/
higher-education,https://jcrt.org/religioustheory/tags/higher-education/
hinduism,https://jcrt.org/religioustheory/tags/hinduism/
historical-memory,https://jcrt.org/religioustheory/tags/historical-memory/
historical,https://jcrt.org/religioustheory/tags/historical/
historicism,https://jcrt.org/religioustheory/tags/historicism/
history,https://jcrt.org/religioustheory/tags/history/
holiness,https://jcrt.org/religioustheory/tags/holiness/
holistic,https://jcrt.org/religioustheory/tags/holistic/
homonymy,https://jcrt.org/religioustheory/tags/homonymy/
homosexuality,https://jcrt.org/religioustheory/tags/homosexuality/
hope,https://jcrt.org/religioustheory/tags/hope/
horror-film,https://jcrt.org/religioustheory/tags/horror-film/
hospitality,https://jcrt.org/religioustheory/tags/hospitality/
human-rights,https://jcrt.org/religioustheory/tags/human-rights/
humanity,https://jcrt.org/religioustheory/tags/humanity/
hyperreality,https://jcrt.org/religioustheory/tags/hyperreality/
idealism,https://jcrt.org/religioustheory/tags/idealism/
identity-politics,https://jcrt.org/religioustheory/tags/identity-politics/
identity,https://jcrt.org/religioustheory/tags/identity/
imaginary,https://jcrt.org/religioustheory/tags/imaginary/
imagination,https://jcrt.org/religioustheory/tags/imagination/
imaginative,https://jcrt.org/religioustheory/tags/imaginative/
immanence,https://jcrt.org/religioustheory/tags/immanence/
immanent,https://jcrt.org/religioustheory/tags/immanent/
immigrant,https://jcrt.org/religioustheory/tags/immigrant/
immortality,https://jcrt.org/religioustheory/tags/immortality/
imperatives,https://jcrt.org/religioustheory/tags/imperatives/
important,https://jcrt.org/religioustheory/tags/important/
impossibility,https://jcrt.org/religioustheory/tags/impossibility/
impulsion,https://jcrt.org/religioustheory/tags/impulsion/
inauguration,https://jcrt.org/religioustheory/tags/inauguration/
incompleteness,https://jcrt.org/religioustheory/tags/incompleteness/
indicative-sentence,https://jcrt.org/religioustheory/tags/indicative-sentence/
indigenous,https://jcrt.org/religioustheory/tags/indigenous/
individual,https://jcrt.org/religioustheory/tags/individual/
individuation,https://jcrt.org/religioustheory/tags/individuation/
ineffability,https://jcrt.org/religioustheory/tags/ineffability/
influence,https://jcrt.org/religioustheory/tags/influence/
inheritance,https://jcrt.org/religioustheory/tags/inheritance/
innocence,https://jcrt.org/religioustheory/tags/innocence/
insurrection,https://jcrt.org/religioustheory/tags/insurrection/
intellectual,https://jcrt.org/religioustheory/tags/intellectual/
intensification,https://jcrt.org/religioustheory/tags/intensification/
intensity,https://jcrt.org/religioustheory/tags/intensity/
international-law,https://jcrt.org/religioustheory/tags/international-law/
international,https://jcrt.org/religioustheory/tags/international/
interpretation,https://jcrt.org/religioustheory/tags/interpretation/
intuition,https://jcrt.org/religioustheory/tags/intuition/
invocation,https://jcrt.org/religioustheory/tags/invocation/
inwardness,https://jcrt.org/religioustheory/tags/inwardness/
irreverence,https://jcrt.org/religioustheory/tags/irreverence/
islam-and-the-west,https://jcrt.org/religioustheory/tags/islam-and-the-west/
islamic-law,https://jcrt.org/religioustheory/tags/islamic-law/
islamic,https://jcrt.org/religioustheory/tags/islamic/
jacques-derrida,https://jcrt.org/religioustheory/tags/jacques-derrida/
jcrt-live,https://jcrt.org/religioustheory/tags/jcrt-live/
jcrt,https://jcrt.org/religioustheory/tags/jcrt/
jean-baudrillard,https://jcrt.org/religioustheory/tags/jean-baudrillard/
jean-luc-nancy,https://jcrt.org/religioustheory/tags/jean-luc-nancy/
jouissance,https://jcrt.org/religioustheory/tags/jouissance/
journalism,https://jcrt.org/religioustheory/tags/journalism/
judaism,https://jcrt.org/religioustheory/tags/judaism/
judgment,https://jcrt.org/religioustheory/tags/judgment/
justice,https://jcrt.org/religioustheory/tags/justice/
kabbalistic,https://jcrt.org/religioustheory/tags/kabbalistic/
kant,https://jcrt.org/religioustheory/tags/kant/
kenotic,https://jcrt.org/religioustheory/tags/kenotic/
khalid-sheikh-mohammed,https://jcrt.org/religioustheory/tags/khalid-sheikh-mohammed/
labor,https://jcrt.org/religioustheory/tags/labor/
language,https://jcrt.org/religioustheory/tags/language/
legal,https://jcrt.org/religioustheory/tags/legal/
liberal,https://jcrt.org/religioustheory/tags/liberal/
liberalism,https://jcrt.org/religioustheory/tags/liberalism/
liberation,https://jcrt.org/religioustheory/tags/liberation/
linguistics,https://jcrt.org/religioustheory/tags/linguistics/
literary,https://jcrt.org/religioustheory/tags/literary/
local,https://jcrt.org/religioustheory/tags/local/
logic,https://jcrt.org/religioustheory/tags/logic/
logical,https://jcrt.org/religioustheory/tags/logical/
magic,https://jcrt.org/religioustheory/tags/magic/
magical,https://jcrt.org/religioustheory/tags/magical/
majority,https://jcrt.org/religioustheory/tags/majority/
management,https://jcrt.org/religioustheory/tags/management/
marxism,https://jcrt.org/religioustheory/tags/marxism/
materialism,https://jcrt.org/religioustheory/tags/materialism/
materialist,https://jcrt.org/religioustheory/tags/materialist/
materiality,https://jcrt.org/religioustheory/tags/materiality/
mechanism,https://jcrt.org/religioustheory/tags/mechanism/
mediation,https://jcrt.org/religioustheory/tags/mediation/
medical,https://jcrt.org/religioustheory/tags/medical/
medieval,https://jcrt.org/religioustheory/tags/medieval/
mental,https://jcrt.org/religioustheory/tags/mental/
messianism,https://jcrt.org/religioustheory/tags/messianism/
metaphysical,https://jcrt.org/religioustheory/tags/metaphysical/
metaphysics,https://jcrt.org/religioustheory/tags/metaphysics/
migration,https://jcrt.org/religioustheory/tags/migration/
militant-islam,https://jcrt.org/religioustheory/tags/militant-islam/
military,https://jcrt.org/religioustheory/tags/military/
mimetic-desire,https://jcrt.org/religioustheory/tags/mimetic-desire/
mission,https://jcrt.org/religioustheory/tags/mission/
modality,https://jcrt.org/religioustheory/tags/modality/
modernity,https://jcrt.org/religioustheory/tags/modernity/
moment,https://jcrt.org/religioustheory/tags/moment/
monstrosity,https://jcrt.org/religioustheory/tags/monstrosity/
moral,https://jcrt.org/religioustheory/tags/moral/
morality,https://jcrt.org/religioustheory/tags/morality/
mormonism,https://jcrt.org/religioustheory/tags/mormonism/
mortality,https://jcrt.org/religioustheory/tags/mortality/
motion,https://jcrt.org/religioustheory/tags/motion/
movement,https://jcrt.org/religioustheory/tags/movement/
multiculturalism,https://jcrt.org/religioustheory/tags/multiculturalism/
multiplicity,https://jcrt.org/religioustheory/tags/multiplicity/
music,https://jcrt.org/religioustheory/tags/music/
musical,https://jcrt.org/religioustheory/tags/musical/
mystical,https://jcrt.org/religioustheory/tags/mystical/
mysticism,https://jcrt.org/religioustheory/tags/mysticism/
narrative,https://jcrt.org/religioustheory/tags/narrative/
national,https://jcrt.org/religioustheory/tags/national/
nationalism,https://jcrt.org/religioustheory/tags/nationalism/
native,https://jcrt.org/religioustheory/tags/native/
natural,https://jcrt.org/religioustheory/tags/natural/
necessity,https://jcrt.org/religioustheory/tags/necessity/
negation,https://jcrt.org/religioustheory/tags/negation/
negative,https://jcrt.org/religioustheory/tags/negative/
negativity,https://jcrt.org/religioustheory/tags/negativity/
neoliberal,https://jcrt.org/religioustheory/tags/neoliberal/
neoliberalism,https://jcrt.org/religioustheory/tags/neoliberalism/
neurotheological,https://jcrt.org/religioustheory/tags/neurotheological/
neurotheology,https://jcrt.org/religioustheory/tags/neurotheology/
new-politics,https://jcrt.org/religioustheory/tags/new-politics/
nihilism,https://jcrt.org/religioustheory/tags/nihilism/
nonproductive,https://jcrt.org/religioustheory/tags/nonproductive/
normative,https://jcrt.org/religioustheory/tags/normative/
notion,https://jcrt.org/religioustheory/tags/notion/
nous,https://jcrt.org/religioustheory/tags/nous/
oceanic,https://jcrt.org/religioustheory/tags/oceanic/
ontic,https://jcrt.org/religioustheory/tags/ontic/
ontological,https://jcrt.org/religioustheory/tags/ontological/
ontology,https://jcrt.org/religioustheory/tags/ontology/
operative,https://jcrt.org/religioustheory/tags/operative/
organism,https://jcrt.org/religioustheory/tags/organism/
orientalism,https://jcrt.org/religioustheory/tags/orientalism/
orientation,https://jcrt.org/religioustheory/tags/orientation/
originary-grammar,https://jcrt.org/religioustheory/tags/originary-grammar/
otherness,https://jcrt.org/religioustheory/tags/otherness/
panic,https://jcrt.org/religioustheory/tags/panic/
pastness,https://jcrt.org/religioustheory/tags/pastness/
pathology,https://jcrt.org/religioustheory/tags/pathology/
patient,https://jcrt.org/religioustheory/tags/patient/
pennsylvania,https://jcrt.org/religioustheory/tags/pennsylvania/
pentecostal,https://jcrt.org/religioustheory/tags/pentecostal/
pentecostalism,https://jcrt.org/religioustheory/tags/pentecostalism/
perception,https://jcrt.org/religioustheory/tags/perception/
perceptual,https://jcrt.org/religioustheory/tags/perceptual/
performance,https://jcrt.org/religioustheory/tags/performance/
personal,https://jcrt.org/religioustheory/tags/personal/
personality,https://jcrt.org/religioustheory/tags/personality/
pessimism,https://jcrt.org/religioustheory/tags/pessimism/
phenomenological,https://jcrt.org/religioustheory/tags/phenomenological/
phenomenology,https://jcrt.org/religioustheory/tags/phenomenology/
philosophical,https://jcrt.org/religioustheory/tags/philosophical/
philosophy-of-religion,https://jcrt.org/religioustheory/tags/philosophy-of-religion/
philosophy,https://jcrt.org/religioustheory/tags/philosophy/
plasticity,https://jcrt.org/religioustheory/tags/plasticity/
pluralism,https://jcrt.org/religioustheory/tags/pluralism/
poetic,https://jcrt.org/religioustheory/tags/poetic/
poetics,https://jcrt.org/religioustheory/tags/poetics/
political-aesthetics,https://jcrt.org/religioustheory/tags/political-aesthetics/
political-exchange,https://jcrt.org/religioustheory/tags/political-exchange/
political-irony,https://jcrt.org/religioustheory/tags/political-irony/
political-responsibility,https://jcrt.org/religioustheory/tags/political-responsibility/
political-rhetoric,https://jcrt.org/religioustheory/tags/political-rhetoric/
political-theology,https://jcrt.org/religioustheory/tags/political-theology/
political,https://jcrt.org/religioustheory/tags/political/
politics,https://jcrt.org/religioustheory/tags/politics/
ponzi-scheme,https://jcrt.org/religioustheory/tags/ponzi-scheme/
populism,https://jcrt.org/religioustheory/tags/populism/
porosity,https://jcrt.org/religioustheory/tags/porosity/
position,https://jcrt.org/religioustheory/tags/position/
possibility,https://jcrt.org/religioustheory/tags/possibility/
post-religious,https://jcrt.org/religioustheory/tags/post-religious/
posthumanism,https://jcrt.org/religioustheory/tags/posthumanism/
postmodern-sublime,https://jcrt.org/religioustheory/tags/postmodern-sublime/
postmodernism,https://jcrt.org/religioustheory/tags/postmodernism/
potentiality,https://jcrt.org/religioustheory/tags/potentiality/
pragmatism,https://jcrt.org/religioustheory/tags/pragmatism/
praxis,https://jcrt.org/religioustheory/tags/praxis/
preemption,https://jcrt.org/religioustheory/tags/preemption/
presence,https://jcrt.org/religioustheory/tags/presence/
present,https://jcrt.org/religioustheory/tags/present/
primary,https://jcrt.org/religioustheory/tags/primary/
productive,https://jcrt.org/religioustheory/tags/productive/
progressive,https://jcrt.org/religioustheory/tags/progressive/
propositional,https://jcrt.org/religioustheory/tags/propositional/
psychedelic,https://jcrt.org/religioustheory/tags/psychedelic/
psychoanalysis,https://jcrt.org/religioustheory/tags/psychoanalysis/
psychological,https://jcrt.org/religioustheory/tags/psychological/
public,https://jcrt.org/religioustheory/tags/public/
punishment,https://jcrt.org/religioustheory/tags/punishment/
puritanism,https://jcrt.org/religioustheory/tags/puritanism/
question,https://jcrt.org/religioustheory/tags/question/
rabbinic,https://jcrt.org/religioustheory/tags/rabbinic/
racial,https://jcrt.org/religioustheory/tags/racial/
racism,https://jcrt.org/religioustheory/tags/racism/
radical,https://jcrt.org/religioustheory/tags/radical/
rational,https://jcrt.org/religioustheory/tags/rational/
real,https://jcrt.org/religioustheory/tags/real/
reality,https://jcrt.org/religioustheory/tags/reality/
reciprocity,https://jcrt.org/religioustheory/tags/reciprocity/
recollection,https://jcrt.org/religioustheory/tags/recollection/
redemption,https://jcrt.org/religioustheory/tags/redemption/
reflexive,https://jcrt.org/religioustheory/tags/reflexive/
reification,https://jcrt.org/religioustheory/tags/reification/
relation,https://jcrt.org/religioustheory/tags/relation/
relationship,https://jcrt.org/religioustheory/tags/relationship/
relativism,https://jcrt.org/religioustheory/tags/relativism/
religion-and-politics,https://jcrt.org/religioustheory/tags/religion-and-politics/
religion-without-religion,https://jcrt.org/religioustheory/tags/religion-without-religion/
religion,https://jcrt.org/religioustheory/tags/religion/
religious-theory,https://jcrt.org/religioustheory/tags/religious-theory/
religious,https://jcrt.org/religioustheory/tags/religious/
religioustheory,https://jcrt.org/religioustheory/tags/religioustheory/
reluctant,https://jcrt.org/religioustheory/tags/reluctant/
renaissance,https://jcrt.org/religioustheory/tags/renaissance/
rene-girard,https://jcrt.org/religioustheory/tags/rene-girard/
reorientation,https://jcrt.org/religioustheory/tags/reorientation/
repetition,https://jcrt.org/religioustheory/tags/repetition/
representation,https://jcrt.org/religioustheory/tags/representation/
repression,https://jcrt.org/religioustheory/tags/repression/
republic,https://jcrt.org/religioustheory/tags/republic/
resistance,https://jcrt.org/religioustheory/tags/resistance/
responsibility,https://jcrt.org/religioustheory/tags/responsibility/
resurrection,https://jcrt.org/religioustheory/tags/resurrection/
revelation,https://jcrt.org/religioustheory/tags/revelation/
reversal,https://jcrt.org/religioustheory/tags/reversal/
review,https://jcrt.org/religioustheory/tags/review/
revival,https://jcrt.org/religioustheory/tags/revival/
revolutionary,https://jcrt.org/religioustheory/tags/revolutionary/
rhetoric,https://jcrt.org/religioustheory/tags/rhetoric/
rhetorical,https://jcrt.org/religioustheory/tags/rhetorical/
ritual,https://jcrt.org/religioustheory/tags/ritual/
romantic,https://jcrt.org/religioustheory/tags/romantic/
sacrament,https://jcrt.org/religioustheory/tags/sacrament/
salvation,https://jcrt.org/religioustheory/tags/salvation/
sanctity,https://jcrt.org/religioustheory/tags/sanctity/
sanctuary,https://jcrt.org/religioustheory/tags/sanctuary/
saryal,https://jcrt.org/religioustheory/tags/saryal/
satanic,https://jcrt.org/religioustheory/tags/satanic/
satanism,https://jcrt.org/religioustheory/tags/satanism/
scholarship,https://jcrt.org/religioustheory/tags/scholarship/
science,https://jcrt.org/religioustheory/tags/science/
scriptural,https://jcrt.org/religioustheory/tags/scriptural/
secular,https://jcrt.org/religioustheory/tags/secular/
secularism,https://jcrt.org/religioustheory/tags/secularism/
secularization,https://jcrt.org/religioustheory/tags/secularization/
segal,https://jcrt.org/religioustheory/tags/segal/
semiology,https://jcrt.org/religioustheory/tags/semiology/
semiotics,https://jcrt.org/religioustheory/tags/semiotics/
sentence-forms,https://jcrt.org/religioustheory/tags/sentence-forms/
sexual,https://jcrt.org/religioustheory/tags/sexual/
sexuality,https://jcrt.org/religioustheory/tags/sexuality/
significance,https://jcrt.org/religioustheory/tags/significance/
slavoj-zizek,https://jcrt.org/religioustheory/tags/slavoj-zizek/
social,https://jcrt.org/religioustheory/tags/social/
somatics,https://jcrt.org/religioustheory/tags/somatics/
sovereignty,https://jcrt.org/religioustheory/tags/sovereignty/
special,https://jcrt.org/religioustheory/tags/special/
specific,https://jcrt.org/religioustheory/tags/specific/
spectral,https://jcrt.org/religioustheory/tags/spectral/
spectrality,https://jcrt.org/religioustheory/tags/spectrality/
spiritual,https://jcrt.org/religioustheory/tags/spiritual/
spirituality,https://jcrt.org/religioustheory/tags/spirituality/
statement,https://jcrt.org/religioustheory/tags/statement/
story,https://jcrt.org/religioustheory/tags/story/
subalternity,https://jcrt.org/religioustheory/tags/subalternity/
subject,https://jcrt.org/religioustheory/tags/subject/
subjectivity,https://jcrt.org/religioustheory/tags/subjectivity/
submission,https://jcrt.org/religioustheory/tags/submission/
sufism,https://jcrt.org/religioustheory/tags/sufism/
supernatural,https://jcrt.org/religioustheory/tags/supernatural/
superstition,https://jcrt.org/religioustheory/tags/superstition/
supplement,https://jcrt.org/religioustheory/tags/supplement/
surrealism,https://jcrt.org/religioustheory/tags/surrealism/
symbolic,https://jcrt.org/religioustheory/tags/symbolic/
tactics,https://jcrt.org/religioustheory/tags/tactics/
technological,https://jcrt.org/religioustheory/tags/technological/
technology,https://jcrt.org/religioustheory/tags/technology/
territory,https://jcrt.org/religioustheory/tags/territory/
tertiary,https://jcrt.org/religioustheory/tags/tertiary/
textual,https://jcrt.org/religioustheory/tags/textual/
the-descent,https://jcrt.org/religioustheory/tags/the-descent/
theism,https://jcrt.org/religioustheory/tags/theism/
theological,https://jcrt.org/religioustheory/tags/theological/
theology,https://jcrt.org/religioustheory/tags/theology/
theopoetics,https://jcrt.org/religioustheory/tags/theopoetics/
theory,https://jcrt.org/religioustheory/tags/theory/
therapeutic,https://jcrt.org/religioustheory/tags/therapeutic/
tolerance,https://jcrt.org/religioustheory/tags/tolerance/
totality,https://jcrt.org/religioustheory/tags/totality/
tradition,https://jcrt.org/religioustheory/tags/tradition/
traditional,https://jcrt.org/religioustheory/tags/traditional/
transcendence,https://jcrt.org/religioustheory/tags/transcendence/
transcendental,https://jcrt.org/religioustheory/tags/transcendental/
transfiguration,https://jcrt.org/religioustheory/tags/transfiguration/
transnational,https://jcrt.org/religioustheory/tags/transnational/
trauma,https://jcrt.org/religioustheory/tags/trauma/
trial,https://jcrt.org/religioustheory/tags/trial/
trinity,https://jcrt.org/religioustheory/tags/trinity/
twilight,https://jcrt.org/religioustheory/tags/twilight/
un-essence,https://jcrt.org/religioustheory/tags/un-essence/
unconditional,https://jcrt.org/religioustheory/tags/unconditional/
unconscious,https://jcrt.org/religioustheory/tags/unconscious/
uncritical,https://jcrt.org/religioustheory/tags/uncritical/
unity,https://jcrt.org/religioustheory/tags/unity/
universal,https://jcrt.org/religioustheory/tags/universal/
universalism,https://jcrt.org/religioustheory/tags/universalism/
vampire-fiction,https://jcrt.org/religioustheory/tags/vampire-fiction/
vegetal,https://jcrt.org/religioustheory/tags/vegetal/
victory,https://jcrt.org/religioustheory/tags/victory/
violence,https://jcrt.org/religioustheory/tags/violence/
visual,https://jcrt.org/religioustheory/tags/visual/
vocation,https://jcrt.org/religioustheory/tags/vocation/
want,https://jcrt.org/religioustheory/tags/want/
weakness,https://jcrt.org/religioustheory/tags/weakness/
wilderness,https://jcrt.org/religioustheory/tags/wilderness/
worship,https://jcrt.org/religioustheory/tags/worship/
youth-politics,https://jcrt.org/religioustheory/tags/youth-politics/
zombie-cinema,https://jcrt.org/religioustheory/tags/zombie-cinema/
search,https://jcrt.org/search/
sitemap.xml,https://jcrt.org/sitemap.xml
crockett.xml,https://jcrt.org/sitemaps/archive/01.1/crockett.xml
kavka.xml,https://jcrt.org/sitemaps/archive/01.1/kavka.xml
lambert.xml,https://jcrt.org/sitemaps/archive/01.1/lambert.xml
lee.xml,https://jcrt.org/sitemaps/archive/01.1/lee.xml
raschke.xml,https://jcrt.org/sitemaps/archive/01.1/raschke.xml
reinhard_lupton.xml,https://jcrt.org/sitemaps/archive/01.1/reinhard_lupton.xml
vahanian.xml,https://jcrt.org/sitemaps/archive/01.1/vahanian.xml
winquist.xml,https://jcrt.org/sitemaps/archive/01.1/winquist.xml
young.xml,https://jcrt.org/sitemaps/archive/01.1/young.xml
adcock.xml,https://jcrt.org/sitemaps/archive/01.2/adcock.xml
canning.xml,https://jcrt.org/sitemaps/archive/01.2/canning.xml
long.xml,https://jcrt.org/sitemaps/archive/01.2/long.xml
lorentzen.xml,https://jcrt.org/sitemaps/archive/01.2/lorentzen.xml
nvahanian.xml,https://jcrt.org/sitemaps/archive/01.2/nvahanian.xml
ruf.xml,https://jcrt.org/sitemaps/archive/01.2/ruf.xml
smith.xml,https://jcrt.org/sitemaps/archive/01.2/smith.xml
taylor.xml,https://jcrt.org/sitemaps/archive/01.2/taylor.xml
wyschogrod_raschke.xml,https://jcrt.org/sitemaps/archive/01.2/wyschogrod_raschke.xml
caputo.xml,https://jcrt.org/sitemaps/archive/01.3/caputo.xml
carpenter.xml,https://jcrt.org/sitemaps/archive/01.3/carpenter.xml
crockett.xml,https://jcrt.org/sitemaps/archive/01.3/crockett.xml
dicenso.xml,https://jcrt.org/sitemaps/archive/01.3/dicenso.xml
game.xml,https://jcrt.org/sitemaps/archive/01.3/game.xml
kosky.xml,https://jcrt.org/sitemaps/archive/01.3/kosky.xml
metcalfe.xml,https://jcrt.org/sitemaps/archive/01.3/metcalfe.xml
richard.xml,https://jcrt.org/sitemaps/archive/01.3/richard.xml
strysick.xml,https://jcrt.org/sitemaps/archive/01.3/strysick.xml
weiss.xml,https://jcrt.org/sitemaps/archive/01.3/weiss.xml
halpern.xml,https://jcrt.org/sitemaps/archive/02.1/halpern.xml
lambert.xml,https://jcrt.org/sitemaps/archive/02.1/lambert.xml
lupton.xml,https://jcrt.org/sitemaps/archive/02.1/lupton.xml
ochs.xml,https://jcrt.org/sitemaps/archive/02.1/ochs.xml
raschke.xml,https://jcrt.org/sitemaps/archive/02.1/raschke.xml
reinhard_lupton.xml,https://jcrt.org/sitemaps/archive/02.1/reinhard_lupton.xml
sugimoto.xml,https://jcrt.org/sitemaps/archive/02.1/sugimoto.xml
taylor.xml,https://jcrt.org/sitemaps/archive/02.1/taylor.xml
altizer.xml,https://jcrt.org/sitemaps/archive/02.2/altizer.xml
arnold.xml,https://jcrt.org/sitemaps/archive/02.2/arnold.xml
elias.xml,https://jcrt.org/sitemaps/archive/02.2/elias.xml
majer.xml,https://jcrt.org/sitemaps/archive/02.2/majer.xml
robbins.xml,https://jcrt.org/sitemaps/archive/02.2/robbins.xml
tatusko.xml,https://jcrt.org/sitemaps/archive/02.2/tatusko.xml
taylor.xml,https://jcrt.org/sitemaps/archive/02.2/taylor.xml
taylor_raschke.xml,https://jcrt.org/sitemaps/archive/02.2/taylor_raschke.xml
cha.xml,https://jcrt.org/sitemaps/archive/02.3/cha.xml
crockett.xml,https://jcrt.org/sitemaps/archive/02.3/crockett.xml
hale.xml,https://jcrt.org/sitemaps/archive/02.3/hale.xml
katchen.xml,https://jcrt.org/sitemaps/archive/02.3/katchen.xml
lakeland.xml,https://jcrt.org/sitemaps/archive/02.3/lakeland.xml
magee.xml,https://jcrt.org/sitemaps/archive/02.3/magee.xml
mccullough.xml,https://jcrt.org/sitemaps/archive/02.3/mccullough.xml
ronan.xml,https://jcrt.org/sitemaps/archive/02.3/ronan.xml
takim.xml,https://jcrt.org/sitemaps/archive/02.3/takim.xml
weiss.xml,https://jcrt.org/sitemaps/archive/02.3/weiss.xml
anderson.xml,https://jcrt.org/sitemaps/archive/03.1/anderson.xml
dean.xml,https://jcrt.org/sitemaps/archive/03.1/dean.xml
gooch.xml,https://jcrt.org/sitemaps/archive/03.1/gooch.xml
keuss.xml,https://jcrt.org/sitemaps/archive/03.1/keuss.xml
maccammon.xml,https://jcrt.org/sitemaps/archive/03.1/maccammon.xml
raschke.xml,https://jcrt.org/sitemaps/archive/03.1/raschke.xml
stone.xml,https://jcrt.org/sitemaps/archive/03.1/stone.xml
caputo_raschke.xml,https://jcrt.org/sitemaps/archive/03.2/caputo_raschke.xml
grimshaw.xml,https://jcrt.org/sitemaps/archive/03.2/grimshaw.xml
hale.xml,https://jcrt.org/sitemaps/archive/03.2/hale.xml
hyman.xml,https://jcrt.org/sitemaps/archive/03.2/hyman.xml
katz.xml,https://jcrt.org/sitemaps/archive/03.2/katz.xml
lee.xml,https://jcrt.org/sitemaps/archive/03.2/lee.xml
metcalf.xml,https://jcrt.org/sitemaps/archive/03.2/metcalf.xml
parmenter.xml,https://jcrt.org/sitemaps/archive/03.2/parmenter.xml
taylor.xml,https://jcrt.org/sitemaps/archive/03.2/taylor.xml
winquist.xml,https://jcrt.org/sitemaps/archive/03.2/winquist.xml
crockett.xml,https://jcrt.org/sitemaps/archive/03.3/crockett.xml
druen.xml,https://jcrt.org/sitemaps/archive/03.3/druen.xml
flato.xml,https://jcrt.org/sitemaps/archive/03.3/flato.xml
iyer.xml,https://jcrt.org/sitemaps/archive/03.3/iyer.xml
putt.xml,https://jcrt.org/sitemaps/archive/03.3/putt.xml
rashkover.xml,https://jcrt.org/sitemaps/archive/03.3/rashkover.xml
reinhart.xml,https://jcrt.org/sitemaps/archive/03.3/reinhart.xml
scott.xml,https://jcrt.org/sitemaps/archive/03.3/scott.xml
taylor.xml,https://jcrt.org/sitemaps/archive/03.3/taylor.xml
weiss.xml,https://jcrt.org/sitemaps/archive/03.3/weiss.xml
zerbe.xml,https://jcrt.org/sitemaps/archive/03.3/zerbe.xml
bennett-carpenter.xml,https://jcrt.org/sitemaps/archive/04.1/bennett-carpenter.xml
blundell.xml,https://jcrt.org/sitemaps/archive/04.1/blundell.xml
egginton.xml,https://jcrt.org/sitemaps/archive/04.1/egginton.xml
hamner.xml,https://jcrt.org/sitemaps/archive/04.1/hamner.xml
index2.xml,https://jcrt.org/sitemaps/archive/04.1/index2.xml
kosky.xml,https://jcrt.org/sitemaps/archive/04.1/kosky.xml
lokensgard.xml,https://jcrt.org/sitemaps/archive/04.1/lokensgard.xml
markmanolopoulos.xml,https://jcrt.org/sitemaps/archive/04.1/markmanolopoulos.xml
mcgrath.xml,https://jcrt.org/sitemaps/archive/04.1/mcgrath.xml
raschke.xml,https://jcrt.org/sitemaps/archive/04.1/raschke.xml
caputo.xml,https://jcrt.org/sitemaps/archive/04.2/caputo.xml
flaxman.xml,https://jcrt.org/sitemaps/archive/04.2/flaxman.xml
lambert-taylor.intro.xml,https://jcrt.org/sitemaps/archive/04.2/lambert-taylor.intro.xml
lambert.xml,https://jcrt.org/sitemaps/archive/04.2/lambert.xml
nichols.xml,https://jcrt.org/sitemaps/archive/04.2/nichols.xml
pecora.xml,https://jcrt.org/sitemaps/archive/04.2/pecora.xml
rabate-lambert.xml,https://jcrt.org/sitemaps/archive/04.2/rabate-lambert.xml
saper.xml,https://jcrt.org/sitemaps/archive/04.2/saper.xml
taylor.xml,https://jcrt.org/sitemaps/archive/04.2/taylor.xml
williams.xml,https://jcrt.org/sitemaps/archive/04.2/williams.xml
atchley.xml,https://jcrt.org/sitemaps/archive/04.3/atchley.xml
azari.xml,https://jcrt.org/sitemaps/archive/04.3/azari.xml
caputo.xml,https://jcrt.org/sitemaps/archive/04.3/caputo.xml
crockett.xml,https://jcrt.org/sitemaps/archive/04.3/crockett.xml
livingston.xml,https://jcrt.org/sitemaps/archive/04.3/livingston.xml
lokensgard.xml,https://jcrt.org/sitemaps/archive/04.3/lokensgard.xml
macri.xml,https://jcrt.org/sitemaps/archive/04.3/macri.xml
michaud.xml,https://jcrt.org/sitemaps/archive/04.3/michaud.xml
ream.xml,https://jcrt.org/sitemaps/archive/04.3/ream.xml
rennie.xml,https://jcrt.org/sitemaps/archive/04.3/rennie.xml
saldino.xml,https://jcrt.org/sitemaps/archive/04.3/saldino.xml
snyder.xml,https://jcrt.org/sitemaps/archive/04.3/snyder.xml
thompson.xml,https://jcrt.org/sitemaps/archive/04.3/thompson.xml
york.xml,https://jcrt.org/sitemaps/archive/04.3/york.xml
bain-selbo.xml,https://jcrt.org/sitemaps/archive/05.1/bain-selbo.xml
fasching.xml,https://jcrt.org/sitemaps/archive/05.1/fasching.xml
hale.xml,https://jcrt.org/sitemaps/archive/05.1/hale.xml
iyer.xml,https://jcrt.org/sitemaps/archive/05.1/iyer.xml
juschka.xml,https://jcrt.org/sitemaps/archive/05.1/juschka.xml
lee.xml,https://jcrt.org/sitemaps/archive/05.1/lee.xml
meeks.xml,https://jcrt.org/sitemaps/archive/05.1/meeks.xml
putt.xml,https://jcrt.org/sitemaps/archive/05.1/putt.xml
raschke.xml,https://jcrt.org/sitemaps/archive/05.1/raschke.xml
siebers.xml,https://jcrt.org/sitemaps/archive/05.1/siebers.xml
tate.xml,https://jcrt.org/sitemaps/archive/05.1/tate.xml
caputo.xml,https://jcrt.org/sitemaps/archive/05.2/caputo.xml
conroy.xml,https://jcrt.org/sitemaps/archive/05.2/conroy.xml
crockett.xml,https://jcrt.org/sitemaps/archive/05.2/crockett.xml
goodchild.xml,https://jcrt.org/sitemaps/archive/05.2/goodchild.xml
iyer.xml,https://jcrt.org/sitemaps/archive/05.2/iyer.xml
lambert.xml,https://jcrt.org/sitemaps/archive/05.2/lambert.xml
lambrianou.xml,https://jcrt.org/sitemaps/archive/05.2/lambrianou.xml
raschke.xml,https://jcrt.org/sitemaps/archive/05.2/raschke.xml
ream.xml,https://jcrt.org/sitemaps/archive/05.2/ream.xml
robbins.xml,https://jcrt.org/sitemaps/archive/05.2/robbins.xml
rodkey.xml,https://jcrt.org/sitemaps/archive/05.2/rodkey.xml
taylor.xml,https://jcrt.org/sitemaps/archive/05.2/taylor.xml
ware.xml,https://jcrt.org/sitemaps/archive/05.2/ware.xml
weislogel.xml,https://jcrt.org/sitemaps/archive/05.2/weislogel.xml
woodard.xml,https://jcrt.org/sitemaps/archive/05.2/woodard.xml
biles.xml,https://jcrt.org/sitemaps/archive/05.3/biles.xml
biondo.xml,https://jcrt.org/sitemaps/archive/05.3/biondo.xml
duke.xml,https://jcrt.org/sitemaps/archive/05.3/duke.xml
flato.xml,https://jcrt.org/sitemaps/archive/05.3/flato.xml
fodor.xml,https://jcrt.org/sitemaps/archive/05.3/fodor.xml
gilmour.xml,https://jcrt.org/sitemaps/archive/05.3/gilmour.xml
igrek.xml,https://jcrt.org/sitemaps/archive/05.3/igrek.xml
keen.xml,https://jcrt.org/sitemaps/archive/05.3/keen.xml
mcpherson.xml,https://jcrt.org/sitemaps/archive/05.3/mcpherson.xml
nayar.xml,https://jcrt.org/sitemaps/archive/05.3/nayar.xml
purcell.xml,https://jcrt.org/sitemaps/archive/05.3/purcell.xml
reinhart.xml,https://jcrt.org/sitemaps/archive/05.3/reinhart.xml
robbins.xml,https://jcrt.org/sitemaps/archive/05.3/robbins.xml
rodkey.xml,https://jcrt.org/sitemaps/archive/05.3/rodkey.xml
smith.xml,https://jcrt.org/sitemaps/archive/05.3/smith.xml
urbanczyk.xml,https://jcrt.org/sitemaps/archive/05.3/urbanczyk.xml
vahabzadeh.xml,https://jcrt.org/sitemaps/archive/05.3/vahabzadeh.xml
vahanian.xml,https://jcrt.org/sitemaps/archive/05.3/vahanian.xml
blanton.xml,https://jcrt.org/sitemaps/archive/06.1/blanton.xml
brogan.xml,https://jcrt.org/sitemaps/archive/06.1/brogan.xml
caputo.xml,https://jcrt.org/sitemaps/archive/06.1/caputo.xml
clingerman.xml,https://jcrt.org/sitemaps/archive/06.1/clingerman.xml
grieve-carlson.xml,https://jcrt.org/sitemaps/archive/06.1/grieve-carlson.xml
hoelzl.xml,https://jcrt.org/sitemaps/archive/06.1/hoelzl.xml
johnson.xml,https://jcrt.org/sitemaps/archive/06.1/johnson.xml
jones.xml,https://jcrt.org/sitemaps/archive/06.1/jones.xml
michaud.xml,https://jcrt.org/sitemaps/archive/06.1/michaud.xml
taylor.xml,https://jcrt.org/sitemaps/archive/06.1/taylor.xml
vahanian.xml,https://jcrt.org/sitemaps/archive/06.1/vahanian.xml
whiting.xml,https://jcrt.org/sitemaps/archive/06.1/whiting.xml
woodard.xml,https://jcrt.org/sitemaps/archive/06.1/woodard.xml
bain-selbo.xml,https://jcrt.org/sitemaps/archive/06.2/bain-selbo.xml
crockett.xml,https://jcrt.org/sitemaps/archive/06.2/crockett.xml
fischer.xml,https://jcrt.org/sitemaps/archive/06.2/fischer.xml
igrek.xml,https://jcrt.org/sitemaps/archive/06.2/igrek.xml
kearney-taylor.xml,https://jcrt.org/sitemaps/archive/06.2/kearney-taylor.xml
larrey.xml,https://jcrt.org/sitemaps/archive/06.2/larrey.xml
raschke.xml,https://jcrt.org/sitemaps/archive/06.2/raschke.xml
reid.xml,https://jcrt.org/sitemaps/archive/06.2/reid.xml
robbins.xml,https://jcrt.org/sitemaps/archive/06.2/robbins.xml
stanley.xml,https://jcrt.org/sitemaps/archive/06.2/stanley.xml
vahabzadeh.xml,https://jcrt.org/sitemaps/archive/06.2/vahabzadeh.xml
waggoner.art.xml,https://jcrt.org/sitemaps/archive/06.2/waggoner.art.xml
waggoner.xml,https://jcrt.org/sitemaps/archive/06.2/waggoner.xml
bain-selbo.xml,https://jcrt.org/sitemaps/archive/06.3/bain-selbo.xml
benko.xml,https://jcrt.org/sitemaps/archive/06.3/benko.xml
bowring.xml,https://jcrt.org/sitemaps/archive/06.3/bowring.xml
cauchi.xml,https://jcrt.org/sitemaps/archive/06.3/cauchi.xml
grimshaw.xml,https://jcrt.org/sitemaps/archive/06.3/grimshaw.xml
harpham.xml,https://jcrt.org/sitemaps/archive/06.3/harpham.xml
hart.xml,https://jcrt.org/sitemaps/archive/06.3/hart.xml
klink.xml,https://jcrt.org/sitemaps/archive/06.3/klink.xml
kotsko.xml,https://jcrt.org/sitemaps/archive/06.3/kotsko.xml
linck.xml,https://jcrt.org/sitemaps/archive/06.3/linck.xml
lorentzen.xml,https://jcrt.org/sitemaps/archive/06.3/lorentzen.xml
nayar.xml,https://jcrt.org/sitemaps/archive/06.3/nayar.xml
neven.xml,https://jcrt.org/sitemaps/archive/06.3/neven.xml
rodkey.xml,https://jcrt.org/sitemaps/archive/06.3/rodkey.xml
shelton.xml,https://jcrt.org/sitemaps/archive/06.3/shelton.xml
smith.xml,https://jcrt.org/sitemaps/archive/06.3/smith.xml
taylor.xml,https://jcrt.org/sitemaps/archive/06.3/taylor.xml
bell.xml,https://jcrt.org/sitemaps/archive/07.1/bell.xml
buchanan.xml,https://jcrt.org/sitemaps/archive/07.1/buchanan.xml
geroux.xml,https://jcrt.org/sitemaps/archive/07.1/geroux.xml
gilgen.xml,https://jcrt.org/sitemaps/archive/07.1/gilgen.xml
holliday.xml,https://jcrt.org/sitemaps/archive/07.1/holliday.xml
janz.xml,https://jcrt.org/sitemaps/archive/07.1/janz.xml
knowlton.xml,https://jcrt.org/sitemaps/archive/07.1/knowlton.xml
lerner.xml,https://jcrt.org/sitemaps/archive/07.1/lerner.xml
lokensgard.xml,https://jcrt.org/sitemaps/archive/07.1/lokensgard.xml
magee.xml,https://jcrt.org/sitemaps/archive/07.1/magee.xml
miller.xml,https://jcrt.org/sitemaps/archive/07.1/miller.xml
segev.xml,https://jcrt.org/sitemaps/archive/07.1/segev.xml
singh.xml,https://jcrt.org/sitemaps/archive/07.1/singh.xml
taylor.xml,https://jcrt.org/sitemaps/archive/07.1/taylor.xml
vandeweg.xml,https://jcrt.org/sitemaps/archive/07.1/vandeweg.xml
bain-selbo.xml,https://jcrt.org/sitemaps/archive/07.2/bain-selbo.xml
dahlgren.xml,https://jcrt.org/sitemaps/archive/07.2/dahlgren.xml
heltzel.xml,https://jcrt.org/sitemaps/archive/07.2/heltzel.xml
kolarov.xml,https://jcrt.org/sitemaps/archive/07.2/kolarov.xml
lupton.xml,https://jcrt.org/sitemaps/archive/07.2/lupton.xml
miller.xml,https://jcrt.org/sitemaps/archive/07.2/miller.xml
robbins.xml,https://jcrt.org/sitemaps/archive/07.2/robbins.xml
saldino.xml,https://jcrt.org/sitemaps/archive/07.2/saldino.xml
siebers.xml,https://jcrt.org/sitemaps/archive/07.2/siebers.xml
simmons.xml,https://jcrt.org/sitemaps/archive/07.2/simmons.xml
taylor.xml,https://jcrt.org/sitemaps/archive/07.2/taylor.xml
turner.xml,https://jcrt.org/sitemaps/archive/07.2/turner.xml
alvis.xml,https://jcrt.org/sitemaps/archive/08.1/alvis.xml
bowman.xml,https://jcrt.org/sitemaps/archive/08.1/bowman.xml
buckingham.xml,https://jcrt.org/sitemaps/archive/08.1/buckingham.xml
burton.xml,https://jcrt.org/sitemaps/archive/08.1/burton.xml
costoya.xml,https://jcrt.org/sitemaps/archive/08.1/costoya.xml
kotsko.xml,https://jcrt.org/sitemaps/archive/08.1/kotsko.xml
kroesbergen.xml,https://jcrt.org/sitemaps/archive/08.1/kroesbergen.xml
mejido.xml,https://jcrt.org/sitemaps/archive/08.1/mejido.xml
miller.xml,https://jcrt.org/sitemaps/archive/08.1/miller.xml
nayar.xml,https://jcrt.org/sitemaps/archive/08.1/nayar.xml
nichols.xml,https://jcrt.org/sitemaps/archive/08.1/nichols.xml
oventile.xml,https://jcrt.org/sitemaps/archive/08.1/oventile.xml
raschke.xml,https://jcrt.org/sitemaps/archive/08.1/raschke.xml
ritchie.xml,https://jcrt.org/sitemaps/archive/08.1/ritchie.xml
schmidt.xml,https://jcrt.org/sitemaps/archive/08.1/schmidt.xml
simmons.xml,https://jcrt.org/sitemaps/archive/08.1/simmons.xml
turrell.xml,https://jcrt.org/sitemaps/archive/08.1/turrell.xml
vahanian.xml,https://jcrt.org/sitemaps/archive/08.1/vahanian.xml
waggoner.xml,https://jcrt.org/sitemaps/archive/08.1/waggoner.xml
wright.xml,https://jcrt.org/sitemaps/archive/08.1/wright.xml
abraham.xml,https://jcrt.org/sitemaps/archive/08.2/abraham.xml
bell.xml,https://jcrt.org/sitemaps/archive/08.2/bell.xml
bivins.xml,https://jcrt.org/sitemaps/archive/08.2/bivins.xml
costa.xml,https://jcrt.org/sitemaps/archive/08.2/costa.xml
daponte.xml,https://jcrt.org/sitemaps/archive/08.2/daponte.xml
davis-hardt.xml,https://jcrt.org/sitemaps/archive/08.2/davis-hardt.xml
grieve-carlson.xml,https://jcrt.org/sitemaps/archive/08.2/grieve-carlson.xml
johnson.xml,https://jcrt.org/sitemaps/archive/08.2/johnson.xml
little.xml,https://jcrt.org/sitemaps/archive/08.2/little.xml
phelps.xml,https://jcrt.org/sitemaps/archive/08.2/phelps.xml
robbins.xml,https://jcrt.org/sitemaps/archive/08.2/robbins.xml
roundtable.xml,https://jcrt.org/sitemaps/archive/08.2/roundtable.xml
smith.xml,https://jcrt.org/sitemaps/archive/08.2/smith.xml
stahlberg.xml,https://jcrt.org/sitemaps/archive/08.2/stahlberg.xml
vahabzadeh.xml,https://jcrt.org/sitemaps/archive/08.2/vahabzadeh.xml
ables.xml,https://jcrt.org/sitemaps/archive/08.3/ables.xml
cake.xml,https://jcrt.org/sitemaps/archive/08.3/cake.xml
eisenstadt.xml,https://jcrt.org/sitemaps/archive/08.3/eisenstadt.xml
eisenstadt2.xml,https://jcrt.org/sitemaps/archive/08.3/eisenstadt2.xml
horowitz.xml,https://jcrt.org/sitemaps/archive/08.3/horowitz.xml
hyman.xml,https://jcrt.org/sitemaps/archive/08.3/hyman.xml
jackson.xml,https://jcrt.org/sitemaps/archive/08.3/jackson.xml
keller.xml,https://jcrt.org/sitemaps/archive/08.3/keller.xml
kottman.xml,https://jcrt.org/sitemaps/archive/08.3/kottman.xml
kunin.xml,https://jcrt.org/sitemaps/archive/08.3/kunin.xml
lupton.xml,https://jcrt.org/sitemaps/archive/08.3/lupton.xml
planinc.xml,https://jcrt.org/sitemaps/archive/08.3/planinc.xml
ramey.xml,https://jcrt.org/sitemaps/archive/08.3/ramey.xml
simmons.xml,https://jcrt.org/sitemaps/archive/08.3/simmons.xml
celermajer.xml,https://jcrt.org/sitemaps/archive/09.1/celermajer.xml
grieve-carlson.xml,https://jcrt.org/sitemaps/archive/09.1/grieve-carlson.xml
hyman.xml,https://jcrt.org/sitemaps/archive/09.1/hyman.xml
igrek.xml,https://jcrt.org/sitemaps/archive/09.1/igrek.xml
large.xml,https://jcrt.org/sitemaps/archive/09.1/large.xml
malabou.xml,https://jcrt.org/sitemaps/archive/09.1/malabou.xml
negri.xml,https://jcrt.org/sitemaps/archive/09.1/negri.xml
pound.xml,https://jcrt.org/sitemaps/archive/09.1/pound.xml
raschke.xml,https://jcrt.org/sitemaps/archive/09.1/raschke.xml
rubenstein.xml,https://jcrt.org/sitemaps/archive/09.1/rubenstein.xml
smaw.xml,https://jcrt.org/sitemaps/archive/09.1/smaw.xml
bielik-robson.xml,https://jcrt.org/sitemaps/archive/09.2/bielik-robson.xml
boer.xml,https://jcrt.org/sitemaps/archive/09.2/boer.xml
crockett.xml,https://jcrt.org/sitemaps/archive/09.2/crockett.xml
d'amato.xml,https://jcrt.org/sitemaps/archive/09.2/d'amato.xml
fox.xml,https://jcrt.org/sitemaps/archive/09.2/fox.xml
kotsko.xml,https://jcrt.org/sitemaps/archive/09.2/kotsko.xml
leo.xml,https://jcrt.org/sitemaps/archive/09.2/leo.xml
rodkey.xml,https://jcrt.org/sitemaps/archive/09.2/rodkey.xml
bain-selbo.xml,https://jcrt.org/sitemaps/archive/09.3/bain-selbo.xml
conroy.xml,https://jcrt.org/sitemaps/archive/09.3/conroy.xml
crockett.xml,https://jcrt.org/sitemaps/archive/09.3/crockett.xml
dickinson.xml,https://jcrt.org/sitemaps/archive/09.3/dickinson.xml
gilmour.xml,https://jcrt.org/sitemaps/archive/09.3/gilmour.xml
hilberg.xml,https://jcrt.org/sitemaps/archive/09.3/hilberg.xml
hinshaw.xml,https://jcrt.org/sitemaps/archive/09.3/hinshaw.xml
kjellman.xml,https://jcrt.org/sitemaps/archive/09.3/kjellman.xml
klink.xml,https://jcrt.org/sitemaps/archive/09.3/klink.xml
lewis.xml,https://jcrt.org/sitemaps/archive/09.3/lewis.xml
martin.xml,https://jcrt.org/sitemaps/archive/09.3/martin.xml
mccullough.xml,https://jcrt.org/sitemaps/archive/09.3/mccullough.xml
miller.xml,https://jcrt.org/sitemaps/archive/09.3/miller.xml
morehouse.xml,https://jcrt.org/sitemaps/archive/09.3/morehouse.xml
powell.xml,https://jcrt.org/sitemaps/archive/09.3/powell.xml
raschke.xml,https://jcrt.org/sitemaps/archive/09.3/raschke.xml
robbins.xml,https://jcrt.org/sitemaps/archive/09.3/robbins.xml
seitz.xml,https://jcrt.org/sitemaps/archive/09.3/seitz.xml
shoemaker.xml,https://jcrt.org/sitemaps/archive/09.3/shoemaker.xml
smith.xml,https://jcrt.org/sitemaps/archive/09.3/smith.xml
cauchi.xml,https://jcrt.org/sitemaps/archive/10.1/cauchi.xml
gangle.xml,https://jcrt.org/sitemaps/archive/10.1/gangle.xml
miller.xml,https://jcrt.org/sitemaps/archive/10.1/miller.xml
mooney.xml,https://jcrt.org/sitemaps/archive/10.1/mooney.xml
robert.xml,https://jcrt.org/sitemaps/archive/10.1/robert.xml
rodkey.xml,https://jcrt.org/sitemaps/archive/10.1/rodkey.xml
simmons.xml,https://jcrt.org/sitemaps/archive/10.1/simmons.xml
steinmetz-jenkins.xml,https://jcrt.org/sitemaps/archive/10.1/steinmetz-jenkins.xml
bibb.xml,https://jcrt.org/sitemaps/archive/10.2/bibb.xml
borsuk.xml,https://jcrt.org/sitemaps/archive/10.2/borsuk.xml
cole.xml,https://jcrt.org/sitemaps/archive/10.2/cole.xml
duncan-transcription.xml,https://jcrt.org/sitemaps/archive/10.2/duncan-transcription.xml
duncan.xml,https://jcrt.org/sitemaps/archive/10.2/duncan.xml
evans.xml,https://jcrt.org/sitemaps/archive/10.2/evans.xml
mcnellis.xml,https://jcrt.org/sitemaps/archive/10.2/mcnellis.xml
mcrae.xml,https://jcrt.org/sitemaps/archive/10.2/mcrae.xml
reid.xml,https://jcrt.org/sitemaps/archive/10.2/reid.xml
scans.xml,https://jcrt.org/sitemaps/archive/10.2/scans.xml
simon.xml,https://jcrt.org/sitemaps/archive/10.2/simon.xml
transcription.notes.xml,https://jcrt.org/sitemaps/archive/10.2/transcription.notes.xml
barber&amp,https://jcrt.org/sitemaps/archive/10.3/barber&amp;smith.xml
barber.xml,https://jcrt.org/sitemaps/archive/10.3/barber.xml
burkey.xml,https://jcrt.org/sitemaps/archive/10.3/burkey.xml
campbell.xml,https://jcrt.org/sitemaps/archive/10.3/campbell.xml
delpech-ramey&amp,https://jcrt.org/sitemaps/archive/10.3/delpech-ramey&amp;miller.xml
grieve-carlson.xml,https://jcrt.org/sitemaps/archive/10.3/grieve-carlson.xml
grimshaw.xml,https://jcrt.org/sitemaps/archive/10.3/grimshaw.xml
hanson.xml,https://jcrt.org/sitemaps/archive/10.3/hanson.xml
jaarsma.xml,https://jcrt.org/sitemaps/archive/10.3/jaarsma.xml
metcalf.xml,https://jcrt.org/sitemaps/archive/10.3/metcalf.xml
pcr4.xml,https://jcrt.org/sitemaps/archive/10.3/pcr4.xml
rodkey.xml,https://jcrt.org/sitemaps/archive/10.3/rodkey.xml
sanzaro.xml,https://jcrt.org/sitemaps/archive/10.3/sanzaro.xml
stern&amp,https://jcrt.org/sitemaps/archive/10.3/stern&amp;gimbel.xml
york.xml,https://jcrt.org/sitemaps/archive/10.3/york.xml
blanton.xml,https://jcrt.org/sitemaps/archive/11.1/blanton.xml
boever.xml,https://jcrt.org/sitemaps/archive/11.1/boever.xml
charles.xml,https://jcrt.org/sitemaps/archive/11.1/charles.xml
chrulew.xml,https://jcrt.org/sitemaps/archive/11.1/chrulew.xml
fuggle.xml,https://jcrt.org/sitemaps/archive/11.1/fuggle.xml
glowacki.xml,https://jcrt.org/sitemaps/archive/11.1/glowacki.xml
mayes.xml,https://jcrt.org/sitemaps/archive/11.1/mayes.xml
nicolet-anderson.xml,https://jcrt.org/sitemaps/archive/11.1/nicolet-anderson.xml
ojakangas.xml,https://jcrt.org/sitemaps/archive/11.1/ojakangas.xml
ruin.xml,https://jcrt.org/sitemaps/archive/11.1/ruin.xml
ardoline.xml,https://jcrt.org/sitemaps/archive/11.2/ardoline.xml
caputo.xml,https://jcrt.org/sitemaps/archive/11.2/caputo.xml
crockett.xml,https://jcrt.org/sitemaps/archive/11.2/crockett.xml
finer.xml,https://jcrt.org/sitemaps/archive/11.2/finer.xml
hagglund.xml,https://jcrt.org/sitemaps/archive/11.2/hagglund.xml
holsclaw.xml,https://jcrt.org/sitemaps/archive/11.2/holsclaw.xml
hyman.xml,https://jcrt.org/sitemaps/archive/11.2/hyman.xml
mcclain.xml,https://jcrt.org/sitemaps/archive/11.2/mcclain.xml
raschke.xml,https://jcrt.org/sitemaps/archive/11.2/raschke.xml
robbins.xml,https://jcrt.org/sitemaps/archive/11.2/robbins.xml
stockwell.xml,https://jcrt.org/sitemaps/archive/11.2/stockwell.xml
taylor.xml,https://jcrt.org/sitemaps/archive/11.2/taylor.xml
wood.xml,https://jcrt.org/sitemaps/archive/11.2/wood.xml
zabala.xml,https://jcrt.org/sitemaps/archive/11.2/zabala.xml
cfp-design.xml,https://jcrt.org/sitemaps/archive/11.3/cfp-design.xml
dalton.xml,https://jcrt.org/sitemaps/archive/11.3/dalton.xml
de-vries.xml,https://jcrt.org/sitemaps/archive/11.3/de-vries.xml
kolozova.xml,https://jcrt.org/sitemaps/archive/11.3/kolozova.xml
mccullough.xml,https://jcrt.org/sitemaps/archive/11.3/mccullough.xml
sealey.xml,https://jcrt.org/sitemaps/archive/11.3/sealey.xml
simmons.xml,https://jcrt.org/sitemaps/archive/11.3/simmons.xml
simmonsintro.xml,https://jcrt.org/sitemaps/archive/11.3/simmonsintro.xml
dicken.xml,https://jcrt.org/sitemaps/archive/12.1/dicken.xml
kessler.xml,https://jcrt.org/sitemaps/archive/12.1/kessler.xml
kornbluh.xml,https://jcrt.org/sitemaps/archive/12.1/kornbluh.xml
lupton.gordon.xml,https://jcrt.org/sitemaps/archive/12.1/lupton.gordon.xml
maltby.xml,https://jcrt.org/sitemaps/archive/12.1/maltby.xml
mciver.xml,https://jcrt.org/sitemaps/archive/12.1/mciver.xml
miller.xml,https://jcrt.org/sitemaps/archive/12.1/miller.xml
nelson.xml,https://jcrt.org/sitemaps/archive/12.1/nelson.xml
rust.xml,https://jcrt.org/sitemaps/archive/12.1/rust.xml
santner.xml,https://jcrt.org/sitemaps/archive/12.1/santner.xml
schulman.xml,https://jcrt.org/sitemaps/archive/12.1/schulman.xml
vahanian.xml,https://jcrt.org/sitemaps/archive/12.1/vahanian.xml
weitzman.xml,https://jcrt.org/sitemaps/archive/12.1/weitzman.xml
ballan.xml,https://jcrt.org/sitemaps/archive/12.2/ballan.xml
blosser.xml,https://jcrt.org/sitemaps/archive/12.2/blosser.xml
britt.xml,https://jcrt.org/sitemaps/archive/12.2/britt.xml
caputo.xml,https://jcrt.org/sitemaps/archive/12.2/caputo.xml
coakley.xml,https://jcrt.org/sitemaps/archive/12.2/coakley.xml
cochrane.xml,https://jcrt.org/sitemaps/archive/12.2/cochrane.xml
crockett.xml,https://jcrt.org/sitemaps/archive/12.2/crockett.xml
crockett_2.xml,https://jcrt.org/sitemaps/archive/12.2/crockett_2.xml
dickinson-intro.xml,https://jcrt.org/sitemaps/archive/12.2/dickinson-intro.xml
dickinson.xml,https://jcrt.org/sitemaps/archive/12.2/dickinson.xml
fong.xml,https://jcrt.org/sitemaps/archive/12.2/fong.xml
fong_2.xml,https://jcrt.org/sitemaps/archive/12.2/fong_2.xml
goodchild.xml,https://jcrt.org/sitemaps/archive/12.2/goodchild.xml
heo.xml,https://jcrt.org/sitemaps/archive/12.2/heo.xml
heo_2.xml,https://jcrt.org/sitemaps/archive/12.2/heo_2.xml
hurlin.xml,https://jcrt.org/sitemaps/archive/12.2/hurlin.xml
mackendrick.xml,https://jcrt.org/sitemaps/archive/12.2/mackendrick.xml
mackendrick_2.xml,https://jcrt.org/sitemaps/archive/12.2/mackendrick_2.xml
montel_hurlin.xml,https://jcrt.org/sitemaps/archive/12.2/montel_hurlin.xml
peters.xml,https://jcrt.org/sitemaps/archive/12.2/peters.xml
peters_2.xml,https://jcrt.org/sitemaps/archive/12.2/peters_2.xml
robert.xml,https://jcrt.org/sitemaps/archive/12.2/robert.xml
taylor-kosky.xml,https://jcrt.org/sitemaps/archive/12.2/taylor-kosky.xml
alexander.xml,https://jcrt.org/sitemaps/archive/12.3/alexander.xml
almond.xml,https://jcrt.org/sitemaps/archive/12.3/almond.xml
alvis.xml,https://jcrt.org/sitemaps/archive/12.3/alvis.xml
bedford.xml,https://jcrt.org/sitemaps/archive/12.3/bedford.xml
mccullough.altizer.xml,https://jcrt.org/sitemaps/archive/12.3/mccullough.altizer.xml
miller.xml,https://jcrt.org/sitemaps/archive/12.3/miller.xml
nail.xml,https://jcrt.org/sitemaps/archive/12.3/nail.xml
ramos.xml,https://jcrt.org/sitemaps/archive/12.3/ramos.xml
raschke.xml,https://jcrt.org/sitemaps/archive/12.3/raschke.xml
schedneck.xml,https://jcrt.org/sitemaps/archive/12.3/schedneck.xml
smith.xml,https://jcrt.org/sitemaps/archive/12.3/smith.xml
stoica.xml,https://jcrt.org/sitemaps/archive/12.3/stoica.xml
taylor.raschke.xml,https://jcrt.org/sitemaps/archive/12.3/taylor.raschke.xml
barber.xml,https://jcrt.org/sitemaps/archive/13.1/barber.xml
bray.xml,https://jcrt.org/sitemaps/archive/13.1/bray.xml
davis.xml,https://jcrt.org/sitemaps/archive/13.1/davis.xml
dussel.xml,https://jcrt.org/sitemaps/archive/13.1/dussel.xml
eberle.xml,https://jcrt.org/sitemaps/archive/13.1/eberle.xml
lugones.xml,https://jcrt.org/sitemaps/archive/13.1/lugones.xml
mendez.xml,https://jcrt.org/sitemaps/archive/13.1/mendez.xml
miller.xml,https://jcrt.org/sitemaps/archive/13.1/miller.xml
robbins.xml,https://jcrt.org/sitemaps/archive/13.1/robbins.xml
schmidt.xml,https://jcrt.org/sitemaps/archive/13.1/schmidt.xml
taylor.xml,https://jcrt.org/sitemaps/archive/13.1/taylor.xml
tlostanova.xml,https://jcrt.org/sitemaps/archive/13.1/tlostanova.xml
v_squez.xml,https://jcrt.org/sitemaps/archive/13.1/v_squez.xml
vasquez.xml,https://jcrt.org/sitemaps/archive/13.1/vasquez.xml
woessner.xml,https://jcrt.org/sitemaps/archive/13.1/woessner.xml
carsey.xml,https://jcrt.org/sitemaps/archive/13.2/carsey.xml
cisney.xml,https://jcrt.org/sitemaps/archive/13.2/cisney.xml
clark.xml,https://jcrt.org/sitemaps/archive/13.2/clark.xml
coggan.xml,https://jcrt.org/sitemaps/archive/13.2/coggan.xml
flavin.xml,https://jcrt.org/sitemaps/archive/13.2/flavin.xml
kotsko.xml,https://jcrt.org/sitemaps/archive/13.2/kotsko.xml
lanci.xml,https://jcrt.org/sitemaps/archive/13.2/lanci.xml
mullen.xml,https://jcrt.org/sitemaps/archive/13.2/mullen.xml
nagypal.xml,https://jcrt.org/sitemaps/archive/13.2/nagypal.xml
nuckolls.xml,https://jcrt.org/sitemaps/archive/13.2/nuckolls.xml
purakayastha.xml,https://jcrt.org/sitemaps/archive/13.2/purakayastha.xml
reyes.xml,https://jcrt.org/sitemaps/archive/13.2/reyes.xml
scholes.xml,https://jcrt.org/sitemaps/archive/13.2/scholes.xml
shaver.xml,https://jcrt.org/sitemaps/archive/13.2/shaver.xml
shillock.xml,https://jcrt.org/sitemaps/archive/13.2/shillock.xml
taylorandweiss.xml,https://jcrt.org/sitemaps/archive/13.2/taylorandweiss.xml
weiss_taylor.xml,https://jcrt.org/sitemaps/archive/13.2/weiss_taylor.xml
winters.xml,https://jcrt.org/sitemaps/archive/13.2/winters.xml
alvis.xml,https://jcrt.org/sitemaps/archive/14.1/alvis.xml
fagenblat.xml,https://jcrt.org/sitemaps/archive/14.1/fagenblat.xml
featherston.xml,https://jcrt.org/sitemaps/archive/14.1/featherston.xml
green.xml,https://jcrt.org/sitemaps/archive/14.1/green.xml
lauri.xml,https://jcrt.org/sitemaps/archive/14.1/lauri.xml
raschke.xml,https://jcrt.org/sitemaps/archive/14.1/raschke.xml
renger.xml,https://jcrt.org/sitemaps/archive/14.1/renger.xml
schyllert.xml,https://jcrt.org/sitemaps/archive/14.1/schyllert.xml
settle.xml,https://jcrt.org/sitemaps/archive/14.1/settle.xml
snediker.xml,https://jcrt.org/sitemaps/archive/14.1/snediker.xml
trier.xml,https://jcrt.org/sitemaps/archive/14.1/trier.xml
winters.xml,https://jcrt.org/sitemaps/archive/14.1/winters.xml
yonker.xml,https://jcrt.org/sitemaps/archive/14.1/yonker.xml
aikin.xml,https://jcrt.org/sitemaps/archive/14.2/aikin.xml
feddon.xml,https://jcrt.org/sitemaps/archive/14.2/feddon.xml
greco.xml,https://jcrt.org/sitemaps/archive/14.2/greco.xml
gschwandtner.xml,https://jcrt.org/sitemaps/archive/14.2/gschwandtner.xml
holdier.xml,https://jcrt.org/sitemaps/archive/14.2/holdier.xml
kavka.xml,https://jcrt.org/sitemaps/archive/14.2/kavka.xml
kelly.xml,https://jcrt.org/sitemaps/archive/14.2/kelly.xml
knepper.xml,https://jcrt.org/sitemaps/archive/14.2/knepper.xml
loewen.xml,https://jcrt.org/sitemaps/archive/14.2/loewen.xml
moser.xml,https://jcrt.org/sitemaps/archive/14.2/moser.xml
mulder.xml,https://jcrt.org/sitemaps/archive/14.2/mulder.xml
schellenberg.xml,https://jcrt.org/sitemaps/archive/14.2/schellenberg.xml
schilbrack.xml,https://jcrt.org/sitemaps/archive/14.2/schilbrack.xml
shuster.xml,https://jcrt.org/sitemaps/archive/14.2/shuster.xml
simmons-intro.xml,https://jcrt.org/sitemaps/archive/14.2/simmons-intro.xml
trakakis.xml,https://jcrt.org/sitemaps/archive/14.2/trakakis.xml
trakikis.xml,https://jcrt.org/sitemaps/archive/14.2/trakikis.xml
weidler.xml,https://jcrt.org/sitemaps/archive/14.2/weidler.xml
wolterstorff-preface.xml,https://jcrt.org/sitemaps/archive/14.2/wolterstorff-preface.xml
alvis.xml,https://jcrt.org/sitemaps/archive/15.1/alvis.xml
cohen.xml,https://jcrt.org/sitemaps/archive/15.1/cohen.xml
hagedorn.xml,https://jcrt.org/sitemaps/archive/15.1/hagedorn.xml
hagedorn_staudigl_alvis.xml,https://jcrt.org/sitemaps/archive/15.1/hagedorn_staudigl_alvis.xml
intro.xml,https://jcrt.org/sitemaps/archive/15.1/intro.xml
raschke.xml,https://jcrt.org/sitemaps/archive/15.1/raschke.xml
schuback.xml,https://jcrt.org/sitemaps/archive/15.1/schuback.xml
staudigl.xml,https://jcrt.org/sitemaps/archive/15.1/staudigl.xml
steinbock.xml,https://jcrt.org/sitemaps/archive/15.1/steinbock.xml
welten.xml,https://jcrt.org/sitemaps/archive/15.1/welten.xml
aldinger.xml,https://jcrt.org/sitemaps/archive/15.2/aldinger.xml
betcher.xml,https://jcrt.org/sitemaps/archive/15.2/betcher.xml
fox.xml,https://jcrt.org/sitemaps/archive/15.2/fox.xml
intro.xml,https://jcrt.org/sitemaps/archive/15.2/intro.xml
reid.xml,https://jcrt.org/sitemaps/archive/15.2/reid.xml
sanchez.xml,https://jcrt.org/sitemaps/archive/15.2/sanchez.xml
siebers.xml,https://jcrt.org/sitemaps/archive/15.2/siebers.xml
valente.xml,https://jcrt.org/sitemaps/archive/15.2/valente.xml
valente2.xml,https://jcrt.org/sitemaps/archive/15.2/valente2.xml
carson.xml,https://jcrt.org/sitemaps/archive/16.1/carson.xml
clay_robinson.xml,https://jcrt.org/sitemaps/archive/16.1/clay_robinson.xml
ferguson.xml,https://jcrt.org/sitemaps/archive/16.1/ferguson.xml
figueiredo.xml,https://jcrt.org/sitemaps/archive/16.1/figueiredo.xml
figueiredo_2.xml,https://jcrt.org/sitemaps/archive/16.1/figueiredo_2.xml
interviewgaia.xml,https://jcrt.org/sitemaps/archive/16.1/interviewgaia.xml
interviewgiroux.xml,https://jcrt.org/sitemaps/archive/16.1/interviewgiroux.xml
interviewsousanis.xml,https://jcrt.org/sitemaps/archive/16.1/interviewsousanis.xml
interviewulmer.xml,https://jcrt.org/sitemaps/archive/16.1/interviewulmer.xml
introfigueiredo.xml,https://jcrt.org/sitemaps/archive/16.1/introfigueiredo.xml
li.xml,https://jcrt.org/sitemaps/archive/16.1/li.xml
obrien.xml,https://jcrt.org/sitemaps/archive/16.1/obrien.xml
raschke.xml,https://jcrt.org/sitemaps/archive/16.1/raschke.xml
reviewbutler.xml,https://jcrt.org/sitemaps/archive/16.1/reviewbutler.xml
stowe_sousanis.xml,https://jcrt.org/sitemaps/archive/16.1/stowe_sousanis.xml
taylor_giroux.xml,https://jcrt.org/sitemaps/archive/16.1/taylor_giroux.xml
waggoner.xml,https://jcrt.org/sitemaps/archive/16.1/waggoner.xml
armstrong.xml,https://jcrt.org/sitemaps/archive/16.2/armstrong.xml
bray.xml,https://jcrt.org/sitemaps/archive/16.2/bray.xml
dubilet.xml,https://jcrt.org/sitemaps/archive/16.2/dubilet.xml
intro-marovich.xml,https://jcrt.org/sitemaps/archive/16.2/intro-marovich.xml
marovich.xml,https://jcrt.org/sitemaps/archive/16.2/marovich.xml
meyer.xml,https://jcrt.org/sitemaps/archive/16.2/meyer.xml
moody.xml,https://jcrt.org/sitemaps/archive/16.2/moody.xml
rose.xml,https://jcrt.org/sitemaps/archive/16.2/rose.xml
beddard.xml,https://jcrt.org/sitemaps/archive/16.3/beddard.xml
congdon.xml,https://jcrt.org/sitemaps/archive/16.3/congdon.xml
davis.xml,https://jcrt.org/sitemaps/archive/16.3/davis.xml
introduction.xml,https://jcrt.org/sitemaps/archive/16.3/introduction.xml
karlsen.xml,https://jcrt.org/sitemaps/archive/16.3/karlsen.xml
leung.xml,https://jcrt.org/sitemaps/archive/16.3/leung.xml
osserman.xml,https://jcrt.org/sitemaps/archive/16.3/osserman.xml
phelps.xml,https://jcrt.org/sitemaps/archive/16.3/phelps.xml
raschke.xml,https://jcrt.org/sitemaps/archive/16.3/raschke.xml
weaver.xml,https://jcrt.org/sitemaps/archive/16.3/weaver.xml
beiner.xml,https://jcrt.org/sitemaps/archive/17.1/beiner.xml
bielik.xml,https://jcrt.org/sitemaps/archive/17.1/bielik.xml
caputo.xml,https://jcrt.org/sitemaps/archive/17.1/caputo.xml
dean.xml,https://jcrt.org/sitemaps/archive/17.1/dean.xml
fitzgerald.xml,https://jcrt.org/sitemaps/archive/17.1/fitzgerald.xml
keller.xml,https://jcrt.org/sitemaps/archive/17.1/keller.xml
muraca.xml,https://jcrt.org/sitemaps/archive/17.1/muraca.xml
ogunnaike.xml,https://jcrt.org/sitemaps/archive/17.1/ogunnaike.xml
raschke.xml,https://jcrt.org/sitemaps/archive/17.1/raschke.xml
richard.xml,https://jcrt.org/sitemaps/archive/17.1/richard.xml
taylor.xml,https://jcrt.org/sitemaps/archive/17.1/taylor.xml
Omurchadha.xml,https://jcrt.org/sitemaps/archive/17.2/Omurchadha.xml
alvis.xml,https://jcrt.org/sitemaps/archive/17.2/alvis.xml
bornemark.xml,https://jcrt.org/sitemaps/archive/17.2/bornemark.xml
dewarren.xml,https://jcrt.org/sitemaps/archive/17.2/dewarren.xml
dodd.xml,https://jcrt.org/sitemaps/archive/17.2/dodd.xml
evink.xml,https://jcrt.org/sitemaps/archive/17.2/evink.xml
gschwandtner.xml,https://jcrt.org/sitemaps/archive/17.2/gschwandtner.xml
hagedorn_staudigl.xml,https://jcrt.org/sitemaps/archive/17.2/hagedorn_staudigl.xml
hart.xml,https://jcrt.org/sitemaps/archive/17.2/hart.xml
klun.xml,https://jcrt.org/sitemaps/archive/17.2/klun.xml
leclercq.xml,https://jcrt.org/sitemaps/archive/17.2/leclercq.xml
marion.xml,https://jcrt.org/sitemaps/archive/17.2/marion.xml
mensch.xml,https://jcrt.org/sitemaps/archive/17.2/mensch.xml
prole.xml,https://jcrt.org/sitemaps/archive/17.2/prole.xml
rivera.xml,https://jcrt.org/sitemaps/archive/17.2/rivera.xml
backman.xml,https://jcrt.org/sitemaps/archive/17.3/backman.xml
beddard.xml,https://jcrt.org/sitemaps/archive/17.3/beddard.xml
datar.xml,https://jcrt.org/sitemaps/archive/17.3/datar.xml
davis.xml,https://jcrt.org/sitemaps/archive/17.3/davis.xml
green.xml,https://jcrt.org/sitemaps/archive/17.3/green.xml
kavoulakos.xml,https://jcrt.org/sitemaps/archive/17.3/kavoulakos.xml
lawrence.xml,https://jcrt.org/sitemaps/archive/17.3/lawrence.xml
rhodes.xml,https://jcrt.org/sitemaps/archive/17.3/rhodes.xml
schmidt.xml,https://jcrt.org/sitemaps/archive/17.3/schmidt.xml
soni.xml,https://jcrt.org/sitemaps/archive/17.3/soni.xml
tutt.xml,https://jcrt.org/sitemaps/archive/17.3/tutt.xml
yonker.xml,https://jcrt.org/sitemaps/archive/17.3/yonker.xml
appel.xml,https://jcrt.org/sitemaps/archive/18.1/appel.xml
burke.xml,https://jcrt.org/sitemaps/archive/18.1/burke.xml
burke2.xml,https://jcrt.org/sitemaps/archive/18.1/burke2.xml
cook.xml,https://jcrt.org/sitemaps/archive/18.1/cook.xml
delay.xml,https://jcrt.org/sitemaps/archive/18.1/delay.xml
green.xml,https://jcrt.org/sitemaps/archive/18.1/green.xml
komkov.xml,https://jcrt.org/sitemaps/archive/18.1/komkov.xml
komkov2.xml,https://jcrt.org/sitemaps/archive/18.1/komkov2.xml
koser.xml,https://jcrt.org/sitemaps/archive/18.1/koser.xml
l_land.xml,https://jcrt.org/sitemaps/archive/18.1/l_land.xml
loland1.xml,https://jcrt.org/sitemaps/archive/18.1/loland1.xml
mcandrew.xml,https://jcrt.org/sitemaps/archive/18.1/mcandrew.xml
pederson.xml,https://jcrt.org/sitemaps/archive/18.1/pederson.xml
ramos.xml,https://jcrt.org/sitemaps/archive/18.1/ramos.xml
ramos1.xml,https://jcrt.org/sitemaps/archive/18.1/ramos1.xml
richard.xml,https://jcrt.org/sitemaps/archive/18.1/richard.xml
sharma.xml,https://jcrt.org/sitemaps/archive/18.1/sharma.xml
sharma2.xml,https://jcrt.org/sitemaps/archive/18.1/sharma2.xml
spickard.xml,https://jcrt.org/sitemaps/archive/18.1/spickard.xml
spickard2.xml,https://jcrt.org/sitemaps/archive/18.1/spickard2.xml
Konigsburg.xml,https://jcrt.org/sitemaps/archive/18.2/Konigsburg.xml
deroo.xml,https://jcrt.org/sitemaps/archive/18.2/deroo.xml
fishley.xml,https://jcrt.org/sitemaps/archive/18.2/fishley.xml
giardino.xml,https://jcrt.org/sitemaps/archive/18.2/giardino.xml
graham.xml,https://jcrt.org/sitemaps/archive/18.2/graham.xml
green.xml,https://jcrt.org/sitemaps/archive/18.2/green.xml
guerriero.xml,https://jcrt.org/sitemaps/archive/18.2/guerriero.xml
harrison.xml,https://jcrt.org/sitemaps/archive/18.2/harrison.xml
hovorun.xml,https://jcrt.org/sitemaps/archive/18.2/hovorun.xml
lewis.xml,https://jcrt.org/sitemaps/archive/18.2/lewis.xml
mcavan.xml,https://jcrt.org/sitemaps/archive/18.2/mcavan.xml
oliver.xml,https://jcrt.org/sitemaps/archive/18.2/oliver.xml
pessin.xml,https://jcrt.org/sitemaps/archive/18.2/pessin.xml
prewitt-davis.xml,https://jcrt.org/sitemaps/archive/18.2/prewitt-davis.xml
samuel.xml,https://jcrt.org/sitemaps/archive/18.2/samuel.xml
stanton.xml,https://jcrt.org/sitemaps/archive/18.2/stanton.xml
trozzo.xml,https://jcrt.org/sitemaps/archive/18.2/trozzo.xml
vaino.xml,https://jcrt.org/sitemaps/archive/18.2/vaino.xml
burley.xml,https://jcrt.org/sitemaps/archive/18.3/burley.xml
cisney.xml,https://jcrt.org/sitemaps/archive/18.3/cisney.xml
deibl.xml,https://jcrt.org/sitemaps/archive/18.3/deibl.xml
goggin.xml,https://jcrt.org/sitemaps/archive/18.3/goggin.xml
haynes.xml,https://jcrt.org/sitemaps/archive/18.3/haynes.xml
jones.xml,https://jcrt.org/sitemaps/archive/18.3/jones.xml
mccracken.xml,https://jcrt.org/sitemaps/archive/18.3/mccracken.xml
murphy.xml,https://jcrt.org/sitemaps/archive/18.3/murphy.xml
onishi.xml,https://jcrt.org/sitemaps/archive/18.3/onishi.xml
roberts.xml,https://jcrt.org/sitemaps/archive/18.3/roberts.xml
roberts_hayden.xml,https://jcrt.org/sitemaps/archive/18.3/roberts_hayden.xml
robertsandhayden.xml,https://jcrt.org/sitemaps/archive/18.3/robertsandhayden.xml
rubenstein.xml,https://jcrt.org/sitemaps/archive/18.3/rubenstein.xml
ruetenik.xml,https://jcrt.org/sitemaps/archive/18.3/ruetenik.xml
tarleton.xml,https://jcrt.org/sitemaps/archive/18.3/tarleton.xml
casey.xml,https://jcrt.org/sitemaps/archive/19.1/casey.xml
cobb.xml,https://jcrt.org/sitemaps/archive/19.1/cobb.xml
dise.xml,https://jcrt.org/sitemaps/archive/19.1/dise.xml
feld.xml,https://jcrt.org/sitemaps/archive/19.1/feld.xml
franke.xml,https://jcrt.org/sitemaps/archive/19.1/franke.xml
hart.xml,https://jcrt.org/sitemaps/archive/19.1/hart.xml
hass.xml,https://jcrt.org/sitemaps/archive/19.1/hass.xml
jennings.xml,https://jcrt.org/sitemaps/archive/19.1/jennings.xml
mccullough.xml,https://jcrt.org/sitemaps/archive/19.1/mccullough.xml
quasha.xml,https://jcrt.org/sitemaps/archive/19.1/quasha.xml
raschke.xml,https://jcrt.org/sitemaps/archive/19.1/raschke.xml
redell.xml,https://jcrt.org/sitemaps/archive/19.1/redell.xml
rubenstein.xml,https://jcrt.org/sitemaps/archive/19.1/rubenstein.xml
schroeder.xml,https://jcrt.org/sitemaps/archive/19.1/schroeder.xml
taylor.xml,https://jcrt.org/sitemaps/archive/19.1/taylor.xml
wolfson.xml,https://jcrt.org/sitemaps/archive/19.1/wolfson.xml
green.xml,https://jcrt.org/sitemaps/archive/19.2/green.xml
hackett.xml,https://jcrt.org/sitemaps/archive/19.2/hackett.xml
hurley.xml,https://jcrt.org/sitemaps/archive/19.2/hurley.xml
hyman.xml,https://jcrt.org/sitemaps/archive/19.2/hyman.xml
maltby.xml,https://jcrt.org/sitemaps/archive/19.2/maltby.xml
marion.xml,https://jcrt.org/sitemaps/archive/19.2/marion.xml
mcavan.xml,https://jcrt.org/sitemaps/archive/19.2/mcavan.xml
molla.xml,https://jcrt.org/sitemaps/archive/19.2/molla.xml
murphy.xml,https://jcrt.org/sitemaps/archive/19.2/murphy.xml
rosen.xml,https://jcrt.org/sitemaps/archive/19.2/rosen.xml
tinker.xml,https://jcrt.org/sitemaps/archive/19.2/tinker.xml
1-britt.xml,https://jcrt.org/sitemaps/archive/19.3/1-britt.xml
2-almog.xml,https://jcrt.org/sitemaps/archive/19.3/2-almog.xml
3-britt.xml,https://jcrt.org/sitemaps/archive/19.3/3-britt.xml
4-green.xml,https://jcrt.org/sitemaps/archive/19.3/4-green.xml
5-leibovic.xml,https://jcrt.org/sitemaps/archive/19.3/5-leibovic.xml
6-rotlevy.xml,https://jcrt.org/sitemaps/archive/19.3/6-rotlevy.xml
7-salzani.xml,https://jcrt.org/sitemaps/archive/19.3/7-salzani.xml
8-weidner.xml,https://jcrt.org/sitemaps/archive/19.3/8-weidner.xml
lebovic.xml,https://jcrt.org/sitemaps/archive/19.3/lebovic.xml
ball.xml,https://jcrt.org/sitemaps/archive/20.1/ball.xml
bedford.xml,https://jcrt.org/sitemaps/archive/20.1/bedford.xml
conroy.xml,https://jcrt.org/sitemaps/archive/20.1/conroy.xml
lacey.xml,https://jcrt.org/sitemaps/archive/20.1/lacey.xml
maeshiro.xml,https://jcrt.org/sitemaps/archive/20.1/maeshiro.xml
mcmaken.xml,https://jcrt.org/sitemaps/archive/20.1/mcmaken.xml
reiser.xml,https://jcrt.org/sitemaps/archive/20.1/reiser.xml
urquidez.xml,https://jcrt.org/sitemaps/archive/20.1/urquidez.xml
willis.xml,https://jcrt.org/sitemaps/archive/20.1/willis.xml
praise.xml,https://jcrt.org/sitemaps/archive/20.2/praise.xml
boulting.xml,https://jcrt.org/sitemaps/archive/20.3/boulting.xml
cuda.xml,https://jcrt.org/sitemaps/archive/20.3/cuda.xml
decoloniality.xml,https://jcrt.org/sitemaps/archive/20.3/decoloniality.xml
felese.xml,https://jcrt.org/sitemaps/archive/20.3/felese.xml
holdier.xml,https://jcrt.org/sitemaps/archive/20.3/holdier.xml
kline.xml,https://jcrt.org/sitemaps/archive/20.3/kline.xml
klug.xml,https://jcrt.org/sitemaps/archive/20.3/klug.xml
walsh_mignolo_herrero_tinker.xml,https://jcrt.org/sitemaps/archive/20.3/walsh_mignolo_herrero_tinker.xml
bakker.xml,https://jcrt.org/sitemaps/archive/21.1/bakker.xml
boulting.xml,https://jcrt.org/sitemaps/archive/21.1/boulting.xml
burkette.xml,https://jcrt.org/sitemaps/archive/21.1/burkette.xml
marinho.xml,https://jcrt.org/sitemaps/archive/21.1/marinho.xml
raubach.xml,https://jcrt.org/sitemaps/archive/21.1/raubach.xml
sirota.xml,https://jcrt.org/sitemaps/archive/21.1/sirota.xml
skof.xml,https://jcrt.org/sitemaps/archive/21.1/skof.xml
afridi.xml,https://jcrt.org/sitemaps/archive/21.2/afridi.xml
arnold.xml,https://jcrt.org/sitemaps/archive/21.2/arnold.xml
macdonald.xml,https://jcrt.org/sitemaps/archive/21.2/macdonald.xml
molla.xml,https://jcrt.org/sitemaps/archive/21.2/molla.xml
taylor.xml,https://jcrt.org/sitemaps/archive/21.2/taylor.xml
walker.xml,https://jcrt.org/sitemaps/archive/21.2/walker.xml
wood.xml,https://jcrt.org/sitemaps/archive/21.2/wood.xml
bielik_robson.xml,https://jcrt.org/sitemaps/archive/21.3/bielik_robson.xml
bradley.xml,https://jcrt.org/sitemaps/archive/21.3/bradley.xml
bradley0.xml,https://jcrt.org/sitemaps/archive/21.3/bradley0.xml
bradley1.xml,https://jcrt.org/sitemaps/archive/21.3/bradley1.xml
bradley2.xml,https://jcrt.org/sitemaps/archive/21.3/bradley2.xml
bradley3.xml,https://jcrt.org/sitemaps/archive/21.3/bradley3.xml
bradley4.xml,https://jcrt.org/sitemaps/archive/21.3/bradley4.xml
bradley5.xml,https://jcrt.org/sitemaps/archive/21.3/bradley5.xml
bradley6.xml,https://jcrt.org/sitemaps/archive/21.3/bradley6.xml
bradley7.xml,https://jcrt.org/sitemaps/archive/21.3/bradley7.xml
bradley8.xml,https://jcrt.org/sitemaps/archive/21.3/bradley8.xml
bradley_2.xml,https://jcrt.org/sitemaps/archive/21.3/bradley_2.xml
bradley_3.xml,https://jcrt.org/sitemaps/archive/21.3/bradley_3.xml
gildea.xml,https://jcrt.org/sitemaps/archive/21.3/gildea.xml
johnston.xml,https://jcrt.org/sitemaps/archive/21.3/johnston.xml
meganck.xml,https://jcrt.org/sitemaps/archive/21.3/meganck.xml
nedoh.xml,https://jcrt.org/sitemaps/archive/21.3/nedoh.xml
raschke.xml,https://jcrt.org/sitemaps/archive/21.3/raschke.xml
simon.xml,https://jcrt.org/sitemaps/archive/21.3/simon.xml
auer.xml,https://jcrt.org/sitemaps/archive/22.1/auer.xml
edlinger.xml,https://jcrt.org/sitemaps/archive/22.1/edlinger.xml
gaetano.xml,https://jcrt.org/sitemaps/archive/22.1/gaetano.xml
grane.xml,https://jcrt.org/sitemaps/archive/22.1/grane.xml
hujing.xml,https://jcrt.org/sitemaps/archive/22.1/hujing.xml
magnasco.xml,https://jcrt.org/sitemaps/archive/22.1/magnasco.xml
patry.xml,https://jcrt.org/sitemaps/archive/22.1/patry.xml
quell.xml,https://jcrt.org/sitemaps/archive/22.1/quell.xml
sedmak.xml,https://jcrt.org/sitemaps/archive/22.1/sedmak.xml
westin_sedmak.xml,https://jcrt.org/sitemaps/archive/22.1/westin_sedmak.xml
wurts.xml,https://jcrt.org/sitemaps/archive/22.1/wurts.xml
byng.xml,https://jcrt.org/sitemaps/archive/22.2/byng.xml
dubus.xml,https://jcrt.org/sitemaps/archive/22.2/dubus.xml
hall.xml,https://jcrt.org/sitemaps/archive/22.2/hall.xml
howes.xml,https://jcrt.org/sitemaps/archive/22.2/howes.xml
keller_raschke.xml,https://jcrt.org/sitemaps/archive/22.2/keller_raschke.xml
raschke.xml,https://jcrt.org/sitemaps/archive/22.2/raschke.xml
singh.xml,https://jcrt.org/sitemaps/archive/22.2/singh.xml
durante.xml,https://jcrt.org/sitemaps/archive/23.1/durante.xml
grane.xml,https://jcrt.org/sitemaps/archive/23.1/grane.xml
hujing.xml,https://jcrt.org/sitemaps/archive/23.1/hujing.xml
johnson.xml,https://jcrt.org/sitemaps/archive/23.1/johnson.xml
kaur.xml,https://jcrt.org/sitemaps/archive/23.1/kaur.xml
massaro.xml,https://jcrt.org/sitemaps/archive/23.1/massaro.xml
mather.xml,https://jcrt.org/sitemaps/archive/23.1/mather.xml
mckanan.xml,https://jcrt.org/sitemaps/archive/23.1/mckanan.xml
monson.xml,https://jcrt.org/sitemaps/archive/23.1/monson.xml
pope.xml,https://jcrt.org/sitemaps/archive/23.1/pope.xml
prewitt_davis.xml,https://jcrt.org/sitemaps/archive/23.1/prewitt_davis.xml
arnold.xml,https://jcrt.org/sitemaps/archive/23.2/arnold.xml
marks.xml,https://jcrt.org/sitemaps/archive/23.2/marks.xml
porter.xml,https://jcrt.org/sitemaps/archive/23.2/porter.xml
raschke.xml,https://jcrt.org/sitemaps/archive/23.2/raschke.xml
sendag.xml,https://jcrt.org/sitemaps/archive/23.2/sendag.xml
daga.xml,https://jcrt.org/sitemaps/archive/24.1/daga.xml
durante.xml,https://jcrt.org/sitemaps/archive/24.1/durante.xml
godazgar.xml,https://jcrt.org/sitemaps/archive/24.1/godazgar.xml
grammenou.xml,https://jcrt.org/sitemaps/archive/24.1/grammenou.xml
grane.xml,https://jcrt.org/sitemaps/archive/24.1/grane.xml
harwood.xml,https://jcrt.org/sitemaps/archive/24.1/harwood.xml
phelps.xml,https://jcrt.org/sitemaps/archive/24.1/phelps.xml
ruan.xml,https://jcrt.org/sitemaps/archive/24.1/ruan.xml
silverstein.xml,https://jcrt.org/sitemaps/archive/24.1/silverstein.xml
alencar.xml,https://jcrt.org/sitemaps/archive/24.2/alencar.xml
barry.xml,https://jcrt.org/sitemaps/archive/24.2/barry.xml
berlin.xml,https://jcrt.org/sitemaps/archive/24.2/berlin.xml
callan.xml,https://jcrt.org/sitemaps/archive/24.2/callan.xml
chaness.xml,https://jcrt.org/sitemaps/archive/24.2/chaness.xml
felese.xml,https://jcrt.org/sitemaps/archive/24.2/felese.xml
hurtado.xml,https://jcrt.org/sitemaps/archive/24.2/hurtado.xml
introduction.xml,https://jcrt.org/sitemaps/archive/24.2/introduction.xml
jimenez.xml,https://jcrt.org/sitemaps/archive/24.2/jimenez.xml
lakshmi.xml,https://jcrt.org/sitemaps/archive/24.2/lakshmi.xml
modrow.xml,https://jcrt.org/sitemaps/archive/24.2/modrow.xml
nagle.xml,https://jcrt.org/sitemaps/archive/24.2/nagle.xml
nahar.xml,https://jcrt.org/sitemaps/archive/24.2/nahar.xml
preface.xml,https://jcrt.org/sitemaps/archive/24.2/preface.xml
radhakrishnan.xml,https://jcrt.org/sitemaps/archive/24.2/radhakrishnan.xml
somayajula.xml,https://jcrt.org/sitemaps/archive/24.2/somayajula.xml
trinkauskaite.xml,https://jcrt.org/sitemaps/archive/24.2/trinkauskaite.xml
wagner.xml,https://jcrt.org/sitemaps/archive/24.2/wagner.xml
conclusion.xml,https://jcrt.org/sitemaps/archive/25.1/conclusion.xml
derrico.xml,https://jcrt.org/sitemaps/archive/25.1/derrico.xml
goudy.xml,https://jcrt.org/sitemaps/archive/25.1/goudy.xml
heath.xml,https://jcrt.org/sitemaps/archive/25.1/heath.xml
miller.xml,https://jcrt.org/sitemaps/archive/25.1/miller.xml
newcomb.xml,https://jcrt.org/sitemaps/archive/25.1/newcomb.xml
postscript.xml,https://jcrt.org/sitemaps/archive/25.1/postscript.xml
rodgers-falk.xml,https://jcrt.org/sitemaps/archive/25.1/rodgers-falk.xml
schwartzberg.xml,https://jcrt.org/sitemaps/archive/25.1/schwartzberg.xml
alikhani.xml,https://jcrt.org/sitemaps/archive/25.2/alikhani.xml
bell.xml,https://jcrt.org/sitemaps/archive/25.2/bell.xml
cheung.xml,https://jcrt.org/sitemaps/archive/25.2/cheung.xml
gilbert.xml,https://jcrt.org/sitemaps/archive/25.2/gilbert.xml
hall.xml,https://jcrt.org/sitemaps/archive/25.2/hall.xml
lockhart.xml,https://jcrt.org/sitemaps/archive/25.2/lockhart.xml
raschke.xml,https://jcrt.org/sitemaps/archive/25.2/raschke.xml
shane.xml,https://jcrt.org/sitemaps/archive/25.2/shane.xml
spencer.xml,https://jcrt.org/sitemaps/archive/25.2/spencer.xml
valentini.xml,https://jcrt.org/sitemaps/archive/25.2/valentini.xml
csl-json-sitemap.xml,https://jcrt.org/sitemaps/citations/csl-json-sitemap.xml
ris-sitemap.xml,https://jcrt.org/sitemaps/citations/ris-sitemap.xml
datacite.xml,https://jcrt.org/sitemaps/datacite.xml
doaj-archives.xml,https://jcrt.org/sitemaps/doaj-archives.xml
jats-sitemap.xml,https://jcrt.org/sitemaps/jats-sitemap.xml
keywords-sitemap.xml,https://jcrt.org/sitemaps/keywords/keywords-sitemap.xml
oai_dc.xml,https://jcrt.org/sitemaps/oai_dc.xml
sitemap.xml,https://jcrt.org/sitemaps/sitemap.xml
submissions,https://jcrt.org/submissions/
subscribe,https://jcrt.org/subscribe/
tags-sitemap.xml,https://jcrt.org/tags-sitemap.xml
tags,https://jcrt.org/tags/
2008-election,https://jcrt.org/tags/2008-election/
2011-egyptian-revolution,https://jcrt.org/tags/2011-egyptian-revolution/
abnegation,https://jcrt.org/tags/abnegation/
abortion,https://jcrt.org/tags/abortion/
abrahamic,https://jcrt.org/tags/abrahamic/
absence,https://jcrt.org/tags/absence/
abstinence,https://jcrt.org/tags/abstinence/
academic,https://jcrt.org/tags/academic/
accumulation,https://jcrt.org/tags/accumulation/
action,https://jcrt.org/tags/action/
administration,https://jcrt.org/tags/administration/
aesthetic,https://jcrt.org/tags/aesthetic/
aesthetics,https://jcrt.org/tags/aesthetics/
affective,https://jcrt.org/tags/affective/
agamben,https://jcrt.org/tags/agamben/
agata-bielik-robson,https://jcrt.org/tags/agata-bielik-robson/
agricultural,https://jcrt.org/tags/agricultural/
alain-badiou,https://jcrt.org/tags/alain-badiou/
alternative,https://jcrt.org/tags/alternative/
american-empire,https://jcrt.org/tags/american-empire/
ancient,https://jcrt.org/tags/ancient/
animal,https://jcrt.org/tags/animal/
annual,https://jcrt.org/tags/annual/
anthology,https://jcrt.org/tags/anthology/
anthropology,https://jcrt.org/tags/anthropology/
antisemitism,https://jcrt.org/tags/antisemitism/
apophatics,https://jcrt.org/tags/apophatics/
aporetic,https://jcrt.org/tags/aporetic/
argument,https://jcrt.org/tags/argument/
asceticism,https://jcrt.org/tags/asceticism/
ascription,https://jcrt.org/tags/ascription/
atheism,https://jcrt.org/tags/atheism/
atonement,https://jcrt.org/tags/atonement/
authenticity,https://jcrt.org/tags/authenticity/
authority,https://jcrt.org/tags/authority/
balance,https://jcrt.org/tags/balance/
baptism,https://jcrt.org/tags/baptism/
barack-obama,https://jcrt.org/tags/barack-obama/
berlant,https://jcrt.org/tags/berlant/
bernie-madoff,https://jcrt.org/tags/bernie-madoff/
biblical,https://jcrt.org/tags/biblical/
binary,https://jcrt.org/tags/binary/
bioethical,https://jcrt.org/tags/bioethical/
biological,https://jcrt.org/tags/biological/
biopolitical,https://jcrt.org/tags/biopolitical/
biopolitics,https://jcrt.org/tags/biopolitics/
black,https://jcrt.org/tags/black/
blackness,https://jcrt.org/tags/blackness/
blogging,https://jcrt.org/tags/blogging/
buddhism,https://jcrt.org/tags/buddhism/
business,https://jcrt.org/tags/business/
cairo-speech,https://jcrt.org/tags/cairo-speech/
call-for-papers,https://jcrt.org/tags/call-for-papers/
call-for-submissions,https://jcrt.org/tags/call-for-submissions/
capital,https://jcrt.org/tags/capital/
capitalism,https://jcrt.org/tags/capitalism/
cardinal,https://jcrt.org/tags/cardinal/
cat,https://jcrt.org/tags/cat/
category,https://jcrt.org/tags/category/
catholic,https://jcrt.org/tags/catholic/
catholicism,https://jcrt.org/tags/catholicism/
characteristics,https://jcrt.org/tags/characteristics/
charismatic,https://jcrt.org/tags/charismatic/
charity,https://jcrt.org/tags/charity/
christianity,https://jcrt.org/tags/christianity/
christological,https://jcrt.org/tags/christological/
christology,https://jcrt.org/tags/christology/
church-and-state,https://jcrt.org/tags/church-and-state/
citizenship,https://jcrt.org/tags/citizenship/
city,https://jcrt.org/tags/city/
classical,https://jcrt.org/tags/classical/
clayton-crockett,https://jcrt.org/tags/clayton-crockett/
clinical,https://jcrt.org/tags/clinical/
cognitive-warfare,https://jcrt.org/tags/cognitive-warfare/
cognitive,https://jcrt.org/tags/cognitive/
collection,https://jcrt.org/tags/collection/
collective,https://jcrt.org/tags/collective/
colonial,https://jcrt.org/tags/colonial/
colonialism,https://jcrt.org/tags/colonialism/
coloniality,https://jcrt.org/tags/coloniality/
colonization,https://jcrt.org/tags/colonization/
commentary,https://jcrt.org/tags/commentary/
communal,https://jcrt.org/tags/communal/
communism,https://jcrt.org/tags/communism/
community,https://jcrt.org/tags/community/
comparative,https://jcrt.org/tags/comparative/
component,https://jcrt.org/tags/component/
composition,https://jcrt.org/tags/composition/
conception-of-reality,https://jcrt.org/tags/conception-of-reality/
conception,https://jcrt.org/tags/conception/
condition,https://jcrt.org/tags/condition/
conference,https://jcrt.org/tags/conference/
confession,https://jcrt.org/tags/confession/
confrontation,https://jcrt.org/tags/confrontation/
consciousness,https://jcrt.org/tags/consciousness/
constitutional,https://jcrt.org/tags/constitutional/
constructive-theology,https://jcrt.org/tags/constructive-theology/
consumerism,https://jcrt.org/tags/consumerism/
consumption,https://jcrt.org/tags/consumption/
contemplation,https://jcrt.org/tags/contemplation/
contemplative,https://jcrt.org/tags/contemplative/
contemporary,https://jcrt.org/tags/contemporary/
contextualism,https://jcrt.org/tags/contextualism/
continental-theology,https://jcrt.org/tags/continental-theology/
continental,https://jcrt.org/tags/continental/
contribution,https://jcrt.org/tags/contribution/
conversation,https://jcrt.org/tags/conversation/
conversion,https://jcrt.org/tags/conversion/
corporate-failure,https://jcrt.org/tags/corporate-failure/
corporate-university,https://jcrt.org/tags/corporate-university/
corporation,https://jcrt.org/tags/corporation/
correlation,https://jcrt.org/tags/correlation/
cosmic,https://jcrt.org/tags/cosmic/
counterinsurgency,https://jcrt.org/tags/counterinsurgency/
creation,https://jcrt.org/tags/creation/
crisis,https://jcrt.org/tags/crisis/
critical,https://jcrt.org/tags/critical/
critique,https://jcrt.org/tags/critique/
cultural-theory,https://jcrt.org/tags/cultural-theory/
cultural,https://jcrt.org/tags/cultural/
dance,https://jcrt.org/tags/dance/
darkness,https://jcrt.org/tags/darkness/
debt,https://jcrt.org/tags/debt/
decision,https://jcrt.org/tags/decision/
declaration,https://jcrt.org/tags/declaration/
decolonial,https://jcrt.org/tags/decolonial/
decoloniality,https://jcrt.org/tags/decoloniality/
decolonization,https://jcrt.org/tags/decolonization/
deconstruction,https://jcrt.org/tags/deconstruction/
definition,https://jcrt.org/tags/definition/
deity,https://jcrt.org/tags/deity/
democracy,https://jcrt.org/tags/democracy/
democratic,https://jcrt.org/tags/democratic/
demonic,https://jcrt.org/tags/demonic/
denial,https://jcrt.org/tags/denial/
desecularization,https://jcrt.org/tags/desecularization/
desublimation,https://jcrt.org/tags/desublimation/
development,https://jcrt.org/tags/development/
dialectic,https://jcrt.org/tags/dialectic/
dialectical,https://jcrt.org/tags/dialectical/
dialectics,https://jcrt.org/tags/dialectics/
dietary,https://jcrt.org/tags/dietary/
difference,https://jcrt.org/tags/difference/
different,https://jcrt.org/tags/different/
digital,https://jcrt.org/tags/digital/
dignity,https://jcrt.org/tags/dignity/
dimension,https://jcrt.org/tags/dimension/
direction,https://jcrt.org/tags/direction/
dis-enclosure,https://jcrt.org/tags/dis-enclosure/
disability,https://jcrt.org/tags/disability/
discourse,https://jcrt.org/tags/discourse/
discussion,https://jcrt.org/tags/discussion/
disintegration,https://jcrt.org/tags/disintegration/
distinction,https://jcrt.org/tags/distinction/
domination,https://jcrt.org/tags/domination/
ecological,https://jcrt.org/tags/ecological/
ecology,https://jcrt.org/tags/ecology/
economic,https://jcrt.org/tags/economic/
economy,https://jcrt.org/tags/economy/
edition,https://jcrt.org/tags/edition/
editorial,https://jcrt.org/tags/editorial/
education,https://jcrt.org/tags/education/
educational,https://jcrt.org/tags/educational/
egocentricity,https://jcrt.org/tags/egocentricity/
electric,https://jcrt.org/tags/electric/
embodiment,https://jcrt.org/tags/embodiment/
emotional,https://jcrt.org/tags/emotional/
empirical,https://jcrt.org/tags/empirical/
enchantment,https://jcrt.org/tags/enchantment/
enigmatic,https://jcrt.org/tags/enigmatic/
enlightenment,https://jcrt.org/tags/enlightenment/
entertainment,https://jcrt.org/tags/entertainment/
environment,https://jcrt.org/tags/environment/
environmental,https://jcrt.org/tags/environmental/
epistemic,https://jcrt.org/tags/epistemic/
epistemology,https://jcrt.org/tags/epistemology/
eric-gans,https://jcrt.org/tags/eric-gans/
ernesto-laclau,https://jcrt.org/tags/ernesto-laclau/
erotic,https://jcrt.org/tags/erotic/
error,https://jcrt.org/tags/error/
eschatological,https://jcrt.org/tags/eschatological/
eschatology,https://jcrt.org/tags/eschatology/
essence,https://jcrt.org/tags/essence/
ethic,https://jcrt.org/tags/ethic/
ethical,https://jcrt.org/tags/ethical/
ethics,https://jcrt.org/tags/ethics/
ethnic,https://jcrt.org/tags/ethnic/
eurocentric,https://jcrt.org/tags/eurocentric/
evangelical,https://jcrt.org/tags/evangelical/
evangelicalism,https://jcrt.org/tags/evangelicalism/
event,https://jcrt.org/tags/event/
evolution,https://jcrt.org/tags/evolution/
exclusion,https://jcrt.org/tags/exclusion/
existence,https://jcrt.org/tags/existence/
existential,https://jcrt.org/tags/existential/
experience,https://jcrt.org/tags/experience/
expulsion,https://jcrt.org/tags/expulsion/
external,https://jcrt.org/tags/external/
fascism,https://jcrt.org/tags/fascism/
feminist-film-theory,https://jcrt.org/tags/feminist-film-theory/
fetishism,https://jcrt.org/tags/fetishism/
fiction,https://jcrt.org/tags/fiction/
film-criticism,https://jcrt.org/tags/film-criticism/
financial-crisis,https://jcrt.org/tags/financial-crisis/
footnotes,https://jcrt.org/tags/footnotes/
forgiveness,https://jcrt.org/tags/forgiveness/
fractal,https://jcrt.org/tags/fractal/
france,https://jcrt.org/tags/france/
friedrich-nietzsche,https://jcrt.org/tags/friedrich-nietzsche/
function,https://jcrt.org/tags/function/
fundamental,https://jcrt.org/tags/fundamental/
futility,https://jcrt.org/tags/futility/
genealogy,https://jcrt.org/tags/genealogy/
general,https://jcrt.org/tags/general/
generative-anthropology,https://jcrt.org/tags/generative-anthropology/
generic,https://jcrt.org/tags/generic/
gertrude-stein,https://jcrt.org/tags/gertrude-stein/
give,https://jcrt.org/tags/give/
givenness,https://jcrt.org/tags/givenness/
global,https://jcrt.org/tags/global/
globalization,https://jcrt.org/tags/globalization/
glory,https://jcrt.org/tags/glory/
gothic,https://jcrt.org/tags/gothic/
government,https://jcrt.org/tags/government/
grammatology,https://jcrt.org/tags/grammatology/
gregory,https://jcrt.org/tags/gregory/
guantanamo-bay,https://jcrt.org/tags/guantanamo-bay/
habit,https://jcrt.org/tags/habit/
happiness,https://jcrt.org/tags/happiness/
hasidic,https://jcrt.org/tags/hasidic/
hasidism,https://jcrt.org/tags/hasidism/
hegel,https://jcrt.org/tags/hegel/
hegemony,https://jcrt.org/tags/hegemony/
hence,https://jcrt.org/tags/hence/
hermeneutic,https://jcrt.org/tags/hermeneutic/
hierarchical,https://jcrt.org/tags/hierarchical/
higher-education,https://jcrt.org/tags/higher-education/
hinduism,https://jcrt.org/tags/hinduism/
historical-memory,https://jcrt.org/tags/historical-memory/
historical,https://jcrt.org/tags/historical/
historicism,https://jcrt.org/tags/historicism/
history,https://jcrt.org/tags/history/
holiness,https://jcrt.org/tags/holiness/
holistic,https://jcrt.org/tags/holistic/
homonymy,https://jcrt.org/tags/homonymy/
homosexuality,https://jcrt.org/tags/homosexuality/
hope,https://jcrt.org/tags/hope/
horror-film,https://jcrt.org/tags/horror-film/
hospitality,https://jcrt.org/tags/hospitality/
human-rights,https://jcrt.org/tags/human-rights/
humanity,https://jcrt.org/tags/humanity/
hyperreality,https://jcrt.org/tags/hyperreality/
idealism,https://jcrt.org/tags/idealism/
identity-politics,https://jcrt.org/tags/identity-politics/
identity,https://jcrt.org/tags/identity/
imaginary,https://jcrt.org/tags/imaginary/
imagination,https://jcrt.org/tags/imagination/
imaginative,https://jcrt.org/tags/imaginative/
immanence,https://jcrt.org/tags/immanence/
immanent,https://jcrt.org/tags/immanent/
immigrant,https://jcrt.org/tags/immigrant/
immortality,https://jcrt.org/tags/immortality/
imperatives,https://jcrt.org/tags/imperatives/
important,https://jcrt.org/tags/important/
impossibility,https://jcrt.org/tags/impossibility/
impulsion,https://jcrt.org/tags/impulsion/
inauguration,https://jcrt.org/tags/inauguration/
incompleteness,https://jcrt.org/tags/incompleteness/
indicative-sentence,https://jcrt.org/tags/indicative-sentence/
indigenous,https://jcrt.org/tags/indigenous/
individual,https://jcrt.org/tags/individual/
individuation,https://jcrt.org/tags/individuation/
ineffability,https://jcrt.org/tags/ineffability/
influence,https://jcrt.org/tags/influence/
inheritance,https://jcrt.org/tags/inheritance/
innocence,https://jcrt.org/tags/innocence/
insurrection,https://jcrt.org/tags/insurrection/
intellectual,https://jcrt.org/tags/intellectual/
intensification,https://jcrt.org/tags/intensification/
intensity,https://jcrt.org/tags/intensity/
international-law,https://jcrt.org/tags/international-law/
international,https://jcrt.org/tags/international/
interpretation,https://jcrt.org/tags/interpretation/
intuition,https://jcrt.org/tags/intuition/
invocation,https://jcrt.org/tags/invocation/
inwardness,https://jcrt.org/tags/inwardness/
irreverence,https://jcrt.org/tags/irreverence/
islam-and-the-west,https://jcrt.org/tags/islam-and-the-west/
islamic-law,https://jcrt.org/tags/islamic-law/
islamic,https://jcrt.org/tags/islamic/
jacques-derrida,https://jcrt.org/tags/jacques-derrida/
jcrt-live,https://jcrt.org/tags/jcrt-live/
jcrt,https://jcrt.org/tags/jcrt/
jean-baudrillard,https://jcrt.org/tags/jean-baudrillard/
jean-luc-nancy,https://jcrt.org/tags/jean-luc-nancy/
jouissance,https://jcrt.org/tags/jouissance/
journalism,https://jcrt.org/tags/journalism/
judaism,https://jcrt.org/tags/judaism/
judgment,https://jcrt.org/tags/judgment/
justice,https://jcrt.org/tags/justice/
kabbalistic,https://jcrt.org/tags/kabbalistic/
kant,https://jcrt.org/tags/kant/
kenotic,https://jcrt.org/tags/kenotic/
khalid-sheikh-mohammed,https://jcrt.org/tags/khalid-sheikh-mohammed/
labor,https://jcrt.org/tags/labor/
language,https://jcrt.org/tags/language/
legal,https://jcrt.org/tags/legal/
liberal,https://jcrt.org/tags/liberal/
liberalism,https://jcrt.org/tags/liberalism/
liberation,https://jcrt.org/tags/liberation/
linguistics,https://jcrt.org/tags/linguistics/
literary,https://jcrt.org/tags/literary/
local,https://jcrt.org/tags/local/
logic,https://jcrt.org/tags/logic/
logical,https://jcrt.org/tags/logical/
magic,https://jcrt.org/tags/magic/
magical,https://jcrt.org/tags/magical/
majority,https://jcrt.org/tags/majority/
management,https://jcrt.org/tags/management/
marxism,https://jcrt.org/tags/marxism/
materialism,https://jcrt.org/tags/materialism/
materialist,https://jcrt.org/tags/materialist/
materiality,https://jcrt.org/tags/materiality/
mechanism,https://jcrt.org/tags/mechanism/
mediation,https://jcrt.org/tags/mediation/
medical,https://jcrt.org/tags/medical/
medieval,https://jcrt.org/tags/medieval/
mental,https://jcrt.org/tags/mental/
messianism,https://jcrt.org/tags/messianism/
metaphysical,https://jcrt.org/tags/metaphysical/
metaphysics,https://jcrt.org/tags/metaphysics/
migration,https://jcrt.org/tags/migration/
militant-islam,https://jcrt.org/tags/militant-islam/
military,https://jcrt.org/tags/military/
mimetic-desire,https://jcrt.org/tags/mimetic-desire/
mission,https://jcrt.org/tags/mission/
modality,https://jcrt.org/tags/modality/
modernity,https://jcrt.org/tags/modernity/
moment,https://jcrt.org/tags/moment/
monstrosity,https://jcrt.org/tags/monstrosity/
moral,https://jcrt.org/tags/moral/
morality,https://jcrt.org/tags/morality/
mormonism,https://jcrt.org/tags/mormonism/
mortality,https://jcrt.org/tags/mortality/
motion,https://jcrt.org/tags/motion/
movement,https://jcrt.org/tags/movement/
multiculturalism,https://jcrt.org/tags/multiculturalism/
multiplicity,https://jcrt.org/tags/multiplicity/
music,https://jcrt.org/tags/music/
musical,https://jcrt.org/tags/musical/
mystical,https://jcrt.org/tags/mystical/
mysticism,https://jcrt.org/tags/mysticism/
narrative,https://jcrt.org/tags/narrative/
national,https://jcrt.org/tags/national/
nationalism,https://jcrt.org/tags/nationalism/
native,https://jcrt.org/tags/native/
natural,https://jcrt.org/tags/natural/
necessity,https://jcrt.org/tags/necessity/
negation,https://jcrt.org/tags/negation/
negative,https://jcrt.org/tags/negative/
negativity,https://jcrt.org/tags/negativity/
neoliberal,https://jcrt.org/tags/neoliberal/
neoliberalism,https://jcrt.org/tags/neoliberalism/
neurotheological,https://jcrt.org/tags/neurotheological/
neurotheology,https://jcrt.org/tags/neurotheology/
new-issue,https://jcrt.org/tags/new-issue/
new-politics,https://jcrt.org/tags/new-politics/
nihilism,https://jcrt.org/tags/nihilism/
nonproductive,https://jcrt.org/tags/nonproductive/
normative,https://jcrt.org/tags/normative/
notion,https://jcrt.org/tags/notion/
nous,https://jcrt.org/tags/nous/
oceanic,https://jcrt.org/tags/oceanic/
one,https://jcrt.org/tags/one/
ontic,https://jcrt.org/tags/ontic/
ontological,https://jcrt.org/tags/ontological/
ontology,https://jcrt.org/tags/ontology/
operative,https://jcrt.org/tags/operative/
organism,https://jcrt.org/tags/organism/
orientalism,https://jcrt.org/tags/orientalism/
orientation,https://jcrt.org/tags/orientation/
originary-grammar,https://jcrt.org/tags/originary-grammar/
otherness,https://jcrt.org/tags/otherness/
panic,https://jcrt.org/tags/panic/
pastness,https://jcrt.org/tags/pastness/
pathology,https://jcrt.org/tags/pathology/
patient,https://jcrt.org/tags/patient/
pennsylvania,https://jcrt.org/tags/pennsylvania/
pentecostal,https://jcrt.org/tags/pentecostal/
pentecostalism,https://jcrt.org/tags/pentecostalism/
perception,https://jcrt.org/tags/perception/
perceptual,https://jcrt.org/tags/perceptual/
performance,https://jcrt.org/tags/performance/
personal,https://jcrt.org/tags/personal/
personality,https://jcrt.org/tags/personality/
pessimism,https://jcrt.org/tags/pessimism/
phenomenological,https://jcrt.org/tags/phenomenological/
phenomenology,https://jcrt.org/tags/phenomenology/
philosophical,https://jcrt.org/tags/philosophical/
philosophy-of-religion,https://jcrt.org/tags/philosophy-of-religion/
philosophy,https://jcrt.org/tags/philosophy/
plasticity,https://jcrt.org/tags/plasticity/
pluralism,https://jcrt.org/tags/pluralism/
poetic,https://jcrt.org/tags/poetic/
poetics,https://jcrt.org/tags/poetics/
political-aesthetics,https://jcrt.org/tags/political-aesthetics/
political-exchange,https://jcrt.org/tags/political-exchange/
political-irony,https://jcrt.org/tags/political-irony/
political-responsibility,https://jcrt.org/tags/political-responsibility/
political-rhetoric,https://jcrt.org/tags/political-rhetoric/
political-theology,https://jcrt.org/tags/political-theology/
political,https://jcrt.org/tags/political/
politics,https://jcrt.org/tags/politics/
ponzi-scheme,https://jcrt.org/tags/ponzi-scheme/
populism,https://jcrt.org/tags/populism/
porosity,https://jcrt.org/tags/porosity/
position,https://jcrt.org/tags/position/
possibility,https://jcrt.org/tags/possibility/
post-religious,https://jcrt.org/tags/post-religious/
posthumanism,https://jcrt.org/tags/posthumanism/
postmodern-sublime,https://jcrt.org/tags/postmodern-sublime/
postmodernism,https://jcrt.org/tags/postmodernism/
potentiality,https://jcrt.org/tags/potentiality/
pragmatism,https://jcrt.org/tags/pragmatism/
praxis,https://jcrt.org/tags/praxis/
preemption,https://jcrt.org/tags/preemption/
presence,https://jcrt.org/tags/presence/
present,https://jcrt.org/tags/present/
primary,https://jcrt.org/tags/primary/
productive,https://jcrt.org/tags/productive/
progressive,https://jcrt.org/tags/progressive/
propositional,https://jcrt.org/tags/propositional/
psychedelic,https://jcrt.org/tags/psychedelic/
psychoanalysis,https://jcrt.org/tags/psychoanalysis/
psychological,https://jcrt.org/tags/psychological/
public,https://jcrt.org/tags/public/
punishment,https://jcrt.org/tags/punishment/
puritanism,https://jcrt.org/tags/puritanism/
question,https://jcrt.org/tags/question/
rabbinic,https://jcrt.org/tags/rabbinic/
racial,https://jcrt.org/tags/racial/
racism,https://jcrt.org/tags/racism/
radical,https://jcrt.org/tags/radical/
rational,https://jcrt.org/tags/rational/
real,https://jcrt.org/tags/real/
reality,https://jcrt.org/tags/reality/
reciprocity,https://jcrt.org/tags/reciprocity/
recollection,https://jcrt.org/tags/recollection/
redemption,https://jcrt.org/tags/redemption/
reflexive,https://jcrt.org/tags/reflexive/
reification,https://jcrt.org/tags/reification/
relation,https://jcrt.org/tags/relation/
relationship,https://jcrt.org/tags/relationship/
relativism,https://jcrt.org/tags/relativism/
religion-and-politics,https://jcrt.org/tags/religion-and-politics/
religion-politics,https://jcrt.org/tags/religion-politics/
religion-without-religion,https://jcrt.org/tags/religion-without-religion/
religion,https://jcrt.org/tags/religion/
religious-theory,https://jcrt.org/tags/religious-theory/
religious,https://jcrt.org/tags/religious/
religioustheory,https://jcrt.org/tags/religioustheory/
reluctant,https://jcrt.org/tags/reluctant/
renaissance,https://jcrt.org/tags/renaissance/
rene-girard,https://jcrt.org/tags/rene-girard/
reorientation,https://jcrt.org/tags/reorientation/
repetition,https://jcrt.org/tags/repetition/
representation,https://jcrt.org/tags/representation/
repression,https://jcrt.org/tags/repression/
republic,https://jcrt.org/tags/republic/
resistance,https://jcrt.org/tags/resistance/
responsibility,https://jcrt.org/tags/responsibility/
resurrection,https://jcrt.org/tags/resurrection/
revelation,https://jcrt.org/tags/revelation/
reversal,https://jcrt.org/tags/reversal/
review,https://jcrt.org/tags/review/
revival,https://jcrt.org/tags/revival/
revolutionary,https://jcrt.org/tags/revolutionary/
rhetoric,https://jcrt.org/tags/rhetoric/
rhetorical,https://jcrt.org/tags/rhetorical/
ritual,https://jcrt.org/tags/ritual/
romantic,https://jcrt.org/tags/romantic/
sacrament,https://jcrt.org/tags/sacrament/
salvation,https://jcrt.org/tags/salvation/
sanctity,https://jcrt.org/tags/sanctity/
sanctuary,https://jcrt.org/tags/sanctuary/
saryal,https://jcrt.org/tags/saryal/
satanic,https://jcrt.org/tags/satanic/
satanism,https://jcrt.org/tags/satanism/
scholarship,https://jcrt.org/tags/scholarship/
science,https://jcrt.org/tags/science/
scriptural,https://jcrt.org/tags/scriptural/
secular,https://jcrt.org/tags/secular/
secularism,https://jcrt.org/tags/secularism/
secularization,https://jcrt.org/tags/secularization/
segal,https://jcrt.org/tags/segal/
semiology,https://jcrt.org/tags/semiology/
semiotics,https://jcrt.org/tags/semiotics/
sentence-forms,https://jcrt.org/tags/sentence-forms/
sexual,https://jcrt.org/tags/sexual/
sexuality,https://jcrt.org/tags/sexuality/
significance,https://jcrt.org/tags/significance/
slavoj-zizek,https://jcrt.org/tags/slavoj-zizek/
social,https://jcrt.org/tags/social/
somatics,https://jcrt.org/tags/somatics/
sovereignty,https://jcrt.org/tags/sovereignty/
special,https://jcrt.org/tags/special/
specific,https://jcrt.org/tags/specific/
spectral,https://jcrt.org/tags/spectral/
spectrality,https://jcrt.org/tags/spectrality/
spiritual,https://jcrt.org/tags/spiritual/
spirituality,https://jcrt.org/tags/spirituality/
statement,https://jcrt.org/tags/statement/
story,https://jcrt.org/tags/story/
subalternity,https://jcrt.org/tags/subalternity/
subject,https://jcrt.org/tags/subject/
subjectivity,https://jcrt.org/tags/subjectivity/
submission,https://jcrt.org/tags/submission/
sufism,https://jcrt.org/tags/sufism/
supernatural,https://jcrt.org/tags/supernatural/
superstition,https://jcrt.org/tags/superstition/
supplement,https://jcrt.org/tags/supplement/
surrealism,https://jcrt.org/tags/surrealism/
symbolic,https://jcrt.org/tags/symbolic/
tactics,https://jcrt.org/tags/tactics/
technological,https://jcrt.org/tags/technological/
technology,https://jcrt.org/tags/technology/
territory,https://jcrt.org/tags/territory/
tertiary,https://jcrt.org/tags/tertiary/
textual,https://jcrt.org/tags/textual/
the-descent,https://jcrt.org/tags/the-descent/
theism,https://jcrt.org/tags/theism/
theological,https://jcrt.org/tags/theological/
theology,https://jcrt.org/tags/theology/
theopoetics,https://jcrt.org/tags/theopoetics/
theory,https://jcrt.org/tags/theory/
therapeutic,https://jcrt.org/tags/therapeutic/
tolerance,https://jcrt.org/tags/tolerance/
totality,https://jcrt.org/tags/totality/
tradition,https://jcrt.org/tags/tradition/
traditional,https://jcrt.org/tags/traditional/
transcendence,https://jcrt.org/tags/transcendence/
transcendental,https://jcrt.org/tags/transcendental/
transfiguration,https://jcrt.org/tags/transfiguration/
transnational,https://jcrt.org/tags/transnational/
trauma,https://jcrt.org/tags/trauma/
trial,https://jcrt.org/tags/trial/
trinity,https://jcrt.org/tags/trinity/
twilight,https://jcrt.org/tags/twilight/
two,https://jcrt.org/tags/two/
un-essence,https://jcrt.org/tags/un-essence/
unconditional,https://jcrt.org/tags/unconditional/
unconscious,https://jcrt.org/tags/unconscious/
uncritical,https://jcrt.org/tags/uncritical/
unity,https://jcrt.org/tags/unity/
universal,https://jcrt.org/tags/universal/
universalism,https://jcrt.org/tags/universalism/
updates,https://jcrt.org/tags/updates/
vampire-fiction,https://jcrt.org/tags/vampire-fiction/
vegetal,https://jcrt.org/tags/vegetal/
victory,https://jcrt.org/tags/victory/
violence,https://jcrt.org/tags/violence/
visual,https://jcrt.org/tags/visual/
vocation,https://jcrt.org/tags/vocation/
volume-25,https://jcrt.org/tags/volume-25/
want,https://jcrt.org/tags/want/
weakness,https://jcrt.org/tags/weakness/
wilderness,https://jcrt.org/tags/wilderness/
worship,https://jcrt.org/tags/worship/
youth-politics,https://jcrt.org/tags/youth-politics/
zombie-cinema,https://jcrt.org/tags/zombie-cinema/
